#! /usr/bin/vvp
:ivl_version "12.0 (stable)";
:ivl_delay_selection "TYPICAL";
:vpi_time_precision - 11;
:vpi_module "/usr/lib/x86_64-linux-gnu/ivl/system.vpi";
:vpi_module "/usr/lib/x86_64-linux-gnu/ivl/vhdl_sys.vpi";
:vpi_module "/usr/lib/x86_64-linux-gnu/ivl/vhdl_textio.vpi";
:vpi_module "/usr/lib/x86_64-linux-gnu/ivl/v2005_math.vpi";
:vpi_module "/usr/lib/x86_64-linux-gnu/ivl/va_math.vpi";
:vpi_module "/usr/lib/x86_64-linux-gnu/ivl/v2009.vpi";
S_0x5bf8d82f4b80 .scope package, "$unit" "$unit" 2 1;
 .timescale 0 0;
S_0x5bf8d82f4090 .scope module, "tb_fifo_asynchronous" "tb_fifo_asynchronous" 3 4;
 .timescale -9 -11;
P_0x5bf8d82fa700 .param/l "ADDR_WIDTH" 0 3 98, +C4<00000000000000000000000000000100>;
P_0x5bf8d82fa740 .param/l "DATA_WIDTH" 0 3 98, +C4<00000000000000000000000000001000>;
P_0x5bf8d82fa780 .param/l "MEM_DEPTH" 0 3 98, +C4<00000000000000000000000000010000>;
P_0x5bf8d82fa7c0 .param/l "TICKPERIOD" 1 3 122, +C4<00000000000000000000000000010100>;
L_0x5bf8d8333030 .functor BUFZ 5, v0x5bf8d832c070_0, C4<00000>, C4<00000>, C4<00000>;
L_0x5bf8d8333300 .functor NOT 1, L_0x5bf8d8333190, C4<0>, C4<0>, C4<0>;
L_0x5bf8d8333880 .functor AND 1, v0x5bf8d832be30_0, L_0x5bf8d8333720, C4<1>, C4<1>;
L_0x5bf8d8333940 .functor BUFZ 5, v0x5bf8d832b180_0, C4<00000>, C4<00000>, C4<00000>;
L_0x5bf8d8333810 .functor AND 1, v0x5bf8d832aef0_0, L_0x5bf8d8333c90, C4<1>, C4<1>;
L_0x5bf8d8333fd0 .functor XOR 1, L_0x5bf8d8333dd0, L_0x5bf8d8333f00, C4<0>, C4<0>;
L_0x5bf8d8334420 .functor AND 1, L_0x5bf8d8333fd0, L_0x5bf8d83342e0, C4<1>, C4<1>;
L_0x5bf8d8334680 .functor XOR 1, L_0x5bf8d8334530, L_0x5bf8d8334240, C4<0>, C4<0>;
L_0x5bf8d8334ad0 .functor AND 1, L_0x5bf8d8334680, L_0x5bf8d8334990, C4<1>, C4<1>;
v0x5bf8d8329e40_0 .net "ADDRR", 4 0, v0x5bf8d831dc50_0;  1 drivers
v0x5bf8d8329f20_0 .net "ADDRW", 4 0, v0x5bf8d831dd20_0;  1 drivers
v0x5bf8d8329fc0_0 .net "ADDR_R", 4 0, L_0x5bf8d81911f0;  1 drivers
v0x5bf8d832a0e0_0 .net "ADDR_R_EXPECTED", 4 0, L_0x5bf8d8333940;  1 drivers
v0x5bf8d832a1a0_0 .net "ADDR_W", 4 0, L_0x5bf8d8232c60;  1 drivers
v0x5bf8d832a300_0 .net "ADDR_W_EXPECTED", 4 0, L_0x5bf8d8333030;  1 drivers
v0x5bf8d832a3e0_0 .var "COMMENT", 247 0;
v0x5bf8d832a4c0_0 .var "DATA_IN", 7 0;
v0x5bf8d832a580_0 .net "DATA_IN_SYNC2", 7 0, v0x5bf8d831dec0_0;  1 drivers
v0x5bf8d832a640_0 .net "DATA_OUT", 7 0, v0x5bf8d831d4b0_0;  1 drivers
v0x5bf8d832a6e0_0 .net "DATA_OUT_EXPECTED", 7 0, v0x5bf8d83296f0_0;  1 drivers
v0x5bf8d832a7a0_0 .net "EMPTY", 0 0, L_0x5bf8d8332390;  1 drivers
v0x5bf8d832a890_0 .net "EMPTY_EXPECTED", 0 0, L_0x5bf8d8333ad0;  1 drivers
v0x5bf8d832a930_0 .var "ERRORS", 31 0;
v0x5bf8d832aa10_0 .net "FULL", 0 0, L_0x5bf8d8332050;  1 drivers
v0x5bf8d832ab00_0 .net "FULL_EXPECTED", 0 0, L_0x5bf8d8333630;  1 drivers
v0x5bf8d832abc0_0 .net "NEXTW", 0 0, L_0x5bf8d82ecf30;  1 drivers
v0x5bf8d832ad70_0 .net "NEXT_R", 0 0, L_0x5bf8d8333810;  1 drivers
v0x5bf8d832ae30_0 .net "NEXT_W", 0 0, L_0x5bf8d8333880;  1 drivers
v0x5bf8d832aef0_0 .var "R_EN", 0 0;
v0x5bf8d832af90_0 .var/i "R_FD", 31 0;
v0x5bf8d832b070_0 .net "R_PTR", 4 0, v0x5bf8d831ae80_0;  1 drivers
v0x5bf8d832b180_0 .var "R_PTR_EXPECTED", 4 0;
v0x5bf8d832b260_0 .var "R_PTR_GRAY", 4 0;
v0x5bf8d832b340_0 .net "R_PTR_GRAY_FLOP", 4 0, v0x5bf8d831b040_0;  1 drivers
v0x5bf8d832b400_0 .var "R_PTR_GRAY_FLOP_EXPECTED", 4 0;
v0x5bf8d832b4e0_0 .var "R_PTR_GRAY_SYNC1", 4 0;
v0x5bf8d832b5c0_0 .var "R_PTR_GRAY_SYNC2_EXPECTED", 4 0;
v0x5bf8d832b6a0_0 .net "R_PTR_SYNC2_EXPECTED", 4 0, L_0x5bf8d83330f0;  1 drivers
v0x5bf8d832b780_0 .var "R_RST", 0 0;
v0x5bf8d832b8b0_0 .var "TICK", 0 0;
v0x5bf8d832b970_0 .var "TICK_R", 0 0;
v0x5bf8d832baa0_0 .var "TICK_W", 0 0;
v0x5bf8d832bbd0_0 .var "VECTORCOUNT", 31 0;
v0x5bf8d832bcb0_0 .net "WRAP_R", 0 0, L_0x5bf8d8334ad0;  1 drivers
v0x5bf8d832bd70_0 .net "WRAP_W", 0 0, L_0x5bf8d8334420;  1 drivers
v0x5bf8d832be30_0 .var "W_EN", 0 0;
v0x5bf8d832bed0_0 .var/i "W_FD", 31 0;
v0x5bf8d832bfb0_0 .net "W_PTR", 4 0, v0x5bf8d831c6f0_0;  1 drivers
v0x5bf8d832c070_0 .var "W_PTR_EXPECTED", 4 0;
v0x5bf8d832c150_0 .var "W_PTR_GRAY", 4 0;
v0x5bf8d832c230_0 .net "W_PTR_GRAY_FLOP", 4 0, v0x5bf8d831c8b0_0;  1 drivers
v0x5bf8d832c2f0_0 .var "W_PTR_GRAY_FLOP_EXPECTED", 4 0;
v0x5bf8d832c3d0_0 .var "W_PTR_GRAY_SYNC1", 4 0;
v0x5bf8d832c4b0_0 .var "W_PTR_GRAY_SYNC2_EXPECTED", 4 0;
v0x5bf8d832c590_0 .net "W_PTR_SYNC2_EXPECTED", 4 0, L_0x5bf8d8333a30;  1 drivers
v0x5bf8d832c670_0 .var "W_RST", 0 0;
L_0x7f054f329138 .functor BUFT 1, C4<00>, C4<0>, C4<0>, C4<0>;
v0x5bf8d832c7a0_0 .net *"_ivl_13", 1 0, L_0x7f054f329138;  1 drivers
v0x5bf8d832c880_0 .net *"_ivl_14", 2 0, L_0x5bf8d8332d70;  1 drivers
L_0x7f054f329180 .functor BUFT 1, C4<00>, C4<0>, C4<0>, C4<0>;
v0x5bf8d832c960_0 .net *"_ivl_19", 1 0, L_0x7f054f329180;  1 drivers
v0x5bf8d832ca40_0 .net *"_ivl_25", 0 0, L_0x5bf8d8333190;  1 drivers
v0x5bf8d832cb20_0 .net *"_ivl_26", 0 0, L_0x5bf8d8333300;  1 drivers
v0x5bf8d832cc00_0 .net *"_ivl_29", 3 0, L_0x5bf8d83333c0;  1 drivers
v0x5bf8d832cce0_0 .net *"_ivl_30", 4 0, L_0x5bf8d8333460;  1 drivers
v0x5bf8d832cdc0_0 .net *"_ivl_35", 0 0, L_0x5bf8d8333720;  1 drivers
v0x5bf8d832ce80_0 .net *"_ivl_45", 0 0, L_0x5bf8d8333c90;  1 drivers
v0x5bf8d832cf40_0 .net *"_ivl_49", 0 0, L_0x5bf8d8333dd0;  1 drivers
v0x5bf8d832d020_0 .net *"_ivl_51", 0 0, L_0x5bf8d8333f00;  1 drivers
v0x5bf8d832d100_0 .net *"_ivl_52", 0 0, L_0x5bf8d8333fd0;  1 drivers
v0x5bf8d832d1c0_0 .net *"_ivl_55", 3 0, L_0x5bf8d8334150;  1 drivers
L_0x7f054f3291c8 .functor BUFT 1, C4<1111>, C4<0>, C4<0>, C4<0>;
v0x5bf8d832d2a0_0 .net/2u *"_ivl_56", 3 0, L_0x7f054f3291c8;  1 drivers
v0x5bf8d832d380_0 .net *"_ivl_58", 0 0, L_0x5bf8d83342e0;  1 drivers
v0x5bf8d832d440_0 .net *"_ivl_63", 0 0, L_0x5bf8d8334530;  1 drivers
v0x5bf8d832d520_0 .net *"_ivl_65", 0 0, L_0x5bf8d8334240;  1 drivers
v0x5bf8d832d600_0 .net *"_ivl_66", 0 0, L_0x5bf8d8334680;  1 drivers
v0x5bf8d832dab0_0 .net *"_ivl_69", 3 0, L_0x5bf8d83347e0;  1 drivers
L_0x7f054f329210 .functor BUFT 1, C4<1111>, C4<0>, C4<0>, C4<0>;
v0x5bf8d832db90_0 .net/2u *"_ivl_70", 3 0, L_0x7f054f329210;  1 drivers
v0x5bf8d832dc70_0 .net *"_ivl_72", 0 0, L_0x5bf8d8334990;  1 drivers
v0x5bf8d832dd30_0 .net *"_ivl_8", 2 0, L_0x5bf8d8332ab0;  1 drivers
v0x5bf8d832de10_0 .var/2s "burst_r", 31 0;
v0x5bf8d832def0_0 .var/2s "burst_w", 31 0;
v0x5bf8d832dfd0_0 .var "ch", 7 0;
v0x5bf8d832e0b0_0 .var "eof", 0 0;
v0x5bf8d832e170_0 .var "eof_r_tick_long", 0 0;
v0x5bf8d832e230_0 .var "eof_r_tick_short", 0 0;
v0x5bf8d832e2f0 .array "flag_group_r_all", 3 0, 31 0;
v0x5bf8d832e3b0 .array "flag_group_r_all1", 3 0, 31 0;
v0x5bf8d832e470 .array "flag_group_r_all2", 3 0, 31 0;
v0x5bf8d832e530_0 .var "flag_group_r_all_stress", 31 0;
v0x5bf8d832e610_0 .var "flag_group_r_all_stress1", 31 0;
v0x5bf8d832e6f0_0 .var "flag_group_r_all_stress2", 31 0;
v0x5bf8d832e7d0 .array "flag_group_r_count", 31 0, 31 0;
v0x5bf8d832e890_0 .var "flag_group_r_tick_delay_point_one", 0 0;
v0x5bf8d832e950_0 .var "flag_group_r_tick_short", 0 0;
v0x5bf8d832ea10 .array "flag_group_w_all", 3 0, 31 0;
v0x5bf8d832ead0 .array "flag_group_w_all1", 3 0, 31 0;
v0x5bf8d832eb90 .array "flag_group_w_all2", 3 0, 31 0;
v0x5bf8d832ec50_0 .var "flag_group_w_all_stress", 31 0;
v0x5bf8d832ed30_0 .var "flag_group_w_all_stress1", 31 0;
v0x5bf8d832ee10_0 .var "flag_group_w_all_stress2", 31 0;
v0x5bf8d832eef0 .array "flag_group_w_count", 32 0, 31 0;
v0x5bf8d832efb0_0 .var "flag_group_w_init", 31 0;
v0x5bf8d832f090_0 .var "flag_init", 0 0;
v0x5bf8d832f150_0 .var "flag_one_sided_rst_r", 0 0;
v0x5bf8d832f210_0 .var "flag_one_sided_rst_r1", 0 0;
v0x5bf8d832f2d0_0 .var "flag_one_sided_rst_r2", 0 0;
v0x5bf8d832f390_0 .var "flag_one_sided_rst_w", 0 0;
v0x5bf8d832f450_0 .var "flag_one_sided_rst_w1", 0 0;
v0x5bf8d832f510_0 .var "flag_one_sided_rst_w2", 0 0;
v0x5bf8d832f5d0 .array "flag_rst_r", 32 0, 0 0;
v0x5bf8d832f670_0 .var "flag_rst_r_interrupt", 0 0;
v0x5bf8d832f730_0 .var "flag_rst_r_interrupt1", 0 0;
v0x5bf8d832f7f0_0 .var "flag_rst_r_interrupt2", 0 0;
v0x5bf8d832f8b0 .array "flag_rst_w", 32 0, 0 0;
v0x5bf8d832f950_0 .var "flag_rst_w_interrupt", 0 0;
v0x5bf8d832fa10_0 .var "flag_rst_w_interrupt1", 0 0;
v0x5bf8d832fad0_0 .var "flag_rst_w_interrupt2", 0 0;
v0x5bf8d832fb90 .array "flag_start_stress_r", 2 0, 0 0;
v0x5bf8d832fc30 .array "flag_start_stress_r1", 2 0, 0 0;
v0x5bf8d832fcd0 .array "flag_start_stress_r2", 2 0, 0 0;
v0x5bf8d832fd70_0 .var "flag_stop_r", 0 0;
v0x5bf8d832fe30_0 .var "flag_stop_r1", 0 0;
v0x5bf8d832fef0_0 .var "flag_stop_r2", 0 0;
v0x5bf8d832ffb0_0 .var "flag_stop_w", 0 0;
v0x5bf8d8330070_0 .var "flag_stop_w1", 0 0;
v0x5bf8d8330130_0 .var "flag_stop_w2", 0 0;
v0x5bf8d83301f0 .array "flag_x_prevr", 1 0, 0 0;
v0x5bf8d8330290 .array "flag_x_prevw", 1 0, 0 0;
v0x5bf8d8330330 .array "flag_x_r", 2 0, 0 0;
v0x5bf8d83303d0 .array "flag_x_w", 2 0, 0 0;
v0x5bf8d8330470_0 .var/2s "i", 31 0;
v0x5bf8d8330550_0 .var/2s "mode_r", 31 0;
v0x5bf8d8330630_0 .var/2s "mode_w", 31 0;
v0x5bf8d8330710_0 .var "prev_ADDR_R_EXPECTED", 4 0;
v0x5bf8d83307f0_0 .var "prev_ADDR_W_EXPECTED", 4 0;
v0x5bf8d83308d0_0 .var "prev_state_r", 0 0;
v0x5bf8d8330990_0 .var "prev_state_w", 0 0;
v0x5bf8d8330a50_0 .var "rstsync_en_r", 0 0;
v0x5bf8d8330b10_0 .var "rstsync_en_w", 0 0;
v0x5bf8d83313e0 .array "start_test_r", 31 0, 0 0;
v0x5bf8d8331480 .array "start_test_r1", 31 0, 0 0;
v0x5bf8d8331520 .array "start_test_r2", 31 0, 0 0;
v0x5bf8d83315c0 .array "start_test_w", 31 0, 0 0;
v0x5bf8d8331660 .array "start_test_w1", 31 0, 0 0;
v0x5bf8d8331700 .array "start_test_w2", 31 0, 0 0;
v0x5bf8d83317a0 .array "state_input_coverage_r", 47 0, 31 0;
v0x5bf8d8331860 .array "state_input_coverage_w", 47 0, 31 0;
v0x5bf8d8331920_0 .net "state_input_r", 4 0, L_0x5bf8d8332ed0;  1 drivers
v0x5bf8d8331a00_0 .net "state_input_w", 4 0, L_0x5bf8d8332c70;  1 drivers
v0x5bf8d8331ae0_0 .var "wrap_coverage_r", 31 0;
v0x5bf8d8331bc0_0 .var "wrap_coverage_w", 31 0;
E_0x5bf8d81958f0 .event anyedge, v0x5bf8d832e0b0_0;
E_0x5bf8d8197000 .event anyedge, v0x5bf8d832e890_0;
E_0x5bf8d8195b40 .event anyedge, v0x5bf8d832e950_0;
E_0x5bf8d8197250 .event anyedge, v0x5bf8d832e230_0, v0x5bf8d832e0b0_0, v0x5bf8d831acb0_0, v0x5bf8d832e170_0;
L_0x5bf8d8332850 .part L_0x5bf8d8333030, 0, 4;
L_0x5bf8d8332980 .part L_0x5bf8d8333940, 0, 4;
L_0x5bf8d8332ab0 .concat [ 1 1 1 0], v0x5bf8d832be30_0, v0x5bf8d832c670_0, v0x5bf8d83308d0_0;
L_0x5bf8d8332c70 .concat [ 3 2 0 0], L_0x5bf8d8332ab0, L_0x7f054f329138;
L_0x5bf8d8332d70 .concat [ 1 1 1 0], v0x5bf8d832aef0_0, v0x5bf8d832b780_0, v0x5bf8d8330990_0;
L_0x5bf8d8332ed0 .concat [ 3 2 0 0], L_0x5bf8d8332d70, L_0x7f054f329180;
L_0x5bf8d83330f0 .ufunc/vec4 TD_tb_fifo_asynchronous.ADDR_BINARY, 5, v0x5bf8d832b5c0_0 (v0x5bf8d82ee7b0_0) S_0x5bf8d82f2520;
L_0x5bf8d8333190 .part L_0x5bf8d83330f0, 4, 1;
L_0x5bf8d83333c0 .part L_0x5bf8d83330f0, 0, 4;
L_0x5bf8d8333460 .concat [ 4 1 0 0], L_0x5bf8d83333c0, L_0x5bf8d8333300;
L_0x5bf8d8333630 .cmp/eq 5, v0x5bf8d832c070_0, L_0x5bf8d8333460;
L_0x5bf8d8333720 .reduce/nor L_0x5bf8d8333630;
L_0x5bf8d8333a30 .ufunc/vec4 TD_tb_fifo_asynchronous.ADDR_BINARY, 5, v0x5bf8d832c4b0_0 (v0x5bf8d82ee7b0_0) S_0x5bf8d82f2520;
L_0x5bf8d8333ad0 .cmp/eq 5, v0x5bf8d832b180_0, L_0x5bf8d8333a30;
L_0x5bf8d8333c90 .reduce/nor L_0x5bf8d8333ad0;
L_0x5bf8d8333dd0 .part L_0x5bf8d8333030, 4, 1;
L_0x5bf8d8333f00 .part v0x5bf8d83307f0_0, 4, 1;
L_0x5bf8d8334150 .part v0x5bf8d83307f0_0, 0, 4;
L_0x5bf8d83342e0 .cmp/eq 4, L_0x5bf8d8334150, L_0x7f054f3291c8;
L_0x5bf8d8334530 .part L_0x5bf8d8333940, 4, 1;
L_0x5bf8d8334240 .part v0x5bf8d8330710_0, 4, 1;
L_0x5bf8d83347e0 .part v0x5bf8d8330710_0, 0, 4;
L_0x5bf8d8334990 .cmp/eq 4, L_0x5bf8d83347e0, L_0x7f054f329210;
S_0x5bf8d82f2520 .scope function.vec4.s5, "ADDR_BINARY" "ADDR_BINARY" 3 151, 3 151 0, S_0x5bf8d82f4090;
 .timescale -9 -11;
P_0x5bf8d8188f50 .param/l "ADDR_WIDTH" 0 3 154, +C4<00000000000000000000000000000100>;
; Variable ADDR_BINARY is vec4 return value of scope S_0x5bf8d82f2520
v0x5bf8d82ee7b0_0 .var "ADDR_GRAY", 4 0;
TD_tb_fifo_asynchronous.ADDR_BINARY ;
    %load/vec4 v0x5bf8d82ee7b0_0;
    %parti/s 1, 4, 4;
    %ix/load 4, 4, 0;
    %flag_set/imm 4, 0;
    %ret/vec4 0, 4, 1; Assign to ADDR_BINARY (store_vec4_to_lval)
    %fork t_1, S_0x5bf8d82f29e0;
    %jmp t_0;
    .scope S_0x5bf8d82f29e0;
t_1 ;
    %pushi/vec4 0, 0, 32;
    %store/vec4 v0x5bf8d82ee3a0_0, 0, 32;
T_0.0 ;
    %load/vec4 v0x5bf8d82ee3a0_0;
    %cmpi/s 4, 0, 32;
    %jmp/0xz T_0.1, 5;
    %retload/vec4 0; Load ADDR_BINARY (draw_signal_vec4)
    %pushi/vec4 4, 0, 32;
    %load/vec4 v0x5bf8d82ee3a0_0;
    %sub;
    %part/s 1;
    %load/vec4 v0x5bf8d82ee7b0_0;
    %pushi/vec4 3, 0, 32;
    %load/vec4 v0x5bf8d82ee3a0_0;
    %sub;
    %part/s 1;
    %xor;
    %pushi/vec4 3, 0, 32;
    %load/vec4 v0x5bf8d82ee3a0_0;
    %sub;
    %ix/vec4/s 4;
    %ret/vec4 0, 4, 1; Assign to ADDR_BINARY (store_vec4_to_lval)
    ; show_stmt_assign_vector: Get l-value for compressed += operand
    %load/vec4 v0x5bf8d82ee3a0_0;
    %pushi/vec4 1, 0, 32;
    %add;
    %cast2;
    %store/vec4 v0x5bf8d82ee3a0_0, 0, 32;
    %jmp T_0.0;
T_0.1 ;
    %end;
    .scope S_0x5bf8d82f2520;
t_0 %join;
    %end;
S_0x5bf8d82f29e0 .scope begin, "$ivl_for_loop0" "$ivl_for_loop0" 3 159, 3 159 0, S_0x5bf8d82f2520;
 .timescale -9 -11;
v0x5bf8d82ee3a0_0 .var/2s "i", 31 0;
S_0x5bf8d82f5040 .scope task, "OUT_EXP_R" "OUT_EXP_R" 3 3399, 3 3399 0, S_0x5bf8d82f4090;
 .timescale -9 -11;
TD_tb_fifo_asynchronous.OUT_EXP_R ;
    %load/vec4 v0x5bf8d832b780_0;
    %flag_set/vec4 8;
    %jmp/0xz  T_1.2, 8;
    %pushi/vec4 0, 0, 5;
    %assign/vec4 v0x5bf8d832b180_0, 0;
    %pushi/vec4 0, 0, 5;
    %assign/vec4 v0x5bf8d832b260_0, 0;
    %jmp T_1.3;
T_1.2 ;
    %load/vec4 v0x5bf8d832ad70_0;
    %flag_set/vec4 8;
    %jmp/0xz  T_1.4, 8;
    %load/vec4 v0x5bf8d832b180_0;
    %addi 1, 0, 5;
    %assign/vec4 v0x5bf8d832b180_0, 0;
    %load/vec4 v0x5bf8d832b180_0;
    %pad/u 32;
    %addi 1, 0, 32;
    %load/vec4 v0x5bf8d832b180_0;
    %pad/u 32;
    %addi 1, 0, 32;
    %ix/load 4, 1, 0;
    %flag_set/imm 4, 0;
    %shiftr 4;
    %xor;
    %pad/u 5;
    %assign/vec4 v0x5bf8d832b260_0, 0;
T_1.4 ;
T_1.3 ;
    %end;
S_0x5bf8d83183c0 .scope task, "OUT_EXP_W" "OUT_EXP_W" 3 3383, 3 3383 0, S_0x5bf8d82f4090;
 .timescale -9 -11;
TD_tb_fifo_asynchronous.OUT_EXP_W ;
    %load/vec4 v0x5bf8d832c670_0;
    %flag_set/vec4 8;
    %jmp/0xz  T_2.6, 8;
    %pushi/vec4 0, 0, 5;
    %assign/vec4 v0x5bf8d832c070_0, 0;
    %pushi/vec4 0, 0, 5;
    %assign/vec4 v0x5bf8d832c150_0, 0;
    %jmp T_2.7;
T_2.6 ;
    %load/vec4 v0x5bf8d832ae30_0;
    %flag_set/vec4 8;
    %jmp/0xz  T_2.8, 8;
    %load/vec4 v0x5bf8d832c070_0;
    %addi 1, 0, 5;
    %assign/vec4 v0x5bf8d832c070_0, 0;
    %load/vec4 v0x5bf8d832c070_0;
    %pad/u 32;
    %addi 1, 0, 32;
    %load/vec4 v0x5bf8d832c070_0;
    %pad/u 32;
    %addi 1, 0, 32;
    %ix/load 4, 1, 0;
    %flag_set/imm 4, 0;
    %shiftr 4;
    %xor;
    %pad/u 5;
    %assign/vec4 v0x5bf8d832c150_0, 0;
T_2.8 ;
T_2.7 ;
    %end;
S_0x5bf8d83185a0 .scope task, "close" "close" 3 3417, 3 3417 0, S_0x5bf8d82f4090;
 .timescale -9 -11;
TD_tb_fifo_asynchronous.close ;
    %delay 1000, 0;
    %vpi_call/w 3 3421 "$fclose", v0x5bf8d832bed0_0 {0 0 0};
    %vpi_call/w 3 3422 "$fclose", v0x5bf8d832af90_0 {0 0 0};
    %vpi_call/w 3 3424 "$display" {0 0 0};
    %vpi_call/w 3 3425 "$display", "COVERAGE_REPORT" {0 0 0};
    %vpi_call/w 3 3426 "$display" {0 0 0};
    %vpi_call/w 3 3427 "$display", "In this asynchronous fifo, independent reset for a single clock domain is not supported, but it will also be tested to verify in this situation even though the results will be ineffective, the system will not collapse" {0 0 0};
    %vpi_call/w 3 3428 "$display" {0 0 0};
    %load/vec4 v0x5bf8d8331bc0_0;
    %cmpi/e 0, 0, 32;
    %jmp/0xz  T_3.10, 4;
    %vpi_call/w 3 3433 "$display", "wrap around for write has occured %58d times ***ERROR***", v0x5bf8d8331bc0_0 {0 0 0};
    %load/vec4 v0x5bf8d832a930_0;
    %addi 1, 0, 32;
    %store/vec4 v0x5bf8d832a930_0, 0, 32;
    %jmp T_3.11;
T_3.10 ;
    %vpi_call/w 3 3439 "$display", "wrap around for write has occured %58d times", v0x5bf8d8331bc0_0 {0 0 0};
T_3.11 ;
    %load/vec4 v0x5bf8d8331ae0_0;
    %cmpi/e 0, 0, 32;
    %jmp/0xz  T_3.12, 4;
    %vpi_call/w 3 3443 "$display", "wrap around for read has occured %58d times ***ERROR***", v0x5bf8d8331ae0_0 {0 0 0};
    %load/vec4 v0x5bf8d832a930_0;
    %addi 1, 0, 32;
    %store/vec4 v0x5bf8d832a930_0, 0, 32;
    %jmp T_3.13;
T_3.12 ;
    %vpi_call/w 3 3449 "$display", "wrap around for read has occured %58d times", v0x5bf8d8331ae0_0 {0 0 0};
T_3.13 ;
    %fork t_3, S_0x5bf8d8318780;
    %jmp t_2;
    .scope S_0x5bf8d8318780;
t_3 ;
    %pushi/vec4 0, 0, 32;
    %store/vec4 v0x5bf8d82ee880_0, 0, 32;
T_3.14 ;
    %load/vec4 v0x5bf8d82ee880_0;
    %cmpi/s 8, 0, 32;
    %jmp/0xz T_3.15, 5;
    %ix/getv/s 4, v0x5bf8d82ee880_0;
    %load/vec4a v0x5bf8d8331860, 4;
    %cmpi/e 0, 0, 32;
    %jmp/0xz  T_3.16, 4;
    %vpi_call/w 3 3457 "$display", "previous state FULL = %b, current input W_RST = %b, W_EN = %b has occured %d times ***ERROR***", &PV<v0x5bf8d82ee880_0, 2, 1>, &PV<v0x5bf8d82ee880_0, 1, 1>, &PV<v0x5bf8d82ee880_0, 0, 1>, &A<v0x5bf8d8331860, v0x5bf8d82ee880_0 > {0 0 0};
    %load/vec4 v0x5bf8d832a930_0;
    %addi 1, 0, 32;
    %store/vec4 v0x5bf8d832a930_0, 0, 32;
    %jmp T_3.17;
T_3.16 ;
    %load/vec4 v0x5bf8d82ee880_0;
    %parti/s 2, 0, 2;
    %cmpi/e 2, 0, 2;
    %jmp/0xz  T_3.18, 4;
    %vpi_call/w 3 3464 "$display", "previous state FULL = %b, current input W_RST = %b, W_EN = %b has occured %d times ***identical behavior as while W_RST == 1 and W_EN == 1***", &PV<v0x5bf8d82ee880_0, 2, 1>, &PV<v0x5bf8d82ee880_0, 1, 1>, &PV<v0x5bf8d82ee880_0, 0, 1>, &A<v0x5bf8d8331860, v0x5bf8d82ee880_0 > {0 0 0};
    %jmp T_3.19;
T_3.18 ;
    %load/vec4 v0x5bf8d82ee880_0;
    %parti/s 2, 0, 2;
    %cmpi/e 3, 0, 2;
    %jmp/0xz  T_3.20, 4;
    %vpi_call/w 3 3469 "$display", "previous state FULL = %b, current input W_RST = %b, W_EN = %b has occured %d times ***identical behavior as while W_RST == 1 and W_EN == 0***", &PV<v0x5bf8d82ee880_0, 2, 1>, &PV<v0x5bf8d82ee880_0, 1, 1>, &PV<v0x5bf8d82ee880_0, 0, 1>, &A<v0x5bf8d8331860, v0x5bf8d82ee880_0 > {0 0 0};
    %jmp T_3.21;
T_3.20 ;
    %load/vec4 v0x5bf8d82ee880_0;
    %parti/s 2, 0, 2;
    %cmpi/ne 2, 0, 2;
    %flag_get/vec4 6;
    %jmp/0 T_3.24, 6;
    %load/vec4 v0x5bf8d82ee880_0;
    %parti/s 2, 0, 2;
    %pushi/vec4 3, 0, 2;
    %cmp/ne;
    %flag_get/vec4 6;
    %and;
T_3.24;
    %flag_set/vec4 8;
    %jmp/0xz  T_3.22, 8;
    %vpi_call/w 3 3474 "$display", "previous state FULL = %b, current input W_RST = %b, W_EN = %b has occured %d times ", &PV<v0x5bf8d82ee880_0, 2, 1>, &PV<v0x5bf8d82ee880_0, 1, 1>, &PV<v0x5bf8d82ee880_0, 0, 1>, &A<v0x5bf8d8331860, v0x5bf8d82ee880_0 > {0 0 0};
T_3.22 ;
T_3.21 ;
T_3.19 ;
T_3.17 ;
    ; show_stmt_assign_vector: Get l-value for compressed += operand
    %load/vec4 v0x5bf8d82ee880_0;
    %pushi/vec4 1, 0, 32;
    %add;
    %cast2;
    %store/vec4 v0x5bf8d82ee880_0, 0, 32;
    %jmp T_3.14;
T_3.15 ;
    %end;
    .scope S_0x5bf8d83185a0;
t_2 %join;
    %fork t_5, S_0x5bf8d83189a0;
    %jmp t_4;
    .scope S_0x5bf8d83189a0;
t_5 ;
    %pushi/vec4 0, 0, 32;
    %store/vec4 v0x5bf8d82ec580_0, 0, 32;
T_3.25 ;
    %load/vec4 v0x5bf8d82ec580_0;
    %cmpi/s 8, 0, 32;
    %jmp/0xz T_3.26, 5;
    %ix/getv/s 4, v0x5bf8d82ec580_0;
    %load/vec4a v0x5bf8d83317a0, 4;
    %cmpi/e 0, 0, 32;
    %jmp/0xz  T_3.27, 4;
    %vpi_call/w 3 3485 "$display", "previous state EMPTY = %b, current input R_RST = %b, R_EN = %b has occured %d times ***ERROR***", &PV<v0x5bf8d82ec580_0, 2, 1>, &PV<v0x5bf8d82ec580_0, 1, 1>, &PV<v0x5bf8d82ec580_0, 0, 1>, &A<v0x5bf8d83317a0, v0x5bf8d82ec580_0 > {0 0 0};
    %load/vec4 v0x5bf8d832a930_0;
    %addi 1, 0, 32;
    %store/vec4 v0x5bf8d832a930_0, 0, 32;
    %jmp T_3.28;
T_3.27 ;
    %load/vec4 v0x5bf8d82ec580_0;
    %parti/s 2, 0, 2;
    %cmpi/e 2, 0, 2;
    %jmp/0xz  T_3.29, 4;
    %vpi_call/w 3 3492 "$display", "previous state EMPTY = %b, current input R_RST = %b, R_EN = %b has occured %d times ***identical behavior as while R_RST == 1 and R_EN == 1***", &PV<v0x5bf8d82ec580_0, 2, 1>, &PV<v0x5bf8d82ec580_0, 1, 1>, &PV<v0x5bf8d82ec580_0, 0, 1>, &A<v0x5bf8d83317a0, v0x5bf8d82ec580_0 > {0 0 0};
T_3.29 ;
    %load/vec4 v0x5bf8d82ec580_0;
    %parti/s 2, 0, 2;
    %cmpi/e 3, 0, 2;
    %jmp/0xz  T_3.31, 4;
    %vpi_call/w 3 3497 "$display", "previous state EMPTY = %b, current input R_RST = %b, R_EN = %b has occured %d times ***identical behavior as while R_RST == 1 and R_EN == 0***", &PV<v0x5bf8d82ec580_0, 2, 1>, &PV<v0x5bf8d82ec580_0, 1, 1>, &PV<v0x5bf8d82ec580_0, 0, 1>, &A<v0x5bf8d83317a0, v0x5bf8d82ec580_0 > {0 0 0};
    %jmp T_3.32;
T_3.31 ;
    %load/vec4 v0x5bf8d82ec580_0;
    %parti/s 2, 0, 2;
    %cmpi/ne 2, 0, 2;
    %flag_get/vec4 6;
    %jmp/0 T_3.35, 6;
    %load/vec4 v0x5bf8d82ec580_0;
    %parti/s 2, 0, 2;
    %pushi/vec4 3, 0, 2;
    %cmp/ne;
    %flag_get/vec4 6;
    %and;
T_3.35;
    %flag_set/vec4 8;
    %jmp/0xz  T_3.33, 8;
    %vpi_call/w 3 3501 "$display", "previous state EMPTY = %b, current input R_RST = %b, R_EN = %b has occured %d times ", &PV<v0x5bf8d82ec580_0, 2, 1>, &PV<v0x5bf8d82ec580_0, 1, 1>, &PV<v0x5bf8d82ec580_0, 0, 1>, &A<v0x5bf8d83317a0, v0x5bf8d82ec580_0 > {0 0 0};
T_3.33 ;
T_3.32 ;
T_3.28 ;
    ; show_stmt_assign_vector: Get l-value for compressed += operand
    %load/vec4 v0x5bf8d82ec580_0;
    %pushi/vec4 1, 0, 32;
    %add;
    %cast2;
    %store/vec4 v0x5bf8d82ec580_0, 0, 32;
    %jmp T_3.25;
T_3.26 ;
    %end;
    .scope S_0x5bf8d83185a0;
t_4 %join;
    %vpi_call/w 3 3507 "$display" {0 0 0};
    %vpi_call/w 3 3508 "$display", "VECTORCOUNT = %d", v0x5bf8d832bbd0_0 {0 0 0};
    %vpi_call/w 3 3509 "$display", "ERRORS = %15d", v0x5bf8d832a930_0 {0 0 0};
    %vpi_call/w 3 3510 "$display" {0 0 0};
    %vpi_call/w 3 3511 "$display", "TEST_END--------------------------------------------------------------------------------------------------------------------------" {0 0 0};
    %vpi_call/w 3 3512 "$display" {0 0 0};
    %vpi_call/w 3 3514 "$finish" {0 0 0};
    %end;
S_0x5bf8d8318780 .scope begin, "$ivl_for_loop49" "$ivl_for_loop49" 3 3453, 3 3453 0, S_0x5bf8d83185a0;
 .timescale -9 -11;
v0x5bf8d82ee880_0 .var/2s "j", 31 0;
S_0x5bf8d83189a0 .scope begin, "$ivl_for_loop50" "$ivl_for_loop50" 3 3481, 3 3481 0, S_0x5bf8d83185a0;
 .timescale -9 -11;
v0x5bf8d82ec580_0 .var/2s "j", 31 0;
S_0x5bf8d8318be0 .scope task, "comment_r" "comment_r" 3 3342, 3 3342 0, S_0x5bf8d82f4090;
 .timescale -9 -11;
TD_tb_fifo_asynchronous.comment_r ;
    %load/vec4 v0x5bf8d832b780_0;
    %flag_set/vec4 8;
    %jmp/0xz  T_4.36, 8;
    %pushi/vec4 0, 0, 32; draw_string_vec4
    %pushi/vec4 0, 0, 32; draw_string_vec4
    %concat/vec4; draw_string_vec4
    %pushi/vec4 0, 0, 32; draw_string_vec4
    %concat/vec4; draw_string_vec4
    %pushi/vec4 0, 0, 32; draw_string_vec4
    %concat/vec4; draw_string_vec4
    %pushi/vec4 0, 0, 32; draw_string_vec4
    %concat/vec4; draw_string_vec4
    %pushi/vec4 0, 0, 32; draw_string_vec4
    %concat/vec4; draw_string_vec4
    %pushi/vec4 21087, 0, 32; draw_string_vec4
    %concat/vec4; draw_string_vec4
    %pushi/vec4 5395284, 0, 24; draw_string_vec4
    %concat/vec4; draw_string_vec4
    %store/vec4 v0x5bf8d832a3e0_0, 0, 248;
    %jmp T_4.37;
T_4.36 ;
    %load/vec4 v0x5bf8d832b780_0;
    %nor/r;
    %flag_set/vec4 8;
    %jmp/0xz  T_4.38, 8;
    %load/vec4 v0x5bf8d832a890_0;
    %dup/vec4;
    %pushi/vec4 0, 0, 1;
    %cmp/u;
    %jmp/1 T_4.40, 6;
    %dup/vec4;
    %pushi/vec4 1, 0, 1;
    %cmp/u;
    %jmp/1 T_4.41, 6;
    %pushi/vec4 0, 0, 32; draw_string_vec4
    %pushi/vec4 0, 0, 32; draw_string_vec4
    %concat/vec4; draw_string_vec4
    %pushi/vec4 0, 0, 32; draw_string_vec4
    %concat/vec4; draw_string_vec4
    %pushi/vec4 0, 0, 32; draw_string_vec4
    %concat/vec4; draw_string_vec4
    %pushi/vec4 0, 0, 32; draw_string_vec4
    %concat/vec4; draw_string_vec4
    %pushi/vec4 0, 0, 32; draw_string_vec4
    %concat/vec4; draw_string_vec4
    %pushi/vec4 1229737029, 0, 32; draw_string_vec4
    %concat/vec4; draw_string_vec4
    %pushi/vec4 4669772, 0, 24; draw_string_vec4
    %concat/vec4; draw_string_vec4
    %store/vec4 v0x5bf8d832a3e0_0, 0, 248;
    %jmp T_4.43;
T_4.40 ;
    %pushi/vec4 0, 0, 32; draw_string_vec4
    %pushi/vec4 0, 0, 32; draw_string_vec4
    %concat/vec4; draw_string_vec4
    %pushi/vec4 0, 0, 32; draw_string_vec4
    %concat/vec4; draw_string_vec4
    %pushi/vec4 0, 0, 32; draw_string_vec4
    %concat/vec4; draw_string_vec4
    %pushi/vec4 0, 0, 32; draw_string_vec4
    %concat/vec4; draw_string_vec4
    %pushi/vec4 20047, 0, 32; draw_string_vec4
    %concat/vec4; draw_string_vec4
    %pushi/vec4 1415529805, 0, 32; draw_string_vec4
    %concat/vec4; draw_string_vec4
    %pushi/vec4 5264473, 0, 24; draw_string_vec4
    %concat/vec4; draw_string_vec4
    %store/vec4 v0x5bf8d832a3e0_0, 0, 248;
    %jmp T_4.43;
T_4.41 ;
    %pushi/vec4 0, 0, 32; draw_string_vec4
    %pushi/vec4 0, 0, 32; draw_string_vec4
    %concat/vec4; draw_string_vec4
    %pushi/vec4 0, 0, 32; draw_string_vec4
    %concat/vec4; draw_string_vec4
    %pushi/vec4 0, 0, 32; draw_string_vec4
    %concat/vec4; draw_string_vec4
    %pushi/vec4 0, 0, 32; draw_string_vec4
    %concat/vec4; draw_string_vec4
    %pushi/vec4 0, 0, 32; draw_string_vec4
    %concat/vec4; draw_string_vec4
    %pushi/vec4 17741, 0, 32; draw_string_vec4
    %concat/vec4; draw_string_vec4
    %pushi/vec4 5264473, 0, 24; draw_string_vec4
    %concat/vec4; draw_string_vec4
    %store/vec4 v0x5bf8d832a3e0_0, 0, 248;
    %jmp T_4.43;
T_4.43 ;
    %pop/vec4 1;
T_4.38 ;
T_4.37 ;
    %end;
S_0x5bf8d8318e10 .scope task, "comment_w" "comment_w" 3 3327, 3 3327 0, S_0x5bf8d82f4090;
 .timescale -9 -11;
TD_tb_fifo_asynchronous.comment_w ;
    %load/vec4 v0x5bf8d832c670_0;
    %flag_set/vec4 8;
    %jmp/0xz  T_5.44, 8;
    %pushi/vec4 0, 0, 32; draw_string_vec4
    %pushi/vec4 0, 0, 32; draw_string_vec4
    %concat/vec4; draw_string_vec4
    %pushi/vec4 0, 0, 32; draw_string_vec4
    %concat/vec4; draw_string_vec4
    %pushi/vec4 0, 0, 32; draw_string_vec4
    %concat/vec4; draw_string_vec4
    %pushi/vec4 0, 0, 32; draw_string_vec4
    %concat/vec4; draw_string_vec4
    %pushi/vec4 0, 0, 32; draw_string_vec4
    %concat/vec4; draw_string_vec4
    %pushi/vec4 22367, 0, 32; draw_string_vec4
    %concat/vec4; draw_string_vec4
    %pushi/vec4 5395284, 0, 24; draw_string_vec4
    %concat/vec4; draw_string_vec4
    %store/vec4 v0x5bf8d832a3e0_0, 0, 248;
    %jmp T_5.45;
T_5.44 ;
    %load/vec4 v0x5bf8d832c670_0;
    %nor/r;
    %flag_set/vec4 8;
    %jmp/0xz  T_5.46, 8;
    %load/vec4 v0x5bf8d832ab00_0;
    %dup/vec4;
    %pushi/vec4 0, 0, 1;
    %cmp/u;
    %jmp/1 T_5.48, 6;
    %dup/vec4;
    %pushi/vec4 1, 0, 1;
    %cmp/u;
    %jmp/1 T_5.49, 6;
    %pushi/vec4 0, 0, 32; draw_string_vec4
    %pushi/vec4 0, 0, 32; draw_string_vec4
    %concat/vec4; draw_string_vec4
    %pushi/vec4 0, 0, 32; draw_string_vec4
    %concat/vec4; draw_string_vec4
    %pushi/vec4 0, 0, 32; draw_string_vec4
    %concat/vec4; draw_string_vec4
    %pushi/vec4 0, 0, 32; draw_string_vec4
    %concat/vec4; draw_string_vec4
    %pushi/vec4 0, 0, 32; draw_string_vec4
    %concat/vec4; draw_string_vec4
    %pushi/vec4 1229737029, 0, 32; draw_string_vec4
    %concat/vec4; draw_string_vec4
    %pushi/vec4 4669772, 0, 24; draw_string_vec4
    %concat/vec4; draw_string_vec4
    %store/vec4 v0x5bf8d832a3e0_0, 0, 248;
    %jmp T_5.51;
T_5.48 ;
    %pushi/vec4 0, 0, 32; draw_string_vec4
    %pushi/vec4 0, 0, 32; draw_string_vec4
    %concat/vec4; draw_string_vec4
    %pushi/vec4 0, 0, 32; draw_string_vec4
    %concat/vec4; draw_string_vec4
    %pushi/vec4 0, 0, 32; draw_string_vec4
    %concat/vec4; draw_string_vec4
    %pushi/vec4 0, 0, 32; draw_string_vec4
    %concat/vec4; draw_string_vec4
    %pushi/vec4 78, 0, 32; draw_string_vec4
    %concat/vec4; draw_string_vec4
    %pushi/vec4 1330929478, 0, 32; draw_string_vec4
    %concat/vec4; draw_string_vec4
    %pushi/vec4 5590092, 0, 24; draw_string_vec4
    %concat/vec4; draw_string_vec4
    %store/vec4 v0x5bf8d832a3e0_0, 0, 248;
    %jmp T_5.51;
T_5.49 ;
    %pushi/vec4 0, 0, 32; draw_string_vec4
    %pushi/vec4 0, 0, 32; draw_string_vec4
    %concat/vec4; draw_string_vec4
    %pushi/vec4 0, 0, 32; draw_string_vec4
    %concat/vec4; draw_string_vec4
    %pushi/vec4 0, 0, 32; draw_string_vec4
    %concat/vec4; draw_string_vec4
    %pushi/vec4 0, 0, 32; draw_string_vec4
    %concat/vec4; draw_string_vec4
    %pushi/vec4 0, 0, 32; draw_string_vec4
    %concat/vec4; draw_string_vec4
    %pushi/vec4 70, 0, 32; draw_string_vec4
    %concat/vec4; draw_string_vec4
    %pushi/vec4 5590092, 0, 24; draw_string_vec4
    %concat/vec4; draw_string_vec4
    %store/vec4 v0x5bf8d832a3e0_0, 0, 248;
    %jmp T_5.51;
T_5.51 ;
    %pop/vec4 1;
T_5.46 ;
T_5.45 ;
    %end;
S_0x5bf8d8318ff0 .scope task, "coverage_update" "coverage_update" 3 3548, 3 3548 0, S_0x5bf8d82f4090;
 .timescale -9 -11;
TD_tb_fifo_asynchronous.coverage_update ;
    ; show_stmt_assign_vector: Get l-value for compressed += operand
    %load/vec4 v0x5bf8d8330990_0;
    %load/vec4 v0x5bf8d832c670_0;
    %concat/vec4; draw_concat_vec4
    %load/vec4 v0x5bf8d832be30_0;
    %concat/vec4; draw_concat_vec4
    %pad/u 7;
    %ix/vec4 4;
    %flag_mov 8, 4;
    %load/vec4a v0x5bf8d8331860, 4;
    %pushi/vec4 1, 0, 32;
    %add;
    %flag_mov 4, 8;
    %store/vec4a v0x5bf8d8331860, 4, 0;
    %fork t_7, S_0x5bf8d83191d0;
    %jmp t_6;
    .scope S_0x5bf8d83191d0;
t_7 ;
    %pushi/vec4 0, 0, 32;
    %store/vec4 v0x5bf8d82ed050_0, 0, 32;
T_6.52 ;
    %load/vec4 v0x5bf8d82ed050_0;
    %cmpi/s 2, 0, 32;
    %jmp/0xz T_6.53, 5;
    %load/vec4 v0x5bf8d8330990_0;
    %load/vec4 v0x5bf8d82ed050_0;
    %parti/s 1, 0, 2;
    %cmp/e;
    %flag_get/vec4 4;
    %jmp/0 T_6.56, 4;
    %load/vec4 v0x5bf8d832c670_0;
    %load/vec4 v0x5bf8d832be30_0;
    %concat/vec4; draw_concat_vec4
    %pushi/vec4 2, 0, 2;
    %cmp/e;
    %flag_get/vec4 4;
    %and;
T_6.56;
    %flag_set/vec4 8;
    %jmp/0xz  T_6.54, 8;
    ; show_stmt_assign_vector: Get l-value for compressed += operand
    %load/vec4 v0x5bf8d82ed050_0;
    %parti/s 1, 0, 2;
    %concati/vec4 3, 0, 2;
    %pad/u 7;
    %ix/vec4 4;
    %flag_mov 8, 4;
    %load/vec4a v0x5bf8d8331860, 4;
    %pushi/vec4 1, 0, 32;
    %add;
    %flag_mov 4, 8;
    %store/vec4a v0x5bf8d8331860, 4, 0;
T_6.54 ;
    ; show_stmt_assign_vector: Get l-value for compressed += operand
    %load/vec4 v0x5bf8d82ed050_0;
    %pushi/vec4 1, 0, 32;
    %add;
    %cast2;
    %store/vec4 v0x5bf8d82ed050_0, 0, 32;
    %jmp T_6.52;
T_6.53 ;
    %end;
    .scope S_0x5bf8d8318ff0;
t_6 %join;
    ; show_stmt_assign_vector: Get l-value for compressed += operand
    %load/vec4 v0x5bf8d83308d0_0;
    %load/vec4 v0x5bf8d832b780_0;
    %concat/vec4; draw_concat_vec4
    %load/vec4 v0x5bf8d832aef0_0;
    %concat/vec4; draw_concat_vec4
    %pad/u 7;
    %ix/vec4 4;
    %flag_mov 8, 4;
    %load/vec4a v0x5bf8d83317a0, 4;
    %pushi/vec4 1, 0, 32;
    %add;
    %flag_mov 4, 8;
    %store/vec4a v0x5bf8d83317a0, 4, 0;
    %fork t_9, S_0x5bf8d8319430;
    %jmp t_8;
    .scope S_0x5bf8d8319430;
t_9 ;
    %pushi/vec4 0, 0, 32;
    %store/vec4 v0x5bf8d82ff080_0, 0, 32;
T_6.57 ;
    %load/vec4 v0x5bf8d82ff080_0;
    %cmpi/s 2, 0, 32;
    %jmp/0xz T_6.58, 5;
    %load/vec4 v0x5bf8d8330990_0;
    %load/vec4 v0x5bf8d82ff080_0;
    %parti/s 1, 0, 2;
    %cmp/e;
    %flag_get/vec4 4;
    %jmp/0 T_6.61, 4;
    %load/vec4 v0x5bf8d832b780_0;
    %load/vec4 v0x5bf8d832aef0_0;
    %concat/vec4; draw_concat_vec4
    %pushi/vec4 2, 0, 2;
    %cmp/e;
    %flag_get/vec4 4;
    %and;
T_6.61;
    %flag_set/vec4 8;
    %jmp/0xz  T_6.59, 8;
    ; show_stmt_assign_vector: Get l-value for compressed += operand
    %load/vec4 v0x5bf8d82ff080_0;
    %parti/s 1, 0, 2;
    %concati/vec4 3, 0, 2;
    %pad/u 7;
    %ix/vec4 4;
    %flag_mov 8, 4;
    %load/vec4a v0x5bf8d83317a0, 4;
    %pushi/vec4 1, 0, 32;
    %add;
    %flag_mov 4, 8;
    %store/vec4a v0x5bf8d83317a0, 4, 0;
T_6.59 ;
    ; show_stmt_assign_vector: Get l-value for compressed += operand
    %load/vec4 v0x5bf8d82ff080_0;
    %pushi/vec4 1, 0, 32;
    %add;
    %cast2;
    %store/vec4 v0x5bf8d82ff080_0, 0, 32;
    %jmp T_6.57;
T_6.58 ;
    %end;
    .scope S_0x5bf8d8318ff0;
t_8 %join;
    %load/vec4 v0x5bf8d832bd70_0;
    %flag_set/vec4 8;
    %jmp/0xz  T_6.62, 8;
    ; show_stmt_assign_vector: Get l-value for compressed += operand
    %load/vec4 v0x5bf8d8331bc0_0;
    %pushi/vec4 1, 0, 32;
    %add;
    %store/vec4 v0x5bf8d8331bc0_0, 0, 32;
T_6.62 ;
    %load/vec4 v0x5bf8d832bcb0_0;
    %flag_set/vec4 8;
    %jmp/0xz  T_6.64, 8;
    ; show_stmt_assign_vector: Get l-value for compressed += operand
    %load/vec4 v0x5bf8d8331ae0_0;
    %pushi/vec4 1, 0, 32;
    %add;
    %store/vec4 v0x5bf8d8331ae0_0, 0, 32;
T_6.64 ;
    %end;
S_0x5bf8d83191d0 .scope begin, "$ivl_for_loop51" "$ivl_for_loop51" 3 3552, 3 3552 0, S_0x5bf8d8318ff0;
 .timescale -9 -11;
v0x5bf8d82ed050_0 .var/2s "j", 31 0;
S_0x5bf8d8319430 .scope begin, "$ivl_for_loop52" "$ivl_for_loop52" 3 3563, 3 3563 0, S_0x5bf8d8318ff0;
 .timescale -9 -11;
v0x5bf8d82ff080_0 .var/2s "j", 31 0;
S_0x5bf8d8319670 .scope task, "display_r" "display_r" 3 3539, 3 3539 0, S_0x5bf8d82f4090;
 .timescale -9 -11;
TD_tb_fifo_asynchronous.display_r ;
    %vpi_call/w 3 3541 "$display", "%10d %9s | %4d |%117s| %3b    | %3b   | %2b  | %3b   | %7b        | %5b  | %10b      | %3b    | %5b | %9b      | %4c     | %9c         |", v0x5bf8d832bbd0_0, v0x5bf8d832a3e0_0, $time, "\000", v0x5bf8d832b970_0, v0x5bf8d832b780_0, v0x5bf8d832aef0_0, v0x5bf8d832a7a0_0, v0x5bf8d832a890_0, &PV<v0x5bf8d8329e40_0, 0, 4>, &PV<v0x5bf8d8330710_0, 0, 4>, v0x5bf8d832bcb0_0, v0x5bf8d832b070_0, v0x5bf8d832b180_0, v0x5bf8d832a640_0, v0x5bf8d832a6e0_0 {0 0 0};
    %end;
S_0x5bf8d8319850 .scope task, "display_w" "display_w" 3 3532, 3 3532 0, S_0x5bf8d82f4090;
 .timescale -9 -11;
TD_tb_fifo_asynchronous.display_w ;
    %vpi_call/w 3 3534 "$display", "%10d %9s | %4d | %3b    | %3b   | %2b   | %4c    | %2b   | %7b       | %5b  | %10b      | %3b    | %5b | %9b      |", v0x5bf8d832bbd0_0, v0x5bf8d832a3e0_0, $time, v0x5bf8d832baa0_0, v0x5bf8d832c670_0, v0x5bf8d832be30_0, v0x5bf8d832a4c0_0, v0x5bf8d832aa10_0, v0x5bf8d832ab00_0, &PV<v0x5bf8d8329f20_0, 0, 4>, &PV<v0x5bf8d83307f0_0, 0, 4>, v0x5bf8d832bd70_0, v0x5bf8d832bfb0_0, v0x5bf8d832c070_0 {0 0 0};
    %end;
S_0x5bf8d8319a30 .scope module, "dut_fifo_asynchronous" "fifo_asynchronous" 3 103, 4 1 0, S_0x5bf8d82f4090;
 .timescale -9 -11;
    .port_info 0 /INPUT 1 "w_clk";
    .port_info 1 /INPUT 1 "w_rst";
    .port_info 2 /INPUT 1 "w_en";
    .port_info 3 /INPUT 8 "data_in";
    .port_info 4 /OUTPUT 8 "data_in_sync2";
    .port_info 5 /OUTPUT 1 "full";
    .port_info 6 /OUTPUT 5 "w_ptr";
    .port_info 7 /OUTPUT 5 "w_ptr_gray_flop";
    .port_info 8 /OUTPUT 5 "addr_w";
    .port_info 9 /OUTPUT 5 "addrw";
    .port_info 10 /OUTPUT 1 "next_w";
    .port_info 11 /INPUT 1 "r_clk";
    .port_info 12 /INPUT 1 "r_rst";
    .port_info 13 /INPUT 1 "r_en";
    .port_info 14 /OUTPUT 8 "data_out";
    .port_info 15 /OUTPUT 1 "empty";
    .port_info 16 /OUTPUT 5 "r_ptr";
    .port_info 17 /OUTPUT 5 "r_ptr_gray_flop";
    .port_info 18 /OUTPUT 5 "addr_r";
    .port_info 19 /OUTPUT 5 "addrr";
P_0x5bf8d83002e0 .param/l "addr_width" 0 4 25, +C4<00000000000000000000000000000100>;
P_0x5bf8d8300320 .param/l "data_width" 0 4 25, +C4<00000000000000000000000000001000>;
v0x5bf8d831da70_0 .net "addr_r", 4 0, L_0x5bf8d81911f0;  alias, 1 drivers
v0x5bf8d831db80_0 .net "addr_w", 4 0, L_0x5bf8d8232c60;  alias, 1 drivers
v0x5bf8d831dc50_0 .var "addrr", 4 0;
v0x5bf8d831dd20_0 .var "addrw", 4 0;
v0x5bf8d831de00_0 .net "data_in", 7 0, v0x5bf8d832a4c0_0;  1 drivers
v0x5bf8d831dec0_0 .var "data_in_sync2", 7 0;
v0x5bf8d831df80_0 .net "data_out", 7 0, v0x5bf8d831d4b0_0;  alias, 1 drivers
v0x5bf8d831e070_0 .net "empty", 0 0, L_0x5bf8d8332390;  alias, 1 drivers
v0x5bf8d831e140_0 .net "full", 0 0, L_0x5bf8d8332050;  alias, 1 drivers
v0x5bf8d831e2a0_0 .net "next_w", 0 0, L_0x5bf8d82ecf30;  alias, 1 drivers
v0x5bf8d831e340_0 .net "r_clk", 0 0, v0x5bf8d832b970_0;  1 drivers
v0x5bf8d831e430_0 .net "r_en", 0 0, v0x5bf8d832aef0_0;  1 drivers
v0x5bf8d831e4d0_0 .net "r_ptr", 4 0, v0x5bf8d831ae80_0;  alias, 1 drivers
v0x5bf8d831e570_0 .net "r_ptr_gray_flop", 4 0, v0x5bf8d831b040_0;  alias, 1 drivers
v0x5bf8d831e660_0 .net "r_rst", 0 0, v0x5bf8d832b780_0;  1 drivers
v0x5bf8d831e750_0 .net "w_clk", 0 0, v0x5bf8d832baa0_0;  1 drivers
v0x5bf8d831e840_0 .net "w_en", 0 0, v0x5bf8d832be30_0;  1 drivers
v0x5bf8d831e9f0_0 .net "w_ptr", 4 0, v0x5bf8d831c6f0_0;  alias, 1 drivers
v0x5bf8d831ea90_0 .net "w_ptr_gray_flop", 4 0, v0x5bf8d831c8b0_0;  alias, 1 drivers
v0x5bf8d831eb80_0 .net "w_rst", 0 0, v0x5bf8d832c670_0;  1 drivers
L_0x5bf8d83325f0 .part L_0x5bf8d8232c60, 0, 4;
L_0x5bf8d8332720 .part L_0x5bf8d81911f0, 0, 4;
S_0x5bf8d8319ee0 .scope function.vec4.s5, "addr_binary" "addr_binary" 4 30, 4 30 0, S_0x5bf8d8319a30;
 .timescale -9 -11;
P_0x5bf8d831a0e0 .param/l "addr_width" 0 4 33, +C4<00000000000000000000000000000100>;
; Variable addr_binary is vec4 return value of scope S_0x5bf8d8319ee0
v0x5bf8d831a580_0 .var "addr_gray", 4 0;
TD_tb_fifo_asynchronous.dut_fifo_asynchronous.addr_binary ;
    %load/vec4 v0x5bf8d831a580_0;
    %parti/s 1, 4, 4;
    %ix/load 4, 4, 0;
    %flag_set/imm 4, 0;
    %ret/vec4 0, 4, 1; Assign to addr_binary (store_vec4_to_lval)
    %fork t_11, S_0x5bf8d831a180;
    %jmp t_10;
    .scope S_0x5bf8d831a180;
t_11 ;
    %pushi/vec4 0, 0, 32;
    %store/vec4 v0x5bf8d831a380_0, 0, 32;
T_9.66 ;
    %load/vec4 v0x5bf8d831a380_0;
    %cmpi/s 4, 0, 32;
    %jmp/0xz T_9.67, 5;
    %retload/vec4 0; Load addr_binary (draw_signal_vec4)
    %pushi/vec4 4, 0, 32;
    %load/vec4 v0x5bf8d831a380_0;
    %sub;
    %part/s 1;
    %load/vec4 v0x5bf8d831a580_0;
    %pushi/vec4 3, 0, 32;
    %load/vec4 v0x5bf8d831a380_0;
    %sub;
    %part/s 1;
    %xor;
    %pushi/vec4 3, 0, 32;
    %load/vec4 v0x5bf8d831a380_0;
    %sub;
    %ix/vec4/s 4;
    %ret/vec4 0, 4, 1; Assign to addr_binary (store_vec4_to_lval)
    ; show_stmt_assign_vector: Get l-value for compressed += operand
    %load/vec4 v0x5bf8d831a380_0;
    %pushi/vec4 1, 0, 32;
    %add;
    %cast2;
    %store/vec4 v0x5bf8d831a380_0, 0, 32;
    %jmp T_9.66;
T_9.67 ;
    %end;
    .scope S_0x5bf8d8319ee0;
t_10 %join;
    %end;
S_0x5bf8d831a180 .scope begin, "$ivl_for_loop53" "$ivl_for_loop53" 4 38, 4 38 0, S_0x5bf8d8319ee0;
 .timescale -9 -11;
v0x5bf8d831a380_0 .var/2s "i", 31 0;
S_0x5bf8d831a660 .scope module, "dut_r_ptr_section" "r_ptr_section" 4 58, 4 127 0, S_0x5bf8d8319a30;
 .timescale -9 -11;
    .port_info 0 /INPUT 1 "r_clk";
    .port_info 1 /INPUT 1 "r_rst";
    .port_info 2 /INPUT 1 "r_en";
    .port_info 3 /INPUT 5 "w_ptr_gray_flop";
    .port_info 4 /INPUT 1 "w_rst_flag";
    .port_info 5 /OUTPUT 5 "r_ptr";
    .port_info 6 /OUTPUT 5 "r_ptr_gray_flop";
    .port_info 7 /OUTPUT 1 "empty";
    .port_info 8 /OUTPUT 5 "addr_r";
P_0x5bf8d831a860 .param/l "addr_width" 0 4 139, +C4<00000000000000000000000000000100>;
L_0x5bf8d81911f0 .functor BUFZ 5, v0x5bf8d831ae80_0, C4<00000>, C4<00000>, C4<00000>;
L_0x5bf8d8198310 .functor AND 1, v0x5bf8d832aef0_0, L_0x5bf8d83324c0, C4<1>, C4<1>;
v0x5bf8d831a990_0 .net *"_ivl_7", 0 0, L_0x5bf8d83324c0;  1 drivers
v0x5bf8d831aa70_0 .net "addr_r", 4 0, L_0x5bf8d81911f0;  alias, 1 drivers
v0x5bf8d831ab50_0 .net "empty", 0 0, L_0x5bf8d8332390;  alias, 1 drivers
v0x5bf8d831abf0_0 .net "next_r", 0 0, L_0x5bf8d8198310;  1 drivers
v0x5bf8d831acb0_0 .net "r_clk", 0 0, v0x5bf8d832b970_0;  alias, 1 drivers
v0x5bf8d831adc0_0 .net "r_en", 0 0, v0x5bf8d832aef0_0;  alias, 1 drivers
v0x5bf8d831ae80_0 .var "r_ptr", 4 0;
v0x5bf8d831af60_0 .var "r_ptr_gray", 4 0;
v0x5bf8d831b040_0 .var "r_ptr_gray_flop", 4 0;
v0x5bf8d831b120_0 .net "r_rst", 0 0, v0x5bf8d832b780_0;  alias, 1 drivers
v0x5bf8d831b1e0_0 .net "w_ptr_gray_flop", 4 0, v0x5bf8d831c8b0_0;  alias, 1 drivers
v0x5bf8d831b2c0_0 .var "w_ptr_gray_sync1", 4 0;
v0x5bf8d831b3a0_0 .var "w_ptr_gray_sync2", 4 0;
v0x5bf8d831b480_0 .net "w_ptr_sync2", 4 0, L_0x5bf8d83322f0;  1 drivers
o0x7f054f372498 .functor BUFZ 1, C4<z>; HiZ drive
v0x5bf8d831b560_0 .net "w_rst_flag", 0 0, o0x7f054f372498;  0 drivers
E_0x5bf8d80182b0 .event posedge, v0x5bf8d831b120_0, v0x5bf8d831acb0_0;
E_0x5bf8d8300590 .event posedge, v0x5bf8d831acb0_0;
L_0x5bf8d83322f0 .ufunc/vec4 TD_tb_fifo_asynchronous.dut_fifo_asynchronous.addr_binary, 5, v0x5bf8d831b3a0_0 (v0x5bf8d831a580_0) S_0x5bf8d8319ee0;
L_0x5bf8d8332390 .cmp/eq 5, v0x5bf8d831ae80_0, L_0x5bf8d83322f0;
L_0x5bf8d83324c0 .reduce/nor L_0x5bf8d8332390;
S_0x5bf8d831b740 .scope module, "dut_w_ptr_section" "w_ptr_section" 4 53, 4 75 0, S_0x5bf8d8319a30;
 .timescale -9 -11;
    .port_info 0 /INPUT 1 "w_clk";
    .port_info 1 /INPUT 1 "w_rst";
    .port_info 2 /INPUT 1 "w_en";
    .port_info 3 /INPUT 5 "r_ptr_gray_flop";
    .port_info 4 /OUTPUT 5 "w_ptr";
    .port_info 5 /OUTPUT 5 "w_ptr_gray_flop";
    .port_info 6 /OUTPUT 5 "addr_w";
    .port_info 7 /OUTPUT 1 "full";
    .port_info 8 /OUTPUT 1 "next_w";
P_0x5bf8d831b8d0 .param/l "addr_width" 0 4 87, +C4<00000000000000000000000000000100>;
L_0x5bf8d8232c60 .functor BUFZ 5, v0x5bf8d831c6f0_0, C4<00000>, C4<00000>, C4<00000>;
L_0x5bf8d82ec460 .functor NOT 1, L_0x5bf8d8331da0, C4<0>, C4<0>, C4<0>;
L_0x5bf8d82ecf30 .functor AND 1, v0x5bf8d832be30_0, L_0x5bf8d8332180, C4<1>, C4<1>;
v0x5bf8d831bb10_0 .net *"_ivl_10", 4 0, L_0x5bf8d8331ee0;  1 drivers
v0x5bf8d831bc10_0 .net *"_ivl_15", 0 0, L_0x5bf8d8332180;  1 drivers
v0x5bf8d831bcd0_0 .net *"_ivl_5", 0 0, L_0x5bf8d8331da0;  1 drivers
v0x5bf8d831bdc0_0 .net *"_ivl_6", 0 0, L_0x5bf8d82ec460;  1 drivers
v0x5bf8d831bea0_0 .net *"_ivl_9", 3 0, L_0x5bf8d8331e40;  1 drivers
v0x5bf8d831bfd0_0 .net "addr_w", 4 0, L_0x5bf8d8232c60;  alias, 1 drivers
v0x5bf8d831c0b0_0 .net "full", 0 0, L_0x5bf8d8332050;  alias, 1 drivers
v0x5bf8d831c170_0 .net "next_w", 0 0, L_0x5bf8d82ecf30;  alias, 1 drivers
v0x5bf8d831c230_0 .net "r_ptr_gray_flop", 4 0, v0x5bf8d831b040_0;  alias, 1 drivers
v0x5bf8d831c2f0_0 .var "r_ptr_gray_sync1", 4 0;
v0x5bf8d831c3b0_0 .var "r_ptr_gray_sync2", 4 0;
v0x5bf8d831c490_0 .net "r_ptr_sync2", 4 0, L_0x5bf8d8331ce0;  1 drivers
v0x5bf8d831c570_0 .net "w_clk", 0 0, v0x5bf8d832baa0_0;  alias, 1 drivers
v0x5bf8d831c630_0 .net "w_en", 0 0, v0x5bf8d832be30_0;  alias, 1 drivers
v0x5bf8d831c6f0_0 .var "w_ptr", 4 0;
v0x5bf8d831c7d0_0 .var "w_ptr_gray", 4 0;
v0x5bf8d831c8b0_0 .var "w_ptr_gray_flop", 4 0;
v0x5bf8d831c9a0_0 .net "w_rst", 0 0, v0x5bf8d832c670_0;  alias, 1 drivers
E_0x5bf8d831ba50 .event posedge, v0x5bf8d831c9a0_0, v0x5bf8d831c570_0;
E_0x5bf8d831bab0 .event posedge, v0x5bf8d831c570_0;
L_0x5bf8d8331ce0 .ufunc/vec4 TD_tb_fifo_asynchronous.dut_fifo_asynchronous.addr_binary, 5, v0x5bf8d831c3b0_0 (v0x5bf8d831a580_0) S_0x5bf8d8319ee0;
L_0x5bf8d8331da0 .part L_0x5bf8d8331ce0, 4, 1;
L_0x5bf8d8331e40 .part L_0x5bf8d8331ce0, 0, 4;
L_0x5bf8d8331ee0 .concat [ 4 1 0 0], L_0x5bf8d8331e40, L_0x5bf8d82ec460;
L_0x5bf8d8332050 .cmp/eq 5, v0x5bf8d831c6f0_0, L_0x5bf8d8331ee0;
L_0x5bf8d8332180 .reduce/nor L_0x5bf8d8332050;
S_0x5bf8d831cb60 .scope module, "test_dual_port_ram_asynchronous" "dual_port_ram_asynchronous" 4 63, 5 1 0, S_0x5bf8d8319a30;
 .timescale -9 -11;
    .port_info 0 /INPUT 1 "clk_a";
    .port_info 1 /INPUT 1 "rst_a";
    .port_info 2 /INPUT 1 "we_a";
    .port_info 3 /INPUT 4 "addr_a";
    .port_info 4 /INPUT 8 "data_in_a";
    .port_info 5 /OUTPUT 8 "data_out_a";
    .port_info 6 /INPUT 1 "clk_b";
    .port_info 7 /INPUT 1 "rst_b";
    .port_info 8 /INPUT 1 "we_b";
    .port_info 9 /INPUT 4 "addr_b";
    .port_info 10 /INPUT 8 "data_in_b";
    .port_info 11 /OUTPUT 8 "data_out_b";
P_0x5bf8d81bc130 .param/l "ADDR_WIDTH" 0 5 17, +C4<00000000000000000000000000000100>;
P_0x5bf8d81bc170 .param/l "DATA_WIDTH" 0 5 17, +C4<00000000000000000000000000001000>;
P_0x5bf8d81bc1b0 .param/l "MEM_DEPTH" 0 5 17, +C4<00000000000000000000000000010000>;
v0x5bf8d831ce70_0 .net "addr_a", 3 0, L_0x5bf8d83325f0;  1 drivers
v0x5bf8d831cf70_0 .net "addr_b", 3 0, L_0x5bf8d8332720;  1 drivers
v0x5bf8d831d050_0 .net "clk_a", 0 0, v0x5bf8d832baa0_0;  alias, 1 drivers
v0x5bf8d831d150_0 .net "clk_b", 0 0, v0x5bf8d832b970_0;  alias, 1 drivers
v0x5bf8d831d220_0 .net "data_in_a", 7 0, v0x5bf8d832a4c0_0;  alias, 1 drivers
L_0x7f054f329060 .functor BUFT 1, C4<00000000>, C4<0>, C4<0>, C4<0>;
v0x5bf8d831d310_0 .net "data_in_b", 7 0, L_0x7f054f329060;  1 drivers
v0x5bf8d831d3d0_0 .var "data_out_a", 7 0;
v0x5bf8d831d4b0_0 .var "data_out_b", 7 0;
v0x5bf8d831d590 .array "mem", 0 15, 7 0;
v0x5bf8d831d650_0 .net "rst_a", 0 0, v0x5bf8d832c670_0;  alias, 1 drivers
v0x5bf8d831d6f0_0 .net "rst_b", 0 0, v0x5bf8d832b780_0;  alias, 1 drivers
v0x5bf8d831d7c0_0 .net "we_a", 0 0, L_0x5bf8d82ecf30;  alias, 1 drivers
L_0x7f054f329018 .functor BUFT 1, C4<0>, C4<0>, C4<0>, C4<0>;
v0x5bf8d831d890_0 .net "we_b", 0 0, L_0x7f054f329018;  1 drivers
S_0x5bf8d831ee90 .scope task, "errors_warnings_check_r" "errors_warnings_check_r" 3 3621, 3 3621 0, S_0x5bf8d82f4090;
 .timescale -9 -11;
TD_tb_fifo_asynchronous.errors_warnings_check_r ;
    %load/vec4 v0x5bf8d832a7a0_0;
    %load/vec4 v0x5bf8d832a890_0;
    %cmp/ne;
    %jmp/0xz  T_10.68, 6;
    %vpi_call/w 3 3626 "$display", "***ERROR: EMPTY = %b, EMPTY_expected = %b", v0x5bf8d832a7a0_0, v0x5bf8d832a890_0 {0 0 0};
    %load/vec4 v0x5bf8d832a930_0;
    %addi 1, 0, 32;
    %store/vec4 v0x5bf8d832a930_0, 0, 32;
T_10.68 ;
    %load/vec4 v0x5bf8d8329e40_0;
    %load/vec4 v0x5bf8d8330710_0;
    %cmp/ne;
    %jmp/0xz  T_10.70, 6;
    %vpi_call/w 3 3633 "$display", "***ERROR: ADDR_R = %b, ADDR_R_expected = %b", &PV<v0x5bf8d8329e40_0, 0, 4>, &PV<v0x5bf8d8330710_0, 0, 4> {0 0 0};
    %load/vec4 v0x5bf8d832a930_0;
    %addi 1, 0, 32;
    %store/vec4 v0x5bf8d832a930_0, 0, 32;
T_10.70 ;
    %load/vec4 v0x5bf8d832bfb0_0;
    %load/vec4 v0x5bf8d832c070_0;
    %cmp/ne;
    %jmp/0xz  T_10.72, 6;
    %vpi_call/w 3 3641 "$display", "***ERROR: W_PTR = %b, W_PTR_expected = %b", v0x5bf8d832bfb0_0, v0x5bf8d832c070_0 {0 0 0};
    %load/vec4 v0x5bf8d832a930_0;
    %addi 1, 0, 32;
    %store/vec4 v0x5bf8d832a930_0, 0, 32;
T_10.72 ;
    %load/vec4 v0x5bf8d832b070_0;
    %load/vec4 v0x5bf8d832b180_0;
    %cmp/ne;
    %jmp/0xz  T_10.74, 6;
    %vpi_call/w 3 3648 "$display", "***ERROR: R_PTR = %b, R_PTR_expected = %b", v0x5bf8d832b070_0, v0x5bf8d832b180_0 {0 0 0};
    %load/vec4 v0x5bf8d832a930_0;
    %addi 1, 0, 32;
    %store/vec4 v0x5bf8d832a930_0, 0, 32;
T_10.74 ;
    %load/vec4 v0x5bf8d832a640_0;
    %load/vec4 v0x5bf8d832a6e0_0;
    %cmp/ne;
    %jmp/0xz  T_10.76, 6;
    %vpi_call/w 3 3656 "$display", "***ERROR: DATA_OUT = %b, DATA_OUT_expected = %b", v0x5bf8d832a640_0, v0x5bf8d832a6e0_0 {0 0 0};
    %load/vec4 v0x5bf8d832a930_0;
    %addi 1, 0, 32;
    %store/vec4 v0x5bf8d832a930_0, 0, 32;
T_10.76 ;
    %end;
S_0x5bf8d831f070 .scope task, "errors_warnings_check_w" "errors_warnings_check_w" 3 3587, 3 3587 0, S_0x5bf8d82f4090;
 .timescale -9 -11;
TD_tb_fifo_asynchronous.errors_warnings_check_w ;
    %load/vec4 v0x5bf8d8329f20_0;
    %load/vec4 v0x5bf8d83307f0_0;
    %cmp/ne;
    %jmp/0xz  T_11.78, 6;
    %vpi_call/w 3 3592 "$display", "***ERROR: ADDR_W = %b, ADDR_W_expected = %b", &PV<v0x5bf8d8329f20_0, 0, 4>, &PV<v0x5bf8d83307f0_0, 0, 4> {0 0 0};
    %load/vec4 v0x5bf8d832a930_0;
    %addi 1, 0, 32;
    %store/vec4 v0x5bf8d832a930_0, 0, 32;
T_11.78 ;
    %load/vec4 v0x5bf8d832aa10_0;
    %load/vec4 v0x5bf8d832ab00_0;
    %cmp/ne;
    %jmp/0xz  T_11.80, 6;
    %vpi_call/w 3 3601 "$display", "***ERROR: FULL = %b, FULL_expected = %b", v0x5bf8d832aa10_0, v0x5bf8d832ab00_0 {0 0 0};
    %load/vec4 v0x5bf8d832a930_0;
    %addi 1, 0, 32;
    %store/vec4 v0x5bf8d832a930_0, 0, 32;
T_11.80 ;
    %load/vec4 v0x5bf8d832bfb0_0;
    %load/vec4 v0x5bf8d832c070_0;
    %cmp/ne;
    %jmp/0xz  T_11.82, 6;
    %vpi_call/w 3 3610 "$display", "***ERROR: W_PTR = %b, W_PTR_expected = %b", v0x5bf8d832bfb0_0, v0x5bf8d832c070_0 {0 0 0};
    %load/vec4 v0x5bf8d832a930_0;
    %addi 1, 0, 32;
    %store/vec4 v0x5bf8d832a930_0, 0, 32;
T_11.82 ;
    %end;
S_0x5bf8d831f250 .scope task, "general_input_r" "general_input_r" 3 1701, 3 1701 0, S_0x5bf8d82f4090;
 .timescale -9 -11;
TD_tb_fifo_asynchronous.general_input_r ;
    %vpi_func 3 1703 "$urandom_range" 32, 32'sb00000000000000000000000000100000, 32'sb00000000000000000000000001111110 {0 0 0};
    %pad/u 8;
    %store/vec4 v0x5bf8d832dfd0_0, 0, 8;
    %load/vec4 v0x5bf8d832e890_0;
    %flag_set/vec4 8;
    %jmp/0xz  T_12.84, 8;
    %pushi/vec4 1, 0, 1;
    %store/vec4 v0x5bf8d8330a50_0, 0, 1;
    %ix/load 4, 0, 0;
    %flag_set/imm 4, 0;
    %load/vec4a v0x5bf8d832f5d0, 4;
    %flag_set/vec4 8;
    %jmp/1 T_12.89, 8;
    %ix/load 4, 1, 0;
    %flag_set/imm 4, 0;
    %load/vec4a v0x5bf8d832f5d0, 4;
    %flag_set/vec4 9;
    %flag_or 8, 9;
T_12.89;
    %jmp/1 T_12.88, 8;
    %ix/load 4, 2, 0;
    %flag_set/imm 4, 0;
    %load/vec4a v0x5bf8d832f5d0, 4;
    %flag_set/vec4 9;
    %flag_or 8, 9;
T_12.88;
    %jmp/0xz  T_12.86, 8;
    %pushi/vec4 0, 0, 1;
    %store/vec4 v0x5bf8d8330a50_0, 0, 1;
T_12.86 ;
    %load/vec4 v0x5bf8d832f2d0_0;
    %flag_set/vec4 9;
    %flag_get/vec4 9;
    %jmp/0 T_12.92, 9;
    %ix/load 4, 4, 0;
    %flag_set/imm 4, 0;
    %load/vec4a v0x5bf8d832f5d0, 4;
    %pad/u 32;
    %pushi/vec4 0, 0, 32;
    %cmp/e;
    %flag_get/vec4 4;
    %and;
T_12.92;
    %flag_set/vec4 8;
    %jmp/0xz  T_12.90, 8;
    %load/vec4 v0x5bf8d832e0b0_0;
    %nor/r;
    %flag_set/vec4 8;
    %jmp/0xz  T_12.93, 8;
    %ix/load 4, 5, 0;
    %flag_set/imm 4, 0;
    %load/vec4a v0x5bf8d832f8b0, 4;
    %flag_set/vec4 10;
    %flag_get/vec4 10;
    %jmp/0 T_12.98, 10;
    %load/vec4 v0x5bf8d832c670_0;
    %and;
T_12.98;
    %flag_set/vec4 9;
    %flag_get/vec4 9;
    %jmp/0 T_12.97, 9;
    %load/vec4 v0x5bf8d832b6a0_0;
    %pushi/vec4 0, 0, 5;
    %cmp/e;
    %flag_get/vec4 4;
    %and;
T_12.97;
    %flag_set/vec4 8;
    %jmp/0xz  T_12.95, 8;
    %pushi/vec4 2, 0, 2;
    %split/vec4 1;
    %store/vec4 v0x5bf8d832aef0_0, 0, 1;
    %store/vec4 v0x5bf8d832b780_0, 0, 1;
    %pushi/vec4 0, 0, 1;
    %ix/load 4, 5, 0;
    %flag_set/imm 4, 0;
    %store/vec4a v0x5bf8d832f8b0, 4, 0;
T_12.95 ;
T_12.93 ;
    %ix/load 4, 5, 0;
    %flag_set/imm 4, 0;
    %load/vec4a v0x5bf8d832f8b0, 4;
    %pad/u 32;
    %cmpi/e 0, 0, 32;
    %jmp/0xz  T_12.99, 4;
    %delay 20, 0;
    %pushi/vec4 1, 0, 1;
    %store/vec4 v0x5bf8d832e0b0_0, 0, 1;
T_12.99 ;
    %jmp T_12.91;
T_12.90 ;
    %load/vec4 v0x5bf8d832f510_0;
    %flag_set/vec4 9;
    %flag_get/vec4 9;
    %jmp/0 T_12.103, 9;
    %ix/load 4, 4, 0;
    %flag_set/imm 4, 0;
    %load/vec4a v0x5bf8d832f8b0, 4;
    %pad/u 32;
    %pushi/vec4 0, 0, 32;
    %cmp/e;
    %flag_get/vec4 4;
    %and;
T_12.103;
    %flag_set/vec4 8;
    %jmp/0xz  T_12.101, 8;
    %ix/load 4, 0, 0;
    %flag_set/imm 4, 0;
    %load/vec4a v0x5bf8d8331520, 4;
    %pad/u 32;
    %cmpi/ne 1, 0, 32;
    %jmp/0xz  T_12.104, 6;
    %vpi_call/w 3 1743 "$display" {0 0 0};
    %vpi_call/w 3 1744 "$display", "%12s ***time = %0d,START TEST FOR ONE SIDED RESET OF WRITE WHILE STRESS READ***", "\000", $time {0 0 0};
    %vpi_call/w 3 1745 "$display", "%12s ***(to make sure system will not collapse even if one sided reset occur, nevertheless output during this period is ineffective as data loss may occur)***", "\000" {0 0 0};
    %vpi_call/w 3 1746 "$display" {0 0 0};
    %pushi/vec4 1, 0, 1;
    %ix/load 4, 0, 0;
    %flag_set/imm 4, 0;
    %store/vec4a v0x5bf8d8331520, 4, 0;
T_12.104 ;
    %ix/load 4, 4, 0;
    %flag_set/imm 4, 0;
    %load/vec4a v0x5bf8d832f5d0, 4;
    %flag_set/vec4 8;
    %jmp/0xz  T_12.106, 8;
    %pushi/vec4 2, 0, 2;
    %split/vec4 1;
    %store/vec4 v0x5bf8d832aef0_0, 0, 1;
    %store/vec4 v0x5bf8d832b780_0, 0, 1;
    %jmp T_12.107;
T_12.106 ;
    %load/vec4 v0x5bf8d83308d0_0;
    %flag_set/vec4 9;
    %flag_get/vec4 9;
    %jmp/0 T_12.110, 9;
    %ix/load 4, 2, 0;
    %flag_set/imm 4, 0;
    %load/vec4a v0x5bf8d832fcd0, 4;
    %and;
T_12.110;
    %flag_set/vec4 8;
    %jmp/0xz  T_12.108, 8;
    %pushi/vec4 0, 0, 2;
    %split/vec4 1;
    %store/vec4 v0x5bf8d832aef0_0, 0, 1;
    %store/vec4 v0x5bf8d832b780_0, 0, 1;
    %pushi/vec4 1, 0, 1;
    %ix/load 4, 4, 0;
    %flag_set/imm 4, 0;
    %store/vec4a v0x5bf8d832f5d0, 4, 0;
    %pushi/vec4 1, 0, 1;
    %store/vec4 v0x5bf8d832f2d0_0, 0, 1;
    %jmp T_12.109;
T_12.108 ;
    %pushi/vec4 1, 0, 2;
    %split/vec4 1;
    %store/vec4 v0x5bf8d832aef0_0, 0, 1;
    %store/vec4 v0x5bf8d832b780_0, 0, 1;
T_12.109 ;
T_12.107 ;
    %jmp T_12.102;
T_12.101 ;
    %load/vec4 v0x5bf8d832f7f0_0;
    %flag_set/vec4 9;
    %flag_get/vec4 9;
    %jmp/0 T_12.113, 9;
    %ix/load 4, 3, 0;
    %flag_set/imm 4, 0;
    %load/vec4a v0x5bf8d832f5d0, 4;
    %pad/u 32;
    %pushi/vec4 0, 0, 32;
    %cmp/e;
    %flag_get/vec4 4;
    %and;
T_12.113;
    %flag_set/vec4 8;
    %jmp/0xz  T_12.111, 8;
    %ix/load 4, 0, 0;
    %flag_set/imm 4, 0;
    %load/vec4a v0x5bf8d8331700, 4;
    %pad/u 32;
    %cmpi/ne 1, 0, 32;
    %jmp/0xz  T_12.114, 6;
    %vpi_call/w 3 1774 "$display" {0 0 0};
    %vpi_call/w 3 1775 "$display", "%12s ***time = %0d,START TEST FOR ONE SIDED RESET OF READ WHILE STRESS WRITE***", "\000", $time {0 0 0};
    %vpi_call/w 3 1776 "$display", "%12s ***(to make sure system will not collapse even if one sided reset occur, nevertheless output during this period is ineffective as data loss may occur)***", "\000" {0 0 0};
    %vpi_call/w 3 1777 "$display" {0 0 0};
    %pushi/vec4 1, 0, 1;
    %ix/load 4, 0, 0;
    %flag_set/imm 4, 0;
    %store/vec4a v0x5bf8d8331700, 4, 0;
T_12.114 ;
    %ix/load 4, 4, 0;
    %flag_set/imm 4, 0;
    %load/vec4a v0x5bf8d832f8b0, 4;
    %flag_set/vec4 10;
    %flag_get/vec4 10;
    %jmp/0 T_12.119, 10;
    %load/vec4 v0x5bf8d832c670_0;
    %and;
T_12.119;
    %flag_set/vec4 9;
    %flag_get/vec4 9;
    %jmp/0 T_12.118, 9;
    %load/vec4 v0x5bf8d832b6a0_0;
    %pushi/vec4 0, 0, 5;
    %cmp/e;
    %flag_get/vec4 4;
    %and;
T_12.118;
    %flag_set/vec4 8;
    %jmp/0xz  T_12.116, 8;
    %pushi/vec4 2, 0, 2;
    %split/vec4 1;
    %store/vec4 v0x5bf8d832aef0_0, 0, 1;
    %store/vec4 v0x5bf8d832b780_0, 0, 1;
    %pushi/vec4 0, 0, 1;
    %ix/load 4, 4, 0;
    %flag_set/imm 4, 0;
    %store/vec4a v0x5bf8d832f8b0, 4, 0;
    %pushi/vec4 1, 0, 1;
    %store/vec4 v0x5bf8d832f510_0, 0, 1;
    %jmp T_12.117;
T_12.116 ;
    %load/vec4 v0x5bf8d832fef0_0;
    %flag_set/vec4 8;
    %jmp/0xz  T_12.120, 8;
    %pushi/vec4 0, 0, 2;
    %split/vec4 1;
    %store/vec4 v0x5bf8d832aef0_0, 0, 1;
    %store/vec4 v0x5bf8d832b780_0, 0, 1;
    %jmp T_12.121;
T_12.120 ;
    %load/vec4 v0x5bf8d832c070_0;
    %cmpi/u 16, 0, 5;
    %flag_or 5, 4; GT is !LE
    %flag_inv 5;
    %flag_get/vec4 5;
    %jmp/0 T_12.124, 5;
    %load/vec4 v0x5bf8d832fef0_0;
    %pad/u 32;
    %pushi/vec4 1, 0, 32;
    %cmp/ne;
    %flag_get/vec4 6;
    %and;
T_12.124;
    %flag_set/vec4 8;
    %jmp/0xz  T_12.122, 8;
    %pushi/vec4 2, 0, 2;
    %split/vec4 1;
    %store/vec4 v0x5bf8d832aef0_0, 0, 1;
    %store/vec4 v0x5bf8d832b780_0, 0, 1;
    %pushi/vec4 1, 0, 1;
    %store/vec4 v0x5bf8d832fef0_0, 0, 1;
    %jmp T_12.123;
T_12.122 ;
    %pushi/vec4 1, 0, 2;
    %split/vec4 1;
    %store/vec4 v0x5bf8d832aef0_0, 0, 1;
    %store/vec4 v0x5bf8d832b780_0, 0, 1;
T_12.123 ;
T_12.121 ;
T_12.117 ;
    %jmp T_12.112;
T_12.111 ;
    %load/vec4 v0x5bf8d832fad0_0;
    %flag_set/vec4 9;
    %flag_get/vec4 9;
    %jmp/0 T_12.127, 9;
    %ix/load 4, 3, 0;
    %flag_set/imm 4, 0;
    %load/vec4a v0x5bf8d832f8b0, 4;
    %pad/u 32;
    %pushi/vec4 0, 0, 32;
    %cmp/e;
    %flag_get/vec4 4;
    %and;
T_12.127;
    %flag_set/vec4 8;
    %jmp/0xz  T_12.125, 8;
    %ix/load 4, 1, 0;
    %flag_set/imm 4, 0;
    %load/vec4a v0x5bf8d8331520, 4;
    %pad/u 32;
    %cmpi/ne 1, 0, 32;
    %jmp/0xz  T_12.128, 6;
    %vpi_call/w 3 1811 "$display" {0 0 0};
    %vpi_call/w 3 1812 "$display", "%12s ***time = %0d,SHARP INTERRUPT OF R_RST TEST***", "\000", $time {0 0 0};
    %vpi_call/w 3 1813 "$display", "%12s ***(interrupt with R_RST between posedges of TICK_R)***", "\000" {0 0 0};
    %vpi_call/w 3 1814 "$display" {0 0 0};
    %pushi/vec4 1, 0, 1;
    %ix/load 4, 1, 0;
    %flag_set/imm 4, 0;
    %store/vec4a v0x5bf8d8331520, 4, 0;
T_12.128 ;
    %ix/load 4, 3, 0;
    %flag_set/imm 4, 0;
    %load/vec4a v0x5bf8d832f5d0, 4;
    %flag_set/vec4 8;
    %jmp/0xz  T_12.130, 8;
    %pushi/vec4 2, 0, 2;
    %split/vec4 1;
    %assign/vec4 v0x5bf8d832aef0_0, 0;
    %assign/vec4 v0x5bf8d832b780_0, 0;
    %jmp T_12.131;
T_12.130 ;
    %ix/load 4, 1, 0;
    %flag_set/imm 4, 0;
    %load/vec4a v0x5bf8d832fcd0, 4;
    %flag_set/vec4 8;
    %jmp/0xz  T_12.132, 8;
    %pushi/vec4 1, 0, 2;
    %split/vec4 1;
    %assign/vec4 v0x5bf8d832aef0_0, 0;
    %assign/vec4 v0x5bf8d832b780_0, 0;
    %wait E_0x5bf8d8300590;
    %delay 20, 0;
    %pushi/vec4 2, 0, 2;
    %split/vec4 1;
    %assign/vec4 v0x5bf8d832aef0_0, 0;
    %assign/vec4 v0x5bf8d832b780_0, 0;
    %pushi/vec4 1, 0, 1;
    %ix/load 3, 3, 0;
    %flag_set/imm 4, 0;
    %ix/load 4, 0, 0; Constant delay
    %assign/vec4/a/d v0x5bf8d832f5d0, 0, 4;
    %jmp T_12.133;
T_12.132 ;
    %pushi/vec4 0, 0, 2;
    %split/vec4 1;
    %assign/vec4 v0x5bf8d832aef0_0, 0;
    %assign/vec4 v0x5bf8d832b780_0, 0;
T_12.133 ;
T_12.131 ;
    %jmp T_12.126;
T_12.125 ;
    %load/vec4 v0x5bf8d832e6f0_0;
    %cmpi/ne 0, 0, 32;
    %flag_get/vec4 4;
    %jmp/0 T_12.137, 4;
    %ix/load 4, 2, 0;
    %flag_set/imm 4, 0;
    %load/vec4a v0x5bf8d832f5d0, 4;
    %pad/u 32;
    %pushi/vec4 0, 0, 32;
    %cmp/e;
    %flag_get/vec4 4;
    %and;
T_12.137;
    %flag_set/vec4 9;
    %flag_get/vec4 9;
    %jmp/0 T_12.136, 9;
    %load/vec4 v0x5bf8d832fad0_0;
    %pad/u 32;
    %pushi/vec4 1, 0, 32;
    %cmp/ne;
    %flag_get/vec4 6;
    %and;
T_12.136;
    %flag_set/vec4 8;
    %jmp/0xz  T_12.134, 8;
    %ix/load 4, 1, 0;
    %flag_set/imm 4, 0;
    %load/vec4a v0x5bf8d8331700, 4;
    %pad/u 32;
    %cmpi/ne 1, 0, 32;
    %jmp/0xz  T_12.138, 6;
    %vpi_call/w 3 1848 "$display" {0 0 0};
    %vpi_call/w 3 1849 "$display", "%12s ***time = %0d,SHARP INTERRUPT OF W_RST TEST***", "\000", $time {0 0 0};
    %vpi_call/w 3 1850 "$display", "%12s ***(interrupt with W_RST between posedges of TICK_W)***", "\000" {0 0 0};
    %vpi_call/w 3 1851 "$display" {0 0 0};
    %pushi/vec4 1, 0, 1;
    %ix/load 4, 1, 0;
    %flag_set/imm 4, 0;
    %store/vec4a v0x5bf8d8331700, 4, 0;
T_12.138 ;
    %ix/load 4, 3, 0;
    %flag_set/imm 4, 0;
    %load/vec4a v0x5bf8d832f8b0, 4;
    %flag_set/vec4 8;
    %jmp/0xz  T_12.140, 8;
    %ix/load 4, 3, 0;
    %flag_set/imm 4, 0;
    %load/vec4a v0x5bf8d832f8b0, 4;
    %flag_set/vec4 10;
    %flag_get/vec4 10;
    %jmp/0 T_12.145, 10;
    %load/vec4 v0x5bf8d832c670_0;
    %and;
T_12.145;
    %flag_set/vec4 9;
    %flag_get/vec4 9;
    %jmp/0 T_12.144, 9;
    %load/vec4 v0x5bf8d832b6a0_0;
    %pushi/vec4 0, 0, 5;
    %cmp/e;
    %flag_get/vec4 4;
    %and;
T_12.144;
    %flag_set/vec4 8;
    %jmp/0xz  T_12.142, 8;
    %pushi/vec4 2, 0, 2;
    %split/vec4 1;
    %store/vec4 v0x5bf8d832aef0_0, 0, 1;
    %store/vec4 v0x5bf8d832b780_0, 0, 1;
    %pushi/vec4 0, 0, 1;
    %ix/load 4, 3, 0;
    %flag_set/imm 4, 0;
    %store/vec4a v0x5bf8d832f8b0, 4, 0;
    %pushi/vec4 1, 0, 1;
    %store/vec4 v0x5bf8d832fad0_0, 0, 1;
    %jmp T_12.143;
T_12.142 ;
    %pushi/vec4 0, 0, 2;
    %split/vec4 1;
    %store/vec4 v0x5bf8d832aef0_0, 0, 1;
    %store/vec4 v0x5bf8d832b780_0, 0, 1;
T_12.143 ;
T_12.140 ;
    %jmp T_12.135;
T_12.134 ;
    %ix/load 4, 0, 0;
    %flag_set/imm 4, 0;
    %load/vec4a v0x5bf8d832eb90, 4;
    %cmpi/ne 0, 0, 32;
    %flag_get/vec4 4;
    %jmp/0 T_12.150, 4;
    %ix/load 4, 0, 0;
    %flag_set/imm 4, 0;
    %load/vec4a v0x5bf8d832e470, 4;
    %pushi/vec4 0, 0, 32;
    %cmp/ne;
    %flag_get/vec4 4;
    %and;
T_12.150;
    %flag_set/vec4 10;
    %flag_get/vec4 10;
    %jmp/0 T_12.149, 10;
    %load/vec4 v0x5bf8d832ee10_0;
    %pushi/vec4 0, 0, 32;
    %cmp/ne;
    %flag_get/vec4 4;
    %and;
T_12.149;
    %flag_set/vec4 9;
    %flag_get/vec4 9;
    %jmp/0 T_12.148, 9;
    %ix/load 4, 2, 0;
    %flag_set/imm 4, 0;
    %load/vec4a v0x5bf8d832f8b0, 4;
    %pad/u 32;
    %pushi/vec4 0, 0, 32;
    %cmp/e;
    %flag_get/vec4 4;
    %and;
T_12.148;
    %flag_set/vec4 8;
    %jmp/0xz  T_12.146, 8;
    %ix/load 4, 2, 0;
    %flag_set/imm 4, 0;
    %load/vec4a v0x5bf8d8331520, 4;
    %pad/u 32;
    %cmpi/ne 1, 0, 32;
    %jmp/0xz  T_12.151, 6;
    %vpi_call/w 3 1876 "$display" {0 0 0};
    %vpi_call/w 3 1877 "$display", "%12s ***time = %0d,READ STRESS TEST***", "\000", $time {0 0 0};
    %vpi_call/w 3 1878 "$display", "%12s ***(READ FROM FULL UNTIL EMPTY)***", "\000" {0 0 0};
    %vpi_call/w 3 1879 "$display" {0 0 0};
    %pushi/vec4 1, 0, 1;
    %ix/load 4, 2, 0;
    %flag_set/imm 4, 0;
    %store/vec4a v0x5bf8d8331520, 4, 0;
T_12.151 ;
    %ix/load 4, 2, 0;
    %flag_set/imm 4, 0;
    %load/vec4a v0x5bf8d832f5d0, 4;
    %flag_set/vec4 8;
    %jmp/0xz  T_12.153, 8;
    %pushi/vec4 2, 0, 2;
    %split/vec4 1;
    %store/vec4 v0x5bf8d832aef0_0, 0, 1;
    %store/vec4 v0x5bf8d832b780_0, 0, 1;
    %jmp T_12.154;
T_12.153 ;
    %ix/load 4, 0, 0;
    %flag_set/imm 4, 0;
    %load/vec4a v0x5bf8d832fcd0, 4;
    %flag_set/vec4 10;
    %flag_get/vec4 10;
    %jmp/0 T_12.158, 10;
    %load/vec4 v0x5bf8d8330b10_0;
    %and;
T_12.158;
    %flag_set/vec4 9;
    %flag_get/vec4 9;
    %jmp/0 T_12.157, 9;
    %load/vec4 v0x5bf8d8330a50_0;
    %and;
T_12.157;
    %flag_set/vec4 8;
    %jmp/0xz  T_12.155, 8;
    %pushi/vec4 1, 0, 2;
    %split/vec4 1;
    %store/vec4 v0x5bf8d832aef0_0, 0, 1;
    %store/vec4 v0x5bf8d832b780_0, 0, 1;
    %load/vec4 v0x5bf8d83308d0_0;
    %flag_set/vec4 8;
    %jmp/0xz  T_12.159, 8;
    %pushi/vec4 0, 0, 2;
    %split/vec4 1;
    %store/vec4 v0x5bf8d832aef0_0, 0, 1;
    %store/vec4 v0x5bf8d832b780_0, 0, 1;
    %pushi/vec4 1, 0, 1;
    %ix/load 4, 2, 0;
    %flag_set/imm 4, 0;
    %store/vec4a v0x5bf8d832f5d0, 4, 0;
    %pushi/vec4 0, 0, 1;
    %ix/load 4, 0, 0;
    %flag_set/imm 4, 0;
    %store/vec4a v0x5bf8d832fcd0, 4, 0;
T_12.159 ;
    %jmp T_12.156;
T_12.155 ;
    %pushi/vec4 0, 0, 2;
    %split/vec4 1;
    %store/vec4 v0x5bf8d832aef0_0, 0, 1;
    %store/vec4 v0x5bf8d832b780_0, 0, 1;
T_12.156 ;
T_12.154 ;
    %jmp T_12.147;
T_12.146 ;
    %ix/load 4, 0, 0;
    %flag_set/imm 4, 0;
    %load/vec4a v0x5bf8d832eb90, 4;
    %cmpi/ne 0, 0, 32;
    %flag_get/vec4 4;
    %jmp/0 T_12.164, 4;
    %ix/load 4, 0, 0;
    %flag_set/imm 4, 0;
    %load/vec4a v0x5bf8d832e470, 4;
    %pushi/vec4 0, 0, 32;
    %cmp/ne;
    %flag_get/vec4 4;
    %and;
T_12.164;
    %flag_set/vec4 9;
    %flag_get/vec4 9;
    %jmp/0 T_12.163, 9;
    %ix/load 4, 1, 0;
    %flag_set/imm 4, 0;
    %load/vec4a v0x5bf8d832f5d0, 4;
    %pad/u 32;
    %pushi/vec4 0, 0, 32;
    %cmp/e;
    %flag_get/vec4 4;
    %and;
T_12.163;
    %flag_set/vec4 8;
    %jmp/0xz  T_12.161, 8;
    %ix/load 4, 2, 0;
    %flag_set/imm 4, 0;
    %load/vec4a v0x5bf8d8331700, 4;
    %pad/u 32;
    %cmpi/ne 1, 0, 32;
    %jmp/0xz  T_12.165, 6;
    %vpi_call/w 3 1917 "$display" {0 0 0};
    %vpi_call/w 3 1918 "$display", "%12s ***time = %0d,WRITE STRESS TEST***", "\000", $time {0 0 0};
    %vpi_call/w 3 1919 "$display", "%12s ***(WRITE FROM EMPTY UNTIL FULL)***", "\000" {0 0 0};
    %vpi_call/w 3 1920 "$display" {0 0 0};
    %pushi/vec4 1, 0, 1;
    %ix/load 4, 2, 0;
    %flag_set/imm 4, 0;
    %store/vec4a v0x5bf8d8331700, 4, 0;
T_12.165 ;
    %ix/load 4, 2, 0;
    %flag_set/imm 4, 0;
    %load/vec4a v0x5bf8d832f8b0, 4;
    %flag_set/vec4 10;
    %flag_get/vec4 10;
    %jmp/0 T_12.170, 10;
    %load/vec4 v0x5bf8d832c670_0;
    %load/vec4 v0x5bf8d832be30_0;
    %concat/vec4; draw_concat_vec4
    %pushi/vec4 2, 0, 2;
    %cmp/e;
    %flag_get/vec4 4;
    %and;
T_12.170;
    %flag_set/vec4 9;
    %flag_get/vec4 9;
    %jmp/0 T_12.169, 9;
    %load/vec4 v0x5bf8d832c590_0;
    %pushi/vec4 0, 0, 5;
    %cmp/e;
    %flag_get/vec4 4;
    %and;
T_12.169;
    %flag_set/vec4 8;
    %jmp/0xz  T_12.167, 8;
    %pushi/vec4 2, 0, 2;
    %split/vec4 1;
    %store/vec4 v0x5bf8d832aef0_0, 0, 1;
    %store/vec4 v0x5bf8d832b780_0, 0, 1;
    %pushi/vec4 0, 0, 1;
    %ix/load 4, 2, 0;
    %flag_set/imm 4, 0;
    %store/vec4a v0x5bf8d832f8b0, 4, 0;
    %pushi/vec4 1, 0, 32;
    %store/vec4 v0x5bf8d832ee10_0, 0, 32;
    %jmp T_12.168;
T_12.167 ;
    %pushi/vec4 0, 0, 2;
    %split/vec4 1;
    %store/vec4 v0x5bf8d832aef0_0, 0, 1;
    %store/vec4 v0x5bf8d832b780_0, 0, 1;
T_12.168 ;
T_12.161 ;
T_12.147 ;
T_12.135 ;
T_12.126 ;
T_12.112 ;
T_12.102 ;
T_12.91 ;
    %ix/load 4, 0, 0;
    %flag_set/imm 4, 0;
    %load/vec4a v0x5bf8d832eb90, 4;
    %cmpi/ne 0, 0, 32;
    %jmp/0xz  T_12.171, 4;
    %ix/load 4, 1, 0;
    %flag_set/imm 4, 0;
    %load/vec4a v0x5bf8d832f8b0, 4;
    %flag_set/vec4 8;
    %jmp/0xz  T_12.173, 8;
    %ix/load 4, 1, 0;
    %flag_set/imm 4, 0;
    %load/vec4a v0x5bf8d832f8b0, 4;
    %flag_set/vec4 9;
    %flag_get/vec4 9;
    %jmp/0 T_12.177, 9;
    %load/vec4 v0x5bf8d832c590_0;
    %pushi/vec4 0, 0, 5;
    %cmp/e;
    %flag_get/vec4 4;
    %and;
T_12.177;
    %flag_set/vec4 8;
    %jmp/0xz  T_12.175, 8;
    %pushi/vec4 2, 0, 2;
    %split/vec4 1;
    %store/vec4 v0x5bf8d832aef0_0, 0, 1;
    %store/vec4 v0x5bf8d832b780_0, 0, 1;
    %pushi/vec4 0, 0, 1;
    %ix/load 4, 1, 0;
    %flag_set/imm 4, 0;
    %store/vec4a v0x5bf8d832f8b0, 4, 0;
    %jmp T_12.176;
T_12.175 ;
    %pushi/vec4 0, 0, 2;
    %split/vec4 1;
    %store/vec4 v0x5bf8d832aef0_0, 0, 1;
    %store/vec4 v0x5bf8d832b780_0, 0, 1;
    %pushi/vec4 1, 0, 1;
    %ix/load 4, 1, 0;
    %flag_set/imm 4, 0;
    %store/vec4a v0x5bf8d832f8b0, 4, 0;
T_12.176 ;
T_12.173 ;
    %ix/load 4, 3, 0;
    %flag_set/imm 4, 0;
    %load/vec4a v0x5bf8d8331520, 4;
    %pad/u 32;
    %cmpi/ne 1, 0, 32;
    %jmp/0xz  T_12.178, 6;
    %vpi_call/w 3 1961 "$display" {0 0 0};
    %vpi_call/w 3 1962 "$display", "%12s ***time = %0d,GENERAL_READ_TEST***", "\000", $time {0 0 0};
    %vpi_call/w 3 1963 "$display" {0 0 0};
    %pushi/vec4 1, 0, 1;
    %ix/load 4, 3, 0;
    %flag_set/imm 4, 0;
    %store/vec4a v0x5bf8d8331520, 4, 0;
    %jmp T_12.179;
T_12.178 ;
    %ix/load 4, 1, 0;
    %flag_set/imm 4, 0;
    %load/vec4a v0x5bf8d832e470, 4;
    %cmpi/ne 1, 0, 32;
    %jmp/0xz  T_12.180, 6;
    %ix/load 4, 4, 0;
    %flag_set/imm 4, 0;
    %load/vec4a v0x5bf8d8331520, 4;
    %pad/u 32;
    %cmpi/ne 1, 0, 32;
    %jmp/0xz  T_12.182, 6;
    %vpi_call/w 3 1974 "$display" {0 0 0};
    %vpi_call/w 3 1975 "$display", "%12s ***time = %0d,TEST for prev_state_r = !EMPTY_EXPECTED and current_state = {R_RST,R_EN}***", "\000", $time {0 0 0};
    %vpi_call/w 3 1976 "$display" {0 0 0};
    %pushi/vec4 1, 0, 1;
    %ix/load 4, 4, 0;
    %flag_set/imm 4, 0;
    %store/vec4a v0x5bf8d8331520, 4, 0;
T_12.182 ;
    %ix/load 4, 0, 0;
    %flag_set/imm 4, 0;
    %load/vec4a v0x5bf8d832f5d0, 4;
    %flag_set/vec4 8;
    %jmp/0xz  T_12.184, 8;
    %pushi/vec4 2, 0, 2;
    %split/vec4 1;
    %store/vec4 v0x5bf8d832aef0_0, 0, 1;
    %store/vec4 v0x5bf8d832b780_0, 0, 1;
    %jmp T_12.185;
T_12.184 ;
    %pushi/vec4 0, 0, 1;
    %ix/load 4, 0, 0;
    %flag_set/imm 4, 0;
    %store/vec4a v0x5bf8d8330330, 4, 0;
    %fork t_13, S_0x5bf8d831f430;
    %jmp t_12;
    .scope S_0x5bf8d831f430;
t_13 ;
    %pushi/vec4 0, 0, 32;
    %store/vec4 v0x5bf8d831f630_0, 0, 32;
T_12.186 ;
    %load/vec4 v0x5bf8d831f630_0;
    %cmpi/s 3, 0, 32;
    %jmp/0xz T_12.187, 5;
    %load/vec4 v0x5bf8d831f630_0;
    %addi 14, 0, 32;
    %ix/vec4/s 4;
    %load/vec4a v0x5bf8d832e7d0, 4;
    %nor/r;
    %flag_set/vec4 11;
    %flag_get/vec4 11;
    %jmp/0 T_12.192, 11;
    %ix/load 4, 0, 0;
    %flag_set/imm 4, 0;
    %load/vec4a v0x5bf8d8330330, 4;
    %nor/r;
    %and;
T_12.192;
    %flag_set/vec4 10;
    %flag_get/vec4 10;
    %jmp/0 T_12.191, 10;
    %load/vec4 v0x5bf8d8330a50_0;
    %and;
T_12.191;
    %flag_set/vec4 9;
    %flag_get/vec4 9;
    %jmp/0 T_12.190, 9;
    %load/vec4 v0x5bf8d8330b10_0;
    %and;
T_12.190;
    %flag_set/vec4 8;
    %jmp/0xz  T_12.188, 8;
    %load/vec4 v0x5bf8d83308d0_0;
    %flag_set/vec4 8;
    %jmp/0xz  T_12.193, 8;
    %pushi/vec4 0, 0, 2;
    %split/vec4 1;
    %store/vec4 v0x5bf8d832aef0_0, 0, 1;
    %store/vec4 v0x5bf8d832b780_0, 0, 1;
    %pushi/vec4 1, 0, 1;
    %ix/load 4, 0, 0;
    %flag_set/imm 4, 0;
    %store/vec4a v0x5bf8d8330330, 4, 0;
    %jmp T_12.194;
T_12.193 ;
    %load/vec4 v0x5bf8d831f630_0;
    %parti/s 2, 0, 2;
    %split/vec4 1;
    %store/vec4 v0x5bf8d832aef0_0, 0, 1;
    %store/vec4 v0x5bf8d832b780_0, 0, 1;
    %pushi/vec4 1, 0, 1;
    %ix/load 4, 0, 0;
    %flag_set/imm 4, 0;
    %store/vec4a v0x5bf8d8330330, 4, 0;
    %pushi/vec4 1, 0, 1;
    %ix/load 4, 0, 0;
    %flag_set/imm 4, 0;
    %store/vec4a v0x5bf8d832f5d0, 4, 0;
T_12.194 ;
T_12.188 ;
    ; show_stmt_assign_vector: Get l-value for compressed += operand
    %load/vec4 v0x5bf8d831f630_0;
    %pushi/vec4 1, 0, 32;
    %add;
    %cast2;
    %store/vec4 v0x5bf8d831f630_0, 0, 32;
    %jmp T_12.186;
T_12.187 ;
    %end;
    .scope S_0x5bf8d831f250;
t_12 %join;
T_12.185 ;
    %pushi/vec4 1, 0, 32;
    %ix/load 4, 1, 0;
    %flag_set/imm 4, 0;
    %store/vec4a v0x5bf8d832e470, 4, 0;
    %fork t_15, S_0x5bf8d831f730;
    %jmp t_14;
    .scope S_0x5bf8d831f730;
t_15 ;
    %pushi/vec4 14, 0, 32;
    %store/vec4 v0x5bf8d831f930_0, 0, 32;
T_12.195 ;
    %load/vec4 v0x5bf8d831f930_0;
    %cmpi/s 17, 0, 32;
    %jmp/0xz T_12.196, 5;
    %ix/getv/s 4, v0x5bf8d831f930_0;
    %load/vec4a v0x5bf8d832e7d0, 4;
    %nor/r;
    %flag_set/vec4 8;
    %jmp/0xz  T_12.197, 8;
    %pushi/vec4 0, 0, 32;
    %ix/load 4, 1, 0;
    %flag_set/imm 4, 0;
    %store/vec4a v0x5bf8d832e470, 4, 0;
T_12.197 ;
    ; show_stmt_assign_vector: Get l-value for compressed += operand
    %load/vec4 v0x5bf8d831f930_0;
    %pushi/vec4 1, 0, 32;
    %add;
    %cast2;
    %store/vec4 v0x5bf8d831f930_0, 0, 32;
    %jmp T_12.195;
T_12.196 ;
    %end;
    .scope S_0x5bf8d831f250;
t_14 %join;
    %jmp T_12.181;
T_12.180 ;
    %ix/load 4, 1, 0;
    %flag_set/imm 4, 0;
    %load/vec4a v0x5bf8d832eb90, 4;
    %cmpi/ne 0, 0, 32;
    %jmp/0xz  T_12.199, 4;
    %ix/load 4, 5, 0;
    %flag_set/imm 4, 0;
    %load/vec4a v0x5bf8d8331520, 4;
    %pad/u 32;
    %cmpi/ne 1, 0, 32;
    %jmp/0xz  T_12.201, 6;
    %vpi_call/w 3 2026 "$display" {0 0 0};
    %vpi_call/w 3 2027 "$display", "%12s ***time = %0d, TEST for prev_state_r = EMPTY_EXPECTED and current_state = {R_RST,R_EN}***", "\000", $time {0 0 0};
    %vpi_call/w 3 2028 "$display" {0 0 0};
    %pushi/vec4 1, 0, 1;
    %ix/load 4, 5, 0;
    %flag_set/imm 4, 0;
    %store/vec4a v0x5bf8d8331520, 4, 0;
T_12.201 ;
    %ix/load 4, 1, 0;
    %flag_set/imm 4, 0;
    %load/vec4a v0x5bf8d832f5d0, 4;
    %flag_set/vec4 8;
    %jmp/0xz  T_12.203, 8;
    %pushi/vec4 2, 0, 2;
    %split/vec4 1;
    %store/vec4 v0x5bf8d832aef0_0, 0, 1;
    %store/vec4 v0x5bf8d832b780_0, 0, 1;
    %jmp T_12.204;
T_12.203 ;
    %pushi/vec4 0, 0, 1;
    %ix/load 4, 1, 0;
    %flag_set/imm 4, 0;
    %store/vec4a v0x5bf8d8330330, 4, 0;
    %fork t_17, S_0x5bf8d831fa10;
    %jmp t_16;
    .scope S_0x5bf8d831fa10;
t_17 ;
    %pushi/vec4 0, 0, 32;
    %store/vec4 v0x5bf8d831fbf0_0, 0, 32;
T_12.205 ;
    %load/vec4 v0x5bf8d831fbf0_0;
    %cmpi/s 3, 0, 32;
    %jmp/0xz T_12.206, 5;
    %load/vec4 v0x5bf8d831fbf0_0;
    %addi 17, 0, 32;
    %ix/vec4/s 4;
    %load/vec4a v0x5bf8d832e7d0, 4;
    %nor/r;
    %flag_set/vec4 12;
    %flag_get/vec4 12;
    %jmp/0 T_12.212, 12;
    %ix/load 4, 1, 0;
    %flag_set/imm 4, 0;
    %load/vec4a v0x5bf8d832e470, 4;
    %pushi/vec4 0, 0, 32;
    %cmp/ne;
    %flag_get/vec4 4;
    %and;
T_12.212;
    %flag_set/vec4 11;
    %flag_get/vec4 11;
    %jmp/0 T_12.211, 11;
    %ix/load 4, 1, 0;
    %flag_set/imm 4, 0;
    %load/vec4a v0x5bf8d8330330, 4;
    %nor/r;
    %and;
T_12.211;
    %flag_set/vec4 10;
    %flag_get/vec4 10;
    %jmp/0 T_12.210, 10;
    %load/vec4 v0x5bf8d8330a50_0;
    %and;
T_12.210;
    %flag_set/vec4 9;
    %flag_get/vec4 9;
    %jmp/0 T_12.209, 9;
    %load/vec4 v0x5bf8d8330b10_0;
    %and;
T_12.209;
    %flag_set/vec4 8;
    %jmp/0xz  T_12.207, 8;
    %load/vec4 v0x5bf8d83308d0_0;
    %nor/r;
    %flag_set/vec4 8;
    %jmp/0xz  T_12.213, 8;
    %pushi/vec4 2, 0, 2;
    %split/vec4 1;
    %store/vec4 v0x5bf8d832aef0_0, 0, 1;
    %store/vec4 v0x5bf8d832b780_0, 0, 1;
    %pushi/vec4 1, 0, 1;
    %ix/load 4, 1, 0;
    %flag_set/imm 4, 0;
    %store/vec4a v0x5bf8d8330330, 4, 0;
    %jmp T_12.214;
T_12.213 ;
    %load/vec4 v0x5bf8d831fbf0_0;
    %parti/s 2, 0, 2;
    %split/vec4 1;
    %store/vec4 v0x5bf8d832aef0_0, 0, 1;
    %store/vec4 v0x5bf8d832b780_0, 0, 1;
    %pushi/vec4 1, 0, 1;
    %ix/load 4, 1, 0;
    %flag_set/imm 4, 0;
    %store/vec4a v0x5bf8d8330330, 4, 0;
    %pushi/vec4 1, 0, 1;
    %ix/load 4, 1, 0;
    %flag_set/imm 4, 0;
    %store/vec4a v0x5bf8d832f5d0, 4, 0;
T_12.214 ;
T_12.207 ;
    ; show_stmt_assign_vector: Get l-value for compressed += operand
    %load/vec4 v0x5bf8d831fbf0_0;
    %pushi/vec4 1, 0, 32;
    %add;
    %cast2;
    %store/vec4 v0x5bf8d831fbf0_0, 0, 32;
    %jmp T_12.205;
T_12.206 ;
    %end;
    .scope S_0x5bf8d831f250;
t_16 %join;
T_12.204 ;
    %pushi/vec4 1, 0, 32;
    %ix/load 4, 2, 0;
    %flag_set/imm 4, 0;
    %store/vec4a v0x5bf8d832e470, 4, 0;
    %fork t_19, S_0x5bf8d831fcd0;
    %jmp t_18;
    .scope S_0x5bf8d831fcd0;
t_19 ;
    %pushi/vec4 17, 0, 32;
    %store/vec4 v0x5bf8d831feb0_0, 0, 32;
T_12.215 ;
    %load/vec4 v0x5bf8d831feb0_0;
    %cmpi/s 20, 0, 32;
    %jmp/0xz T_12.216, 5;
    %ix/getv/s 4, v0x5bf8d831feb0_0;
    %load/vec4a v0x5bf8d832e7d0, 4;
    %nor/r;
    %flag_set/vec4 8;
    %jmp/0xz  T_12.217, 8;
    %pushi/vec4 0, 0, 32;
    %ix/load 4, 2, 0;
    %flag_set/imm 4, 0;
    %store/vec4a v0x5bf8d832e470, 4, 0;
T_12.217 ;
    ; show_stmt_assign_vector: Get l-value for compressed += operand
    %load/vec4 v0x5bf8d831feb0_0;
    %pushi/vec4 1, 0, 32;
    %add;
    %cast2;
    %store/vec4 v0x5bf8d831feb0_0, 0, 32;
    %jmp T_12.215;
T_12.216 ;
    %end;
    .scope S_0x5bf8d831f250;
t_18 %join;
T_12.199 ;
T_12.181 ;
T_12.179 ;
    %load/vec4 v0x5bf8d8330a50_0;
    %flag_set/vec4 9;
    %flag_get/vec4 9;
    %jmp/0 T_12.221, 9;
    %load/vec4 v0x5bf8d8330b10_0;
    %and;
T_12.221;
    %flag_set/vec4 8;
    %jmp/0xz  T_12.219, 8;
    %load/vec4 v0x5bf8d83308d0_0;
    %load/vec4 v0x5bf8d832b780_0;
    %concat/vec4; draw_concat_vec4
    %load/vec4 v0x5bf8d832aef0_0;
    %concat/vec4; draw_concat_vec4
    %cmpi/u 3, 0, 3;
    %jmp/0xz  T_12.222, 5;
    ; show_stmt_assign_vector: Get l-value for compressed += operand
    %load/vec4 v0x5bf8d83308d0_0;
    %load/vec4 v0x5bf8d832b780_0;
    %concat/vec4; draw_concat_vec4
    %load/vec4 v0x5bf8d832aef0_0;
    %concat/vec4; draw_concat_vec4
    %pad/u 32;
    %addi 14, 0, 32;
    %ix/vec4 4;
    %flag_mov 8, 4;
    %load/vec4a v0x5bf8d832e7d0, 4;
    %pushi/vec4 1, 0, 32;
    %add;
    %flag_mov 4, 8;
    %store/vec4a v0x5bf8d832e7d0, 4, 0;
    %jmp T_12.223;
T_12.222 ;
    %load/vec4 v0x5bf8d83308d0_0;
    %load/vec4 v0x5bf8d832b780_0;
    %concat/vec4; draw_concat_vec4
    %load/vec4 v0x5bf8d832aef0_0;
    %concat/vec4; draw_concat_vec4
    %cmpi/u 3, 0, 3;
    %flag_or 5, 4; GT is !LE
    %flag_inv 5;
    %jmp/0xz  T_12.224, 5;
    ; show_stmt_assign_vector: Get l-value for compressed += operand
    %load/vec4 v0x5bf8d83308d0_0;
    %load/vec4 v0x5bf8d832b780_0;
    %concat/vec4; draw_concat_vec4
    %load/vec4 v0x5bf8d832aef0_0;
    %concat/vec4; draw_concat_vec4
    %pad/u 32;
    %addi 13, 0, 32;
    %ix/vec4 4;
    %flag_mov 8, 4;
    %load/vec4a v0x5bf8d832e7d0, 4;
    %pushi/vec4 1, 0, 32;
    %add;
    %flag_mov 4, 8;
    %store/vec4a v0x5bf8d832e7d0, 4, 0;
T_12.224 ;
T_12.223 ;
T_12.219 ;
    %pushi/vec4 1, 0, 32;
    %ix/load 4, 0, 0;
    %flag_set/imm 4, 0;
    %store/vec4a v0x5bf8d832e470, 4, 0;
    %fork t_21, S_0x5bf8d831ffb0;
    %jmp t_20;
    .scope S_0x5bf8d831ffb0;
t_21 ;
    %pushi/vec4 14, 0, 32;
    %store/vec4 v0x5bf8d83201e0_0, 0, 32;
T_12.226 ;
    %load/vec4 v0x5bf8d83201e0_0;
    %cmpi/s 20, 0, 32;
    %jmp/0xz T_12.227, 5;
    %ix/getv/s 4, v0x5bf8d83201e0_0;
    %load/vec4a v0x5bf8d832e7d0, 4;
    %nor/r;
    %flag_set/vec4 8;
    %jmp/0xz  T_12.228, 8;
    %pushi/vec4 0, 0, 32;
    %ix/load 4, 0, 0;
    %flag_set/imm 4, 0;
    %store/vec4a v0x5bf8d832e470, 4, 0;
T_12.228 ;
    ; show_stmt_assign_vector: Get l-value for compressed += operand
    %load/vec4 v0x5bf8d83201e0_0;
    %pushi/vec4 1, 0, 32;
    %add;
    %cast2;
    %store/vec4 v0x5bf8d83201e0_0, 0, 32;
    %jmp T_12.226;
T_12.227 ;
    %end;
    .scope S_0x5bf8d831f250;
t_20 %join;
    %pushi/vec4 1, 0, 1;
    %store/vec4 v0x5bf8d8330a50_0, 0, 1;
    %ix/load 4, 0, 0;
    %flag_set/imm 4, 0;
    %load/vec4a v0x5bf8d832f5d0, 4;
    %flag_set/vec4 8;
    %jmp/1 T_12.233, 8;
    %ix/load 4, 1, 0;
    %flag_set/imm 4, 0;
    %load/vec4a v0x5bf8d832f5d0, 4;
    %flag_set/vec4 9;
    %flag_or 8, 9;
T_12.233;
    %jmp/1 T_12.232, 8;
    %ix/load 4, 2, 0;
    %flag_set/imm 4, 0;
    %load/vec4a v0x5bf8d832f5d0, 4;
    %flag_set/vec4 9;
    %flag_or 8, 9;
T_12.232;
    %jmp/0xz  T_12.230, 8;
    %pushi/vec4 0, 0, 1;
    %store/vec4 v0x5bf8d8330a50_0, 0, 1;
T_12.230 ;
    %jmp T_12.172;
T_12.171 ;
    %ix/load 4, 3, 0;
    %flag_set/imm 4, 0;
    %load/vec4a v0x5bf8d8331700, 4;
    %pad/u 32;
    %cmpi/ne 1, 0, 32;
    %jmp/0xz  T_12.234, 6;
    %vpi_call/w 3 2118 "$display" {0 0 0};
    %vpi_call/w 3 2119 "$display", "%12s ***time = %0d,GENERAL_WRITE_TEST***", "\000", $time {0 0 0};
    %vpi_call/w 3 2120 "$display" {0 0 0};
    %pushi/vec4 1, 0, 1;
    %ix/load 4, 3, 0;
    %flag_set/imm 4, 0;
    %store/vec4a v0x5bf8d8331700, 4, 0;
T_12.234 ;
    %ix/load 4, 0, 0;
    %flag_set/imm 4, 0;
    %load/vec4a v0x5bf8d832f8b0, 4;
    %flag_set/vec4 8;
    %jmp/0xz  T_12.236, 8;
    %ix/load 4, 0, 0;
    %flag_set/imm 4, 0;
    %load/vec4a v0x5bf8d832f8b0, 4;
    %flag_set/vec4 10;
    %flag_get/vec4 10;
    %jmp/0 T_12.241, 10;
    %load/vec4 v0x5bf8d832c670_0;
    %load/vec4 v0x5bf8d832be30_0;
    %concat/vec4; draw_concat_vec4
    %pushi/vec4 2, 0, 2;
    %cmp/e;
    %flag_get/vec4 4;
    %and;
T_12.241;
    %flag_set/vec4 9;
    %flag_get/vec4 9;
    %jmp/0 T_12.240, 9;
    %load/vec4 v0x5bf8d832c590_0;
    %pushi/vec4 0, 0, 5;
    %cmp/e;
    %flag_get/vec4 4;
    %and;
T_12.240;
    %flag_set/vec4 8;
    %jmp/0xz  T_12.238, 8;
    %pushi/vec4 2, 0, 2;
    %split/vec4 1;
    %store/vec4 v0x5bf8d832aef0_0, 0, 1;
    %store/vec4 v0x5bf8d832b780_0, 0, 1;
    %pushi/vec4 0, 0, 1;
    %ix/load 4, 0, 0;
    %flag_set/imm 4, 0;
    %store/vec4a v0x5bf8d832f8b0, 4, 0;
    %jmp T_12.239;
T_12.238 ;
    %pushi/vec4 0, 0, 2;
    %split/vec4 1;
    %store/vec4 v0x5bf8d832aef0_0, 0, 1;
    %store/vec4 v0x5bf8d832b780_0, 0, 1;
    %pushi/vec4 1, 0, 1;
    %ix/load 4, 0, 0;
    %flag_set/imm 4, 0;
    %store/vec4a v0x5bf8d832f8b0, 4, 0;
T_12.239 ;
    %jmp T_12.237;
T_12.236 ;
    %ix/load 4, 1, 0;
    %flag_set/imm 4, 0;
    %load/vec4a v0x5bf8d832f8b0, 4;
    %flag_set/vec4 8;
    %jmp/0xz  T_12.242, 8;
    %ix/load 4, 1, 0;
    %flag_set/imm 4, 0;
    %load/vec4a v0x5bf8d832f8b0, 4;
    %flag_set/vec4 10;
    %flag_get/vec4 10;
    %jmp/0 T_12.247, 10;
    %load/vec4 v0x5bf8d832c670_0;
    %load/vec4 v0x5bf8d832be30_0;
    %concat/vec4; draw_concat_vec4
    %pushi/vec4 2, 0, 2;
    %cmp/e;
    %flag_get/vec4 4;
    %and;
T_12.247;
    %flag_set/vec4 9;
    %flag_get/vec4 9;
    %jmp/0 T_12.246, 9;
    %load/vec4 v0x5bf8d832c590_0;
    %pushi/vec4 0, 0, 5;
    %cmp/e;
    %flag_get/vec4 4;
    %and;
T_12.246;
    %flag_set/vec4 8;
    %jmp/0xz  T_12.244, 8;
    %pushi/vec4 2, 0, 2;
    %split/vec4 1;
    %store/vec4 v0x5bf8d832aef0_0, 0, 1;
    %store/vec4 v0x5bf8d832b780_0, 0, 1;
    %pushi/vec4 0, 0, 1;
    %ix/load 4, 1, 0;
    %flag_set/imm 4, 0;
    %store/vec4a v0x5bf8d832f8b0, 4, 0;
    %jmp T_12.245;
T_12.244 ;
    %pushi/vec4 0, 0, 2;
    %split/vec4 1;
    %store/vec4 v0x5bf8d832aef0_0, 0, 1;
    %store/vec4 v0x5bf8d832b780_0, 0, 1;
    %pushi/vec4 1, 0, 1;
    %ix/load 4, 1, 0;
    %flag_set/imm 4, 0;
    %store/vec4a v0x5bf8d832f8b0, 4, 0;
T_12.245 ;
    %jmp T_12.243;
T_12.242 ;
    %fork t_23, S_0x5bf8d83202e0;
    %jmp t_22;
    .scope S_0x5bf8d83202e0;
t_23 ;
    %pushi/vec4 0, 0, 32;
    %store/vec4 v0x5bf8d83204c0_0, 0, 32;
T_12.248 ;
    %load/vec4 v0x5bf8d83204c0_0;
    %cmpi/s 3, 0, 32;
    %jmp/0xz T_12.249, 5;
    %pushi/vec4 0, 0, 1;
    %ix/getv/s 4, v0x5bf8d83204c0_0;
    %store/vec4a v0x5bf8d83301f0, 4, 0;
    ; show_stmt_assign_vector: Get l-value for compressed += operand
    %load/vec4 v0x5bf8d83204c0_0;
    %pushi/vec4 1, 0, 32;
    %add;
    %cast2;
    %store/vec4 v0x5bf8d83204c0_0, 0, 32;
    %jmp T_12.248;
T_12.249 ;
    %end;
    .scope S_0x5bf8d831f250;
t_22 %join;
    %ix/load 4, 1, 0;
    %flag_set/imm 4, 0;
    %load/vec4a v0x5bf8d832eb90, 4;
    %cmpi/ne 1, 0, 32;
    %jmp/0xz  T_12.250, 6;
    %ix/load 4, 4, 0;
    %flag_set/imm 4, 0;
    %load/vec4a v0x5bf8d8331700, 4;
    %pad/u 32;
    %cmpi/ne 1, 0, 32;
    %jmp/0xz  T_12.252, 6;
    %vpi_call/w 3 2164 "$display" {0 0 0};
    %vpi_call/w 3 2165 "$display", "%12s ***time = %0d, TEST for prev_state_w = !FULL_EXPECTED and current_state = {W_RST,W_EN}***", "\000", $time {0 0 0};
    %vpi_call/w 3 2166 "$display" {0 0 0};
    %pushi/vec4 1, 0, 1;
    %ix/load 4, 4, 0;
    %flag_set/imm 4, 0;
    %store/vec4a v0x5bf8d8331700, 4, 0;
T_12.252 ;
    %fork t_25, S_0x5bf8d83205c0;
    %jmp t_24;
    .scope S_0x5bf8d83205c0;
t_25 ;
    %pushi/vec4 0, 0, 32;
    %store/vec4 v0x5bf8d83207a0_0, 0, 32;
T_12.254 ;
    %load/vec4 v0x5bf8d83207a0_0;
    %cmpi/s 3, 0, 32;
    %jmp/0xz T_12.255, 5;
    %load/vec4 v0x5bf8d83207a0_0;
    %addi 14, 0, 32;
    %ix/vec4/s 4;
    %load/vec4a v0x5bf8d832eef0, 4;
    %nor/r;
    %flag_set/vec4 9;
    %flag_get/vec4 9;
    %jmp/0 T_12.258, 9;
    %ix/load 4, 0, 0;
    %flag_set/imm 4, 0;
    %load/vec4a v0x5bf8d83301f0, 4;
    %nor/r;
    %and;
T_12.258;
    %flag_set/vec4 8;
    %jmp/0xz  T_12.256, 8;
    %load/vec4 v0x5bf8d8330990_0;
    %flag_set/vec4 8;
    %jmp/0xz  T_12.259, 8;
    %pushi/vec4 2, 0, 2;
    %split/vec4 1;
    %store/vec4 v0x5bf8d832aef0_0, 0, 1;
    %store/vec4 v0x5bf8d832b780_0, 0, 1;
    %pushi/vec4 1, 0, 1;
    %ix/load 4, 0, 0;
    %flag_set/imm 4, 0;
    %store/vec4a v0x5bf8d83301f0, 4, 0;
    %jmp T_12.260;
T_12.259 ;
    %pushi/vec4 0, 0, 2;
    %split/vec4 1;
    %store/vec4 v0x5bf8d832aef0_0, 0, 1;
    %store/vec4 v0x5bf8d832b780_0, 0, 1;
    %pushi/vec4 1, 0, 1;
    %ix/load 4, 0, 0;
    %flag_set/imm 4, 0;
    %store/vec4a v0x5bf8d83301f0, 4, 0;
T_12.260 ;
T_12.256 ;
    ; show_stmt_assign_vector: Get l-value for compressed += operand
    %load/vec4 v0x5bf8d83207a0_0;
    %pushi/vec4 1, 0, 32;
    %add;
    %cast2;
    %store/vec4 v0x5bf8d83207a0_0, 0, 32;
    %jmp T_12.254;
T_12.255 ;
    %end;
    .scope S_0x5bf8d831f250;
t_24 %join;
    %jmp T_12.251;
T_12.250 ;
    %ix/load 4, 1, 0;
    %flag_set/imm 4, 0;
    %load/vec4a v0x5bf8d832eb90, 4;
    %cmpi/ne 0, 0, 32;
    %jmp/0xz  T_12.261, 4;
    %ix/load 4, 5, 0;
    %flag_set/imm 4, 0;
    %load/vec4a v0x5bf8d8331700, 4;
    %pad/u 32;
    %cmpi/ne 1, 0, 32;
    %jmp/0xz  T_12.263, 6;
    %vpi_call/w 3 2189 "$display" {0 0 0};
    %vpi_call/w 3 2190 "$display", "%12s ***time = %0d,TEST for prev_state_w = FULL_EXPECTED and current_state = {W_RST,W_EN}***", "\000", $time {0 0 0};
    %vpi_call/w 3 2191 "$display" {0 0 0};
    %pushi/vec4 1, 0, 1;
    %ix/load 4, 5, 0;
    %flag_set/imm 4, 0;
    %store/vec4a v0x5bf8d8331700, 4, 0;
T_12.263 ;
    %fork t_27, S_0x5bf8d83208a0;
    %jmp t_26;
    .scope S_0x5bf8d83208a0;
t_27 ;
    %pushi/vec4 0, 0, 32;
    %store/vec4 v0x5bf8d8320a80_0, 0, 32;
T_12.265 ;
    %load/vec4 v0x5bf8d8320a80_0;
    %cmpi/s 3, 0, 32;
    %jmp/0xz T_12.266, 5;
    %load/vec4 v0x5bf8d8320a80_0;
    %addi 17, 0, 32;
    %ix/vec4/s 4;
    %load/vec4a v0x5bf8d832eef0, 4;
    %nor/r;
    %flag_set/vec4 10;
    %flag_get/vec4 10;
    %jmp/0 T_12.270, 10;
    %ix/load 4, 1, 0;
    %flag_set/imm 4, 0;
    %load/vec4a v0x5bf8d83301f0, 4;
    %nor/r;
    %and;
T_12.270;
    %flag_set/vec4 9;
    %flag_get/vec4 9;
    %jmp/0 T_12.269, 9;
    %ix/load 4, 1, 0;
    %flag_set/imm 4, 0;
    %load/vec4a v0x5bf8d832eb90, 4;
    %pushi/vec4 0, 0, 32;
    %cmp/ne;
    %flag_get/vec4 4;
    %and;
T_12.269;
    %flag_set/vec4 8;
    %jmp/0xz  T_12.267, 8;
    %pushi/vec4 0, 0, 2;
    %split/vec4 1;
    %store/vec4 v0x5bf8d832aef0_0, 0, 1;
    %store/vec4 v0x5bf8d832b780_0, 0, 1;
    %pushi/vec4 1, 0, 1;
    %ix/load 4, 1, 0;
    %flag_set/imm 4, 0;
    %store/vec4a v0x5bf8d83301f0, 4, 0;
T_12.267 ;
    ; show_stmt_assign_vector: Get l-value for compressed += operand
    %load/vec4 v0x5bf8d8320a80_0;
    %pushi/vec4 1, 0, 32;
    %add;
    %cast2;
    %store/vec4 v0x5bf8d8320a80_0, 0, 32;
    %jmp T_12.265;
T_12.266 ;
    %end;
    .scope S_0x5bf8d831f250;
t_26 %join;
T_12.261 ;
T_12.251 ;
T_12.243 ;
T_12.237 ;
T_12.172 ;
T_12.84 ;
    %load/vec4 v0x5bf8d832e950_0;
    %flag_set/vec4 8;
    %jmp/0xz  T_12.271, 8;
    %pushi/vec4 1, 0, 1;
    %store/vec4 v0x5bf8d8330a50_0, 0, 1;
    %ix/load 4, 0, 0;
    %flag_set/imm 4, 0;
    %load/vec4a v0x5bf8d832f5d0, 4;
    %flag_set/vec4 8;
    %jmp/1 T_12.276, 8;
    %ix/load 4, 1, 0;
    %flag_set/imm 4, 0;
    %load/vec4a v0x5bf8d832f5d0, 4;
    %flag_set/vec4 9;
    %flag_or 8, 9;
T_12.276;
    %jmp/1 T_12.275, 8;
    %ix/load 4, 2, 0;
    %flag_set/imm 4, 0;
    %load/vec4a v0x5bf8d832f5d0, 4;
    %flag_set/vec4 9;
    %flag_or 8, 9;
T_12.275;
    %jmp/0xz  T_12.273, 8;
    %pushi/vec4 0, 0, 1;
    %store/vec4 v0x5bf8d8330a50_0, 0, 1;
T_12.273 ;
    %load/vec4 v0x5bf8d832f210_0;
    %flag_set/vec4 9;
    %flag_get/vec4 9;
    %jmp/0 T_12.279, 9;
    %ix/load 4, 4, 0;
    %flag_set/imm 4, 0;
    %load/vec4a v0x5bf8d832f5d0, 4;
    %pad/u 32;
    %pushi/vec4 0, 0, 32;
    %cmp/e;
    %flag_get/vec4 4;
    %and;
T_12.279;
    %flag_set/vec4 8;
    %jmp/0xz  T_12.277, 8;
    %ix/load 4, 5, 0;
    %flag_set/imm 4, 0;
    %load/vec4a v0x5bf8d832f8b0, 4;
    %flag_set/vec4 10;
    %flag_get/vec4 10;
    %jmp/0 T_12.283, 10;
    %load/vec4 v0x5bf8d832c670_0;
    %and;
T_12.283;
    %flag_set/vec4 9;
    %flag_get/vec4 9;
    %jmp/0 T_12.282, 9;
    %load/vec4 v0x5bf8d832b6a0_0;
    %pushi/vec4 0, 0, 5;
    %cmp/e;
    %flag_get/vec4 4;
    %and;
T_12.282;
    %flag_set/vec4 8;
    %jmp/0xz  T_12.280, 8;
    %pushi/vec4 2, 0, 2;
    %split/vec4 1;
    %store/vec4 v0x5bf8d832aef0_0, 0, 1;
    %store/vec4 v0x5bf8d832b780_0, 0, 1;
    %pushi/vec4 0, 0, 1;
    %ix/load 4, 5, 0;
    %flag_set/imm 4, 0;
    %store/vec4a v0x5bf8d832f8b0, 4, 0;
    %pushi/vec4 1, 0, 1;
    %store/vec4 v0x5bf8d832e230_0, 0, 1;
T_12.280 ;
    %jmp T_12.278;
T_12.277 ;
    %load/vec4 v0x5bf8d832f450_0;
    %flag_set/vec4 9;
    %flag_get/vec4 9;
    %jmp/0 T_12.286, 9;
    %ix/load 4, 4, 0;
    %flag_set/imm 4, 0;
    %load/vec4a v0x5bf8d832f8b0, 4;
    %pad/u 32;
    %pushi/vec4 0, 0, 32;
    %cmp/e;
    %flag_get/vec4 4;
    %and;
T_12.286;
    %flag_set/vec4 8;
    %jmp/0xz  T_12.284, 8;
    %ix/load 4, 0, 0;
    %flag_set/imm 4, 0;
    %load/vec4a v0x5bf8d8331480, 4;
    %pad/u 32;
    %cmpi/ne 1, 0, 32;
    %jmp/0xz  T_12.287, 6;
    %vpi_call/w 3 2243 "$display" {0 0 0};
    %vpi_call/w 3 2244 "$display", "%12s ***time = %0d,START TEST FOR ONE SIDED RESET OF WRITE WHILE STRESS READ***", "\000", $time {0 0 0};
    %vpi_call/w 3 2245 "$display", "%12s ***(to make sure system will not collapse even if one sided reset occur, nevertheless output during this period is ineffective as data loss may occur)***", "\000" {0 0 0};
    %vpi_call/w 3 2246 "$display" {0 0 0};
    %pushi/vec4 1, 0, 1;
    %ix/load 4, 0, 0;
    %flag_set/imm 4, 0;
    %store/vec4a v0x5bf8d8331480, 4, 0;
T_12.287 ;
    %ix/load 4, 4, 0;
    %flag_set/imm 4, 0;
    %load/vec4a v0x5bf8d832f5d0, 4;
    %flag_set/vec4 8;
    %jmp/0xz  T_12.289, 8;
    %pushi/vec4 2, 0, 2;
    %split/vec4 1;
    %store/vec4 v0x5bf8d832aef0_0, 0, 1;
    %store/vec4 v0x5bf8d832b780_0, 0, 1;
    %pushi/vec4 0, 0, 1;
    %ix/load 4, 2, 0;
    %flag_set/imm 4, 0;
    %store/vec4a v0x5bf8d832fc30, 4, 0;
    %jmp T_12.290;
T_12.289 ;
    %load/vec4 v0x5bf8d83308d0_0;
    %flag_set/vec4 9;
    %flag_get/vec4 9;
    %jmp/0 T_12.293, 9;
    %ix/load 4, 2, 0;
    %flag_set/imm 4, 0;
    %load/vec4a v0x5bf8d832fc30, 4;
    %and;
T_12.293;
    %flag_set/vec4 8;
    %jmp/0xz  T_12.291, 8;
    %pushi/vec4 0, 0, 2;
    %split/vec4 1;
    %store/vec4 v0x5bf8d832aef0_0, 0, 1;
    %store/vec4 v0x5bf8d832b780_0, 0, 1;
    %pushi/vec4 1, 0, 1;
    %ix/load 4, 4, 0;
    %flag_set/imm 4, 0;
    %store/vec4a v0x5bf8d832f5d0, 4, 0;
    %jmp T_12.292;
T_12.291 ;
    %pushi/vec4 1, 0, 2;
    %split/vec4 1;
    %store/vec4 v0x5bf8d832aef0_0, 0, 1;
    %store/vec4 v0x5bf8d832b780_0, 0, 1;
T_12.292 ;
T_12.290 ;
    %jmp T_12.285;
T_12.284 ;
    %load/vec4 v0x5bf8d832f730_0;
    %flag_set/vec4 9;
    %flag_get/vec4 9;
    %jmp/0 T_12.296, 9;
    %ix/load 4, 3, 0;
    %flag_set/imm 4, 0;
    %load/vec4a v0x5bf8d832f5d0, 4;
    %pad/u 32;
    %pushi/vec4 0, 0, 32;
    %cmp/e;
    %flag_get/vec4 4;
    %and;
T_12.296;
    %flag_set/vec4 8;
    %jmp/0xz  T_12.294, 8;
    %ix/load 4, 0, 0;
    %flag_set/imm 4, 0;
    %load/vec4a v0x5bf8d8331660, 4;
    %pad/u 32;
    %cmpi/ne 1, 0, 32;
    %jmp/0xz  T_12.297, 6;
    %vpi_call/w 3 2279 "$display" {0 0 0};
    %vpi_call/w 3 2280 "$display", "%12s ***time = %0d,START TEST FOR ONE SIDED RESET OF READ WHILE STRESS WRITE***", "\000", $time {0 0 0};
    %vpi_call/w 3 2281 "$display", "%12s ***(to make sure system will not collapse even if one sided reset occur, nevertheless output during this period is ineffective as data loss may occur)***", "\000" {0 0 0};
    %vpi_call/w 3 2282 "$display" {0 0 0};
    %pushi/vec4 1, 0, 1;
    %ix/load 4, 0, 0;
    %flag_set/imm 4, 0;
    %store/vec4a v0x5bf8d8331660, 4, 0;
T_12.297 ;
    %ix/load 4, 4, 0;
    %flag_set/imm 4, 0;
    %load/vec4a v0x5bf8d832f8b0, 4;
    %flag_set/vec4 8;
    %jmp/0xz  T_12.299, 8;
    %ix/load 4, 4, 0;
    %flag_set/imm 4, 0;
    %load/vec4a v0x5bf8d832f8b0, 4;
    %flag_set/vec4 10;
    %flag_get/vec4 10;
    %jmp/0 T_12.304, 10;
    %load/vec4 v0x5bf8d832c670_0;
    %and;
T_12.304;
    %flag_set/vec4 9;
    %flag_get/vec4 9;
    %jmp/0 T_12.303, 9;
    %load/vec4 v0x5bf8d832b6a0_0;
    %pushi/vec4 0, 0, 5;
    %cmp/e;
    %flag_get/vec4 4;
    %and;
T_12.303;
    %flag_set/vec4 8;
    %jmp/0xz  T_12.301, 8;
    %pushi/vec4 2, 0, 2;
    %split/vec4 1;
    %store/vec4 v0x5bf8d832aef0_0, 0, 1;
    %store/vec4 v0x5bf8d832b780_0, 0, 1;
    %pushi/vec4 0, 0, 1;
    %ix/load 4, 4, 0;
    %flag_set/imm 4, 0;
    %store/vec4a v0x5bf8d832f8b0, 4, 0;
    %pushi/vec4 1, 0, 1;
    %store/vec4 v0x5bf8d832f450_0, 0, 1;
    %jmp T_12.302;
T_12.301 ;
    %pushi/vec4 0, 0, 2;
    %split/vec4 1;
    %store/vec4 v0x5bf8d832aef0_0, 0, 1;
    %store/vec4 v0x5bf8d832b780_0, 0, 1;
T_12.302 ;
    %jmp T_12.300;
T_12.299 ;
    %load/vec4 v0x5bf8d832fe30_0;
    %flag_set/vec4 8;
    %jmp/0xz  T_12.305, 8;
    %pushi/vec4 0, 0, 2;
    %split/vec4 1;
    %store/vec4 v0x5bf8d832aef0_0, 0, 1;
    %store/vec4 v0x5bf8d832b780_0, 0, 1;
    %jmp T_12.306;
T_12.305 ;
    %load/vec4 v0x5bf8d832c070_0;
    %cmpi/u 16, 0, 5;
    %flag_or 5, 4; GT is !LE
    %flag_inv 5;
    %flag_get/vec4 5;
    %jmp/0 T_12.309, 5;
    %load/vec4 v0x5bf8d832fe30_0;
    %pad/u 32;
    %pushi/vec4 1, 0, 32;
    %cmp/ne;
    %flag_get/vec4 6;
    %and;
T_12.309;
    %flag_set/vec4 8;
    %jmp/0xz  T_12.307, 8;
    %pushi/vec4 2, 0, 2;
    %split/vec4 1;
    %store/vec4 v0x5bf8d832aef0_0, 0, 1;
    %store/vec4 v0x5bf8d832b780_0, 0, 1;
    %pushi/vec4 1, 0, 1;
    %store/vec4 v0x5bf8d832fe30_0, 0, 1;
    %jmp T_12.308;
T_12.307 ;
    %pushi/vec4 1, 0, 2;
    %split/vec4 1;
    %store/vec4 v0x5bf8d832aef0_0, 0, 1;
    %store/vec4 v0x5bf8d832b780_0, 0, 1;
T_12.308 ;
T_12.306 ;
T_12.300 ;
    %jmp T_12.295;
T_12.294 ;
    %load/vec4 v0x5bf8d832fa10_0;
    %flag_set/vec4 9;
    %flag_get/vec4 9;
    %jmp/0 T_12.312, 9;
    %ix/load 4, 3, 0;
    %flag_set/imm 4, 0;
    %load/vec4a v0x5bf8d832f8b0, 4;
    %pad/u 32;
    %pushi/vec4 0, 0, 32;
    %cmp/e;
    %flag_get/vec4 4;
    %and;
T_12.312;
    %flag_set/vec4 8;
    %jmp/0xz  T_12.310, 8;
    %ix/load 4, 1, 0;
    %flag_set/imm 4, 0;
    %load/vec4a v0x5bf8d8331480, 4;
    %pad/u 32;
    %cmpi/ne 1, 0, 32;
    %jmp/0xz  T_12.313, 6;
    %vpi_call/w 3 2324 "$display" {0 0 0};
    %vpi_call/w 3 2325 "$display", "%12s ***time = %0d,SHARP INTERRUPT OF R_RST TEST***", "\000", $time {0 0 0};
    %vpi_call/w 3 2326 "$display", "%12s ***(interrupt with R_RST between posedges of TICK_R)***", "\000" {0 0 0};
    %vpi_call/w 3 2327 "$display" {0 0 0};
    %pushi/vec4 1, 0, 1;
    %ix/load 4, 1, 0;
    %flag_set/imm 4, 0;
    %store/vec4a v0x5bf8d8331480, 4, 0;
T_12.313 ;
    %ix/load 4, 3, 0;
    %flag_set/imm 4, 0;
    %load/vec4a v0x5bf8d832f5d0, 4;
    %flag_set/vec4 8;
    %jmp/0xz  T_12.315, 8;
    %pushi/vec4 2, 0, 2;
    %split/vec4 1;
    %assign/vec4 v0x5bf8d832aef0_0, 0;
    %assign/vec4 v0x5bf8d832b780_0, 0;
    %jmp T_12.316;
T_12.315 ;
    %ix/load 4, 1, 0;
    %flag_set/imm 4, 0;
    %load/vec4a v0x5bf8d832fc30, 4;
    %flag_set/vec4 8;
    %jmp/0xz  T_12.317, 8;
    %pushi/vec4 1, 0, 2;
    %split/vec4 1;
    %assign/vec4 v0x5bf8d832aef0_0, 0;
    %assign/vec4 v0x5bf8d832b780_0, 0;
    %wait E_0x5bf8d8300590;
    %delay 20, 0;
    %pushi/vec4 2, 0, 2;
    %split/vec4 1;
    %assign/vec4 v0x5bf8d832aef0_0, 0;
    %assign/vec4 v0x5bf8d832b780_0, 0;
    %pushi/vec4 1, 0, 1;
    %ix/load 3, 3, 0;
    %flag_set/imm 4, 0;
    %ix/load 4, 0, 0; Constant delay
    %assign/vec4/a/d v0x5bf8d832f5d0, 0, 4;
    %jmp T_12.318;
T_12.317 ;
    %pushi/vec4 0, 0, 2;
    %split/vec4 1;
    %assign/vec4 v0x5bf8d832aef0_0, 0;
    %assign/vec4 v0x5bf8d832b780_0, 0;
T_12.318 ;
T_12.316 ;
    %jmp T_12.311;
T_12.310 ;
    %load/vec4 v0x5bf8d832e610_0;
    %cmpi/ne 0, 0, 32;
    %flag_get/vec4 4;
    %jmp/0 T_12.322, 4;
    %ix/load 4, 2, 0;
    %flag_set/imm 4, 0;
    %load/vec4a v0x5bf8d832f5d0, 4;
    %pad/u 32;
    %pushi/vec4 0, 0, 32;
    %cmp/e;
    %flag_get/vec4 4;
    %and;
T_12.322;
    %flag_set/vec4 9;
    %flag_get/vec4 9;
    %jmp/0 T_12.321, 9;
    %load/vec4 v0x5bf8d832fa10_0;
    %pad/u 32;
    %pushi/vec4 1, 0, 32;
    %cmp/ne;
    %flag_get/vec4 6;
    %and;
T_12.321;
    %flag_set/vec4 8;
    %jmp/0xz  T_12.319, 8;
    %ix/load 4, 1, 0;
    %flag_set/imm 4, 0;
    %load/vec4a v0x5bf8d8331660, 4;
    %pad/u 32;
    %cmpi/ne 1, 0, 32;
    %jmp/0xz  T_12.323, 6;
    %vpi_call/w 3 2363 "$display" {0 0 0};
    %vpi_call/w 3 2364 "$display", "%12s ***time = %0d,SHARP INTERRUPT OF W_RST TEST***", "\000", $time {0 0 0};
    %vpi_call/w 3 2365 "$display", "%12s ***(interrupt with W_RST between posedges of TICK_W)***", "\000" {0 0 0};
    %vpi_call/w 3 2366 "$display" {0 0 0};
    %pushi/vec4 1, 0, 1;
    %ix/load 4, 1, 0;
    %flag_set/imm 4, 0;
    %store/vec4a v0x5bf8d8331660, 4, 0;
T_12.323 ;
    %ix/load 4, 3, 0;
    %flag_set/imm 4, 0;
    %load/vec4a v0x5bf8d832f8b0, 4;
    %flag_set/vec4 8;
    %jmp/0xz  T_12.325, 8;
    %ix/load 4, 3, 0;
    %flag_set/imm 4, 0;
    %load/vec4a v0x5bf8d832f8b0, 4;
    %flag_set/vec4 10;
    %flag_get/vec4 10;
    %jmp/0 T_12.330, 10;
    %load/vec4 v0x5bf8d832c670_0;
    %and;
T_12.330;
    %flag_set/vec4 9;
    %flag_get/vec4 9;
    %jmp/0 T_12.329, 9;
    %load/vec4 v0x5bf8d832b6a0_0;
    %pushi/vec4 0, 0, 5;
    %cmp/e;
    %flag_get/vec4 4;
    %and;
T_12.329;
    %flag_set/vec4 8;
    %jmp/0xz  T_12.327, 8;
    %pushi/vec4 2, 0, 2;
    %split/vec4 1;
    %store/vec4 v0x5bf8d832aef0_0, 0, 1;
    %store/vec4 v0x5bf8d832b780_0, 0, 1;
    %pushi/vec4 0, 0, 1;
    %ix/load 4, 3, 0;
    %flag_set/imm 4, 0;
    %store/vec4a v0x5bf8d832f8b0, 4, 0;
    %pushi/vec4 1, 0, 1;
    %store/vec4 v0x5bf8d832fa10_0, 0, 1;
    %jmp T_12.328;
T_12.327 ;
    %pushi/vec4 0, 0, 2;
    %split/vec4 1;
    %store/vec4 v0x5bf8d832aef0_0, 0, 1;
    %store/vec4 v0x5bf8d832b780_0, 0, 1;
T_12.328 ;
T_12.325 ;
    %jmp T_12.320;
T_12.319 ;
    %ix/load 4, 0, 0;
    %flag_set/imm 4, 0;
    %load/vec4a v0x5bf8d832ead0, 4;
    %cmpi/ne 0, 0, 32;
    %flag_get/vec4 4;
    %jmp/0 T_12.335, 4;
    %ix/load 4, 0, 0;
    %flag_set/imm 4, 0;
    %load/vec4a v0x5bf8d832e3b0, 4;
    %pushi/vec4 0, 0, 32;
    %cmp/ne;
    %flag_get/vec4 4;
    %and;
T_12.335;
    %flag_set/vec4 10;
    %flag_get/vec4 10;
    %jmp/0 T_12.334, 10;
    %load/vec4 v0x5bf8d832ed30_0;
    %pushi/vec4 0, 0, 32;
    %cmp/ne;
    %flag_get/vec4 4;
    %and;
T_12.334;
    %flag_set/vec4 9;
    %flag_get/vec4 9;
    %jmp/0 T_12.333, 9;
    %ix/load 4, 2, 0;
    %flag_set/imm 4, 0;
    %load/vec4a v0x5bf8d832f8b0, 4;
    %pad/u 32;
    %pushi/vec4 0, 0, 32;
    %cmp/e;
    %flag_get/vec4 4;
    %and;
T_12.333;
    %flag_set/vec4 8;
    %jmp/0xz  T_12.331, 8;
    %ix/load 4, 2, 0;
    %flag_set/imm 4, 0;
    %load/vec4a v0x5bf8d8331480, 4;
    %pad/u 32;
    %cmpi/ne 1, 0, 32;
    %jmp/0xz  T_12.336, 6;
    %vpi_call/w 3 2393 "$display" {0 0 0};
    %vpi_call/w 3 2394 "$display", "%12s ***time = %0d,READ STRESS TEST***", "\000", $time {0 0 0};
    %vpi_call/w 3 2395 "$display", "%12s ***(READ FROM FULL UNTIL EMPTY)***", "\000" {0 0 0};
    %vpi_call/w 3 2396 "$display" {0 0 0};
    %pushi/vec4 1, 0, 1;
    %ix/load 4, 2, 0;
    %flag_set/imm 4, 0;
    %store/vec4a v0x5bf8d8331480, 4, 0;
T_12.336 ;
    %ix/load 4, 2, 0;
    %flag_set/imm 4, 0;
    %load/vec4a v0x5bf8d832f5d0, 4;
    %flag_set/vec4 8;
    %jmp/0xz  T_12.338, 8;
    %pushi/vec4 2, 0, 2;
    %split/vec4 1;
    %store/vec4 v0x5bf8d832aef0_0, 0, 1;
    %store/vec4 v0x5bf8d832b780_0, 0, 1;
    %jmp T_12.339;
T_12.338 ;
    %ix/load 4, 0, 0;
    %flag_set/imm 4, 0;
    %load/vec4a v0x5bf8d832fc30, 4;
    %flag_set/vec4 10;
    %flag_get/vec4 10;
    %jmp/0 T_12.343, 10;
    %load/vec4 v0x5bf8d8330b10_0;
    %and;
T_12.343;
    %flag_set/vec4 9;
    %flag_get/vec4 9;
    %jmp/0 T_12.342, 9;
    %load/vec4 v0x5bf8d8330a50_0;
    %and;
T_12.342;
    %flag_set/vec4 8;
    %jmp/0xz  T_12.340, 8;
    %pushi/vec4 1, 0, 2;
    %split/vec4 1;
    %store/vec4 v0x5bf8d832aef0_0, 0, 1;
    %store/vec4 v0x5bf8d832b780_0, 0, 1;
    %load/vec4 v0x5bf8d83308d0_0;
    %flag_set/vec4 8;
    %jmp/0xz  T_12.344, 8;
    %pushi/vec4 0, 0, 2;
    %split/vec4 1;
    %store/vec4 v0x5bf8d832aef0_0, 0, 1;
    %store/vec4 v0x5bf8d832b780_0, 0, 1;
    %pushi/vec4 1, 0, 1;
    %ix/load 4, 2, 0;
    %flag_set/imm 4, 0;
    %store/vec4a v0x5bf8d832f5d0, 4, 0;
    %pushi/vec4 0, 0, 1;
    %ix/load 4, 0, 0;
    %flag_set/imm 4, 0;
    %store/vec4a v0x5bf8d832fc30, 4, 0;
T_12.344 ;
    %jmp T_12.341;
T_12.340 ;
    %pushi/vec4 0, 0, 2;
    %split/vec4 1;
    %store/vec4 v0x5bf8d832aef0_0, 0, 1;
    %store/vec4 v0x5bf8d832b780_0, 0, 1;
T_12.341 ;
T_12.339 ;
    %jmp T_12.332;
T_12.331 ;
    %ix/load 4, 0, 0;
    %flag_set/imm 4, 0;
    %load/vec4a v0x5bf8d832ead0, 4;
    %cmpi/ne 0, 0, 32;
    %flag_get/vec4 4;
    %jmp/0 T_12.349, 4;
    %ix/load 4, 0, 0;
    %flag_set/imm 4, 0;
    %load/vec4a v0x5bf8d832e3b0, 4;
    %pushi/vec4 0, 0, 32;
    %cmp/ne;
    %flag_get/vec4 4;
    %and;
T_12.349;
    %flag_set/vec4 9;
    %flag_get/vec4 9;
    %jmp/0 T_12.348, 9;
    %ix/load 4, 1, 0;
    %flag_set/imm 4, 0;
    %load/vec4a v0x5bf8d832f5d0, 4;
    %pad/u 32;
    %pushi/vec4 0, 0, 32;
    %cmp/e;
    %flag_get/vec4 4;
    %and;
T_12.348;
    %flag_set/vec4 8;
    %jmp/0xz  T_12.346, 8;
    %ix/load 4, 2, 0;
    %flag_set/imm 4, 0;
    %load/vec4a v0x5bf8d8331660, 4;
    %pad/u 32;
    %cmpi/ne 1, 0, 32;
    %jmp/0xz  T_12.350, 6;
    %vpi_call/w 3 2434 "$display" {0 0 0};
    %vpi_call/w 3 2435 "$display", "%12s ***time = %0d,WRITE STRESS TEST***", "\000", $time {0 0 0};
    %vpi_call/w 3 2436 "$display", "%12s ***(WRITE FROM EMPTY UNTIL FULL)***", "\000" {0 0 0};
    %vpi_call/w 3 2437 "$display" {0 0 0};
    %pushi/vec4 1, 0, 1;
    %ix/load 4, 2, 0;
    %flag_set/imm 4, 0;
    %store/vec4a v0x5bf8d8331660, 4, 0;
T_12.350 ;
    %ix/load 4, 2, 0;
    %flag_set/imm 4, 0;
    %load/vec4a v0x5bf8d832f8b0, 4;
    %flag_set/vec4 10;
    %flag_get/vec4 10;
    %jmp/0 T_12.355, 10;
    %load/vec4 v0x5bf8d832c670_0;
    %load/vec4 v0x5bf8d832be30_0;
    %concat/vec4; draw_concat_vec4
    %pushi/vec4 2, 0, 2;
    %cmp/e;
    %flag_get/vec4 4;
    %and;
T_12.355;
    %flag_set/vec4 9;
    %flag_get/vec4 9;
    %jmp/0 T_12.354, 9;
    %load/vec4 v0x5bf8d832c590_0;
    %pushi/vec4 0, 0, 5;
    %cmp/e;
    %flag_get/vec4 4;
    %and;
T_12.354;
    %flag_set/vec4 8;
    %jmp/0xz  T_12.352, 8;
    %pushi/vec4 2, 0, 2;
    %split/vec4 1;
    %store/vec4 v0x5bf8d832aef0_0, 0, 1;
    %store/vec4 v0x5bf8d832b780_0, 0, 1;
    %pushi/vec4 0, 0, 1;
    %ix/load 4, 2, 0;
    %flag_set/imm 4, 0;
    %store/vec4a v0x5bf8d832f8b0, 4, 0;
    %pushi/vec4 1, 0, 32;
    %store/vec4 v0x5bf8d832ed30_0, 0, 32;
    %jmp T_12.353;
T_12.352 ;
    %pushi/vec4 0, 0, 2;
    %split/vec4 1;
    %store/vec4 v0x5bf8d832aef0_0, 0, 1;
    %store/vec4 v0x5bf8d832b780_0, 0, 1;
T_12.353 ;
    %jmp T_12.347;
T_12.346 ;
    %ix/load 4, 0, 0;
    %flag_set/imm 4, 0;
    %load/vec4a v0x5bf8d832ead0, 4;
    %cmpi/ne 0, 0, 32;
    %jmp/0xz  T_12.356, 4;
    %ix/load 4, 1, 0;
    %flag_set/imm 4, 0;
    %load/vec4a v0x5bf8d832f8b0, 4;
    %flag_set/vec4 8;
    %jmp/0xz  T_12.358, 8;
    %ix/load 4, 1, 0;
    %flag_set/imm 4, 0;
    %load/vec4a v0x5bf8d832f8b0, 4;
    %flag_set/vec4 9;
    %flag_get/vec4 9;
    %jmp/0 T_12.362, 9;
    %load/vec4 v0x5bf8d832c590_0;
    %pushi/vec4 0, 0, 5;
    %cmp/e;
    %flag_get/vec4 4;
    %and;
T_12.362;
    %flag_set/vec4 8;
    %jmp/0xz  T_12.360, 8;
    %pushi/vec4 2, 0, 2;
    %split/vec4 1;
    %store/vec4 v0x5bf8d832aef0_0, 0, 1;
    %store/vec4 v0x5bf8d832b780_0, 0, 1;
    %pushi/vec4 0, 0, 1;
    %ix/load 4, 1, 0;
    %flag_set/imm 4, 0;
    %store/vec4a v0x5bf8d832f8b0, 4, 0;
    %jmp T_12.361;
T_12.360 ;
    %pushi/vec4 0, 0, 2;
    %split/vec4 1;
    %store/vec4 v0x5bf8d832aef0_0, 0, 1;
    %store/vec4 v0x5bf8d832b780_0, 0, 1;
    %pushi/vec4 1, 0, 1;
    %ix/load 4, 1, 0;
    %flag_set/imm 4, 0;
    %store/vec4a v0x5bf8d832f8b0, 4, 0;
T_12.361 ;
T_12.358 ;
    %ix/load 4, 3, 0;
    %flag_set/imm 4, 0;
    %load/vec4a v0x5bf8d8331480, 4;
    %pad/u 32;
    %cmpi/ne 1, 0, 32;
    %jmp/0xz  T_12.363, 6;
    %vpi_call/w 3 2476 "$display" {0 0 0};
    %vpi_call/w 3 2477 "$display", "%12s ***time = %0d,GENERAL_READ_TEST***", "\000", $time {0 0 0};
    %vpi_call/w 3 2478 "$display" {0 0 0};
    %pushi/vec4 1, 0, 1;
    %ix/load 4, 3, 0;
    %flag_set/imm 4, 0;
    %store/vec4a v0x5bf8d8331480, 4, 0;
    %jmp T_12.364;
T_12.363 ;
    %ix/load 4, 1, 0;
    %flag_set/imm 4, 0;
    %load/vec4a v0x5bf8d832e3b0, 4;
    %cmpi/ne 1, 0, 32;
    %jmp/0xz  T_12.365, 6;
    %ix/load 4, 4, 0;
    %flag_set/imm 4, 0;
    %load/vec4a v0x5bf8d8331480, 4;
    %pad/u 32;
    %cmpi/ne 1, 0, 32;
    %jmp/0xz  T_12.367, 6;
    %vpi_call/w 3 2489 "$display" {0 0 0};
    %vpi_call/w 3 2490 "$display", "%12s ***time = %0d,TEST for prev_state_r = !EMPTY_EXPECTED and current_state = {R_RST,R_EN}***", "\000", $time {0 0 0};
    %vpi_call/w 3 2491 "$display" {0 0 0};
    %pushi/vec4 1, 0, 1;
    %ix/load 4, 4, 0;
    %flag_set/imm 4, 0;
    %store/vec4a v0x5bf8d8331480, 4, 0;
T_12.367 ;
    %ix/load 4, 0, 0;
    %flag_set/imm 4, 0;
    %load/vec4a v0x5bf8d832f5d0, 4;
    %flag_set/vec4 8;
    %jmp/0xz  T_12.369, 8;
    %pushi/vec4 2, 0, 2;
    %split/vec4 1;
    %store/vec4 v0x5bf8d832aef0_0, 0, 1;
    %store/vec4 v0x5bf8d832b780_0, 0, 1;
    %jmp T_12.370;
T_12.369 ;
    %pushi/vec4 0, 0, 1;
    %ix/load 4, 0, 0;
    %flag_set/imm 4, 0;
    %store/vec4a v0x5bf8d8330330, 4, 0;
    %fork t_29, S_0x5bf8d8320b80;
    %jmp t_28;
    .scope S_0x5bf8d8320b80;
t_29 ;
    %pushi/vec4 0, 0, 32;
    %store/vec4 v0x5bf8d8320d60_0, 0, 32;
T_12.371 ;
    %load/vec4 v0x5bf8d8320d60_0;
    %cmpi/s 3, 0, 32;
    %jmp/0xz T_12.372, 5;
    %load/vec4 v0x5bf8d8320d60_0;
    %addi 7, 0, 32;
    %ix/vec4/s 4;
    %load/vec4a v0x5bf8d832e7d0, 4;
    %nor/r;
    %flag_set/vec4 11;
    %flag_get/vec4 11;
    %jmp/0 T_12.377, 11;
    %ix/load 4, 0, 0;
    %flag_set/imm 4, 0;
    %load/vec4a v0x5bf8d8330330, 4;
    %nor/r;
    %and;
T_12.377;
    %flag_set/vec4 10;
    %flag_get/vec4 10;
    %jmp/0 T_12.376, 10;
    %load/vec4 v0x5bf8d8330a50_0;
    %and;
T_12.376;
    %flag_set/vec4 9;
    %flag_get/vec4 9;
    %jmp/0 T_12.375, 9;
    %load/vec4 v0x5bf8d8330b10_0;
    %and;
T_12.375;
    %flag_set/vec4 8;
    %jmp/0xz  T_12.373, 8;
    %load/vec4 v0x5bf8d83308d0_0;
    %flag_set/vec4 8;
    %jmp/0xz  T_12.378, 8;
    %pushi/vec4 0, 0, 2;
    %split/vec4 1;
    %store/vec4 v0x5bf8d832aef0_0, 0, 1;
    %store/vec4 v0x5bf8d832b780_0, 0, 1;
    %pushi/vec4 1, 0, 1;
    %ix/load 4, 0, 0;
    %flag_set/imm 4, 0;
    %store/vec4a v0x5bf8d8330330, 4, 0;
    %jmp T_12.379;
T_12.378 ;
    %load/vec4 v0x5bf8d8320d60_0;
    %parti/s 2, 0, 2;
    %split/vec4 1;
    %store/vec4 v0x5bf8d832aef0_0, 0, 1;
    %store/vec4 v0x5bf8d832b780_0, 0, 1;
    %pushi/vec4 1, 0, 1;
    %ix/load 4, 0, 0;
    %flag_set/imm 4, 0;
    %store/vec4a v0x5bf8d8330330, 4, 0;
    %pushi/vec4 1, 0, 1;
    %ix/load 4, 0, 0;
    %flag_set/imm 4, 0;
    %store/vec4a v0x5bf8d832f5d0, 4, 0;
T_12.379 ;
T_12.373 ;
    ; show_stmt_assign_vector: Get l-value for compressed += operand
    %load/vec4 v0x5bf8d8320d60_0;
    %pushi/vec4 1, 0, 32;
    %add;
    %cast2;
    %store/vec4 v0x5bf8d8320d60_0, 0, 32;
    %jmp T_12.371;
T_12.372 ;
    %end;
    .scope S_0x5bf8d831f250;
t_28 %join;
T_12.370 ;
    %pushi/vec4 1, 0, 32;
    %ix/load 4, 1, 0;
    %flag_set/imm 4, 0;
    %store/vec4a v0x5bf8d832e3b0, 4, 0;
    %fork t_31, S_0x5bf8d8320e60;
    %jmp t_30;
    .scope S_0x5bf8d8320e60;
t_31 ;
    %pushi/vec4 7, 0, 32;
    %store/vec4 v0x5bf8d8320ff0_0, 0, 32;
T_12.380 ;
    %load/vec4 v0x5bf8d8320ff0_0;
    %cmpi/s 10, 0, 32;
    %jmp/0xz T_12.381, 5;
    %ix/getv/s 4, v0x5bf8d8320ff0_0;
    %load/vec4a v0x5bf8d832e7d0, 4;
    %nor/r;
    %flag_set/vec4 8;
    %jmp/0xz  T_12.382, 8;
    %pushi/vec4 0, 0, 32;
    %ix/load 4, 1, 0;
    %flag_set/imm 4, 0;
    %store/vec4a v0x5bf8d832e3b0, 4, 0;
T_12.382 ;
    ; show_stmt_assign_vector: Get l-value for compressed += operand
    %load/vec4 v0x5bf8d8320ff0_0;
    %pushi/vec4 1, 0, 32;
    %add;
    %cast2;
    %store/vec4 v0x5bf8d8320ff0_0, 0, 32;
    %jmp T_12.380;
T_12.381 ;
    %end;
    .scope S_0x5bf8d831f250;
t_30 %join;
T_12.365 ;
T_12.364 ;
    %ix/load 4, 1, 0;
    %flag_set/imm 4, 0;
    %load/vec4a v0x5bf8d832e3b0, 4;
    %cmpi/ne 0, 0, 32;
    %jmp/0xz  T_12.384, 4;
    %ix/load 4, 5, 0;
    %flag_set/imm 4, 0;
    %load/vec4a v0x5bf8d8331480, 4;
    %pad/u 32;
    %cmpi/ne 1, 0, 32;
    %jmp/0xz  T_12.386, 6;
    %vpi_call/w 3 2544 "$display" {0 0 0};
    %vpi_call/w 3 2545 "$display", "%12s ***time = %0d, TEST for prev_state_r = EMPTY_EXPECTED and current_state = {R_RST,R_EN}***", "\000", $time {0 0 0};
    %vpi_call/w 3 2546 "$display" {0 0 0};
    %pushi/vec4 1, 0, 1;
    %ix/load 4, 5, 0;
    %flag_set/imm 4, 0;
    %store/vec4a v0x5bf8d8331480, 4, 0;
T_12.386 ;
T_12.384 ;
    %ix/load 4, 1, 0;
    %flag_set/imm 4, 0;
    %load/vec4a v0x5bf8d832f5d0, 4;
    %flag_set/vec4 8;
    %jmp/0xz  T_12.388, 8;
    %pushi/vec4 2, 0, 2;
    %split/vec4 1;
    %store/vec4 v0x5bf8d832aef0_0, 0, 1;
    %store/vec4 v0x5bf8d832b780_0, 0, 1;
    %jmp T_12.389;
T_12.388 ;
    %pushi/vec4 0, 0, 1;
    %ix/load 4, 1, 0;
    %flag_set/imm 4, 0;
    %store/vec4a v0x5bf8d8330330, 4, 0;
    %fork t_33, S_0x5bf8d83210f0;
    %jmp t_32;
    .scope S_0x5bf8d83210f0;
t_33 ;
    %pushi/vec4 0, 0, 32;
    %store/vec4 v0x5bf8d83212d0_0, 0, 32;
T_12.390 ;
    %load/vec4 v0x5bf8d83212d0_0;
    %cmpi/s 3, 0, 32;
    %jmp/0xz T_12.391, 5;
    %load/vec4 v0x5bf8d83212d0_0;
    %addi 10, 0, 32;
    %ix/vec4/s 4;
    %load/vec4a v0x5bf8d832e7d0, 4;
    %nor/r;
    %flag_set/vec4 12;
    %flag_get/vec4 12;
    %jmp/0 T_12.397, 12;
    %ix/load 4, 1, 0;
    %flag_set/imm 4, 0;
    %load/vec4a v0x5bf8d832e3b0, 4;
    %pushi/vec4 0, 0, 32;
    %cmp/ne;
    %flag_get/vec4 4;
    %and;
T_12.397;
    %flag_set/vec4 11;
    %flag_get/vec4 11;
    %jmp/0 T_12.396, 11;
    %ix/load 4, 1, 0;
    %flag_set/imm 4, 0;
    %load/vec4a v0x5bf8d8330330, 4;
    %nor/r;
    %and;
T_12.396;
    %flag_set/vec4 10;
    %flag_get/vec4 10;
    %jmp/0 T_12.395, 10;
    %load/vec4 v0x5bf8d8330a50_0;
    %and;
T_12.395;
    %flag_set/vec4 9;
    %flag_get/vec4 9;
    %jmp/0 T_12.394, 9;
    %load/vec4 v0x5bf8d8330b10_0;
    %and;
T_12.394;
    %flag_set/vec4 8;
    %jmp/0xz  T_12.392, 8;
    %load/vec4 v0x5bf8d83308d0_0;
    %nor/r;
    %flag_set/vec4 8;
    %jmp/0xz  T_12.398, 8;
    %pushi/vec4 2, 0, 2;
    %split/vec4 1;
    %store/vec4 v0x5bf8d832aef0_0, 0, 1;
    %store/vec4 v0x5bf8d832b780_0, 0, 1;
    %pushi/vec4 1, 0, 1;
    %ix/load 4, 1, 0;
    %flag_set/imm 4, 0;
    %store/vec4a v0x5bf8d8330330, 4, 0;
    %jmp T_12.399;
T_12.398 ;
    %load/vec4 v0x5bf8d83212d0_0;
    %parti/s 2, 0, 2;
    %split/vec4 1;
    %store/vec4 v0x5bf8d832aef0_0, 0, 1;
    %store/vec4 v0x5bf8d832b780_0, 0, 1;
    %pushi/vec4 1, 0, 1;
    %ix/load 4, 1, 0;
    %flag_set/imm 4, 0;
    %store/vec4a v0x5bf8d8330330, 4, 0;
    %pushi/vec4 1, 0, 1;
    %ix/load 4, 1, 0;
    %flag_set/imm 4, 0;
    %store/vec4a v0x5bf8d832f5d0, 4, 0;
T_12.399 ;
T_12.392 ;
    ; show_stmt_assign_vector: Get l-value for compressed += operand
    %load/vec4 v0x5bf8d83212d0_0;
    %pushi/vec4 1, 0, 32;
    %add;
    %cast2;
    %store/vec4 v0x5bf8d83212d0_0, 0, 32;
    %jmp T_12.390;
T_12.391 ;
    %end;
    .scope S_0x5bf8d831f250;
t_32 %join;
T_12.389 ;
    %pushi/vec4 1, 0, 32;
    %ix/load 4, 2, 0;
    %flag_set/imm 4, 0;
    %store/vec4a v0x5bf8d832e3b0, 4, 0;
    %fork t_35, S_0x5bf8d83213d0;
    %jmp t_34;
    .scope S_0x5bf8d83213d0;
t_35 ;
    %pushi/vec4 10, 0, 32;
    %store/vec4 v0x5bf8d83215b0_0, 0, 32;
T_12.400 ;
    %load/vec4 v0x5bf8d83215b0_0;
    %cmpi/s 13, 0, 32;
    %jmp/0xz T_12.401, 5;
    %ix/getv/s 4, v0x5bf8d83215b0_0;
    %load/vec4a v0x5bf8d832e7d0, 4;
    %nor/r;
    %flag_set/vec4 8;
    %jmp/0xz  T_12.402, 8;
    %pushi/vec4 0, 0, 32;
    %ix/load 4, 2, 0;
    %flag_set/imm 4, 0;
    %store/vec4a v0x5bf8d832e3b0, 4, 0;
T_12.402 ;
    ; show_stmt_assign_vector: Get l-value for compressed += operand
    %load/vec4 v0x5bf8d83215b0_0;
    %pushi/vec4 1, 0, 32;
    %add;
    %cast2;
    %store/vec4 v0x5bf8d83215b0_0, 0, 32;
    %jmp T_12.400;
T_12.401 ;
    %end;
    .scope S_0x5bf8d831f250;
t_34 %join;
    %load/vec4 v0x5bf8d8330a50_0;
    %flag_set/vec4 9;
    %flag_get/vec4 9;
    %jmp/0 T_12.406, 9;
    %load/vec4 v0x5bf8d8330b10_0;
    %and;
T_12.406;
    %flag_set/vec4 8;
    %jmp/0xz  T_12.404, 8;
    %load/vec4 v0x5bf8d83308d0_0;
    %load/vec4 v0x5bf8d832b780_0;
    %concat/vec4; draw_concat_vec4
    %load/vec4 v0x5bf8d832aef0_0;
    %concat/vec4; draw_concat_vec4
    %cmpi/u 3, 0, 3;
    %jmp/0xz  T_12.407, 5;
    ; show_stmt_assign_vector: Get l-value for compressed += operand
    %load/vec4 v0x5bf8d83308d0_0;
    %load/vec4 v0x5bf8d832b780_0;
    %concat/vec4; draw_concat_vec4
    %load/vec4 v0x5bf8d832aef0_0;
    %concat/vec4; draw_concat_vec4
    %pad/u 32;
    %addi 7, 0, 32;
    %ix/vec4 4;
    %flag_mov 8, 4;
    %load/vec4a v0x5bf8d832e7d0, 4;
    %pushi/vec4 1, 0, 32;
    %add;
    %flag_mov 4, 8;
    %store/vec4a v0x5bf8d832e7d0, 4, 0;
    %jmp T_12.408;
T_12.407 ;
    %load/vec4 v0x5bf8d83308d0_0;
    %load/vec4 v0x5bf8d832b780_0;
    %concat/vec4; draw_concat_vec4
    %load/vec4 v0x5bf8d832aef0_0;
    %concat/vec4; draw_concat_vec4
    %cmpi/u 3, 0, 3;
    %flag_or 5, 4; GT is !LE
    %flag_inv 5;
    %jmp/0xz  T_12.409, 5;
    ; show_stmt_assign_vector: Get l-value for compressed += operand
    %load/vec4 v0x5bf8d83308d0_0;
    %load/vec4 v0x5bf8d832b780_0;
    %concat/vec4; draw_concat_vec4
    %load/vec4 v0x5bf8d832aef0_0;
    %concat/vec4; draw_concat_vec4
    %pad/u 32;
    %addi 6, 0, 32;
    %ix/vec4 4;
    %flag_mov 8, 4;
    %load/vec4a v0x5bf8d832e7d0, 4;
    %pushi/vec4 1, 0, 32;
    %add;
    %flag_mov 4, 8;
    %store/vec4a v0x5bf8d832e7d0, 4, 0;
T_12.409 ;
T_12.408 ;
T_12.404 ;
    %pushi/vec4 1, 0, 32;
    %ix/load 4, 0, 0;
    %flag_set/imm 4, 0;
    %store/vec4a v0x5bf8d832e3b0, 4, 0;
    %fork t_37, S_0x5bf8d83216b0;
    %jmp t_36;
    .scope S_0x5bf8d83216b0;
t_37 ;
    %pushi/vec4 7, 0, 32;
    %store/vec4 v0x5bf8d8321890_0, 0, 32;
T_12.411 ;
    %load/vec4 v0x5bf8d8321890_0;
    %cmpi/s 13, 0, 32;
    %jmp/0xz T_12.412, 5;
    %ix/getv/s 4, v0x5bf8d8321890_0;
    %load/vec4a v0x5bf8d832e7d0, 4;
    %nor/r;
    %flag_set/vec4 8;
    %jmp/0xz  T_12.413, 8;
    %pushi/vec4 0, 0, 32;
    %ix/load 4, 0, 0;
    %flag_set/imm 4, 0;
    %store/vec4a v0x5bf8d832e3b0, 4, 0;
T_12.413 ;
    ; show_stmt_assign_vector: Get l-value for compressed += operand
    %load/vec4 v0x5bf8d8321890_0;
    %pushi/vec4 1, 0, 32;
    %add;
    %cast2;
    %store/vec4 v0x5bf8d8321890_0, 0, 32;
    %jmp T_12.411;
T_12.412 ;
    %end;
    .scope S_0x5bf8d831f250;
t_36 %join;
    %pushi/vec4 1, 0, 1;
    %store/vec4 v0x5bf8d8330a50_0, 0, 1;
    %ix/load 4, 0, 0;
    %flag_set/imm 4, 0;
    %load/vec4a v0x5bf8d832f5d0, 4;
    %flag_set/vec4 8;
    %jmp/1 T_12.418, 8;
    %ix/load 4, 1, 0;
    %flag_set/imm 4, 0;
    %load/vec4a v0x5bf8d832f5d0, 4;
    %flag_set/vec4 9;
    %flag_or 8, 9;
T_12.418;
    %jmp/1 T_12.417, 8;
    %ix/load 4, 2, 0;
    %flag_set/imm 4, 0;
    %load/vec4a v0x5bf8d832f5d0, 4;
    %flag_set/vec4 9;
    %flag_or 8, 9;
T_12.417;
    %jmp/0xz  T_12.415, 8;
    %pushi/vec4 0, 0, 1;
    %store/vec4 v0x5bf8d8330a50_0, 0, 1;
T_12.415 ;
    %jmp T_12.357;
T_12.356 ;
    %ix/load 4, 3, 0;
    %flag_set/imm 4, 0;
    %load/vec4a v0x5bf8d8331660, 4;
    %pad/u 32;
    %cmpi/ne 1, 0, 32;
    %jmp/0xz  T_12.419, 6;
    %vpi_call/w 3 2637 "$display" {0 0 0};
    %vpi_call/w 3 2638 "$display", "%12s ***time = %0d,GENERAL_WRITE_TEST***", "\000", $time {0 0 0};
    %vpi_call/w 3 2639 "$display" {0 0 0};
    %pushi/vec4 1, 0, 1;
    %ix/load 4, 3, 0;
    %flag_set/imm 4, 0;
    %store/vec4a v0x5bf8d8331660, 4, 0;
T_12.419 ;
    %ix/load 4, 0, 0;
    %flag_set/imm 4, 0;
    %load/vec4a v0x5bf8d832f8b0, 4;
    %flag_set/vec4 8;
    %jmp/0xz  T_12.421, 8;
    %ix/load 4, 0, 0;
    %flag_set/imm 4, 0;
    %load/vec4a v0x5bf8d832f8b0, 4;
    %flag_set/vec4 10;
    %flag_get/vec4 10;
    %jmp/0 T_12.426, 10;
    %load/vec4 v0x5bf8d832c670_0;
    %load/vec4 v0x5bf8d832be30_0;
    %concat/vec4; draw_concat_vec4
    %pushi/vec4 2, 0, 2;
    %cmp/e;
    %flag_get/vec4 4;
    %and;
T_12.426;
    %flag_set/vec4 9;
    %flag_get/vec4 9;
    %jmp/0 T_12.425, 9;
    %load/vec4 v0x5bf8d832c590_0;
    %pushi/vec4 0, 0, 5;
    %cmp/e;
    %flag_get/vec4 4;
    %and;
T_12.425;
    %flag_set/vec4 8;
    %jmp/0xz  T_12.423, 8;
    %pushi/vec4 2, 0, 2;
    %split/vec4 1;
    %store/vec4 v0x5bf8d832aef0_0, 0, 1;
    %store/vec4 v0x5bf8d832b780_0, 0, 1;
    %pushi/vec4 0, 0, 1;
    %ix/load 4, 0, 0;
    %flag_set/imm 4, 0;
    %store/vec4a v0x5bf8d832f8b0, 4, 0;
    %jmp T_12.424;
T_12.423 ;
    %pushi/vec4 0, 0, 2;
    %split/vec4 1;
    %store/vec4 v0x5bf8d832aef0_0, 0, 1;
    %store/vec4 v0x5bf8d832b780_0, 0, 1;
    %pushi/vec4 1, 0, 1;
    %ix/load 4, 0, 0;
    %flag_set/imm 4, 0;
    %store/vec4a v0x5bf8d832f8b0, 4, 0;
T_12.424 ;
    %jmp T_12.422;
T_12.421 ;
    %ix/load 4, 1, 0;
    %flag_set/imm 4, 0;
    %load/vec4a v0x5bf8d832f8b0, 4;
    %flag_set/vec4 8;
    %jmp/0xz  T_12.427, 8;
    %ix/load 4, 1, 0;
    %flag_set/imm 4, 0;
    %load/vec4a v0x5bf8d832f8b0, 4;
    %flag_set/vec4 10;
    %flag_get/vec4 10;
    %jmp/0 T_12.432, 10;
    %load/vec4 v0x5bf8d832c670_0;
    %load/vec4 v0x5bf8d832be30_0;
    %concat/vec4; draw_concat_vec4
    %pushi/vec4 2, 0, 2;
    %cmp/e;
    %flag_get/vec4 4;
    %and;
T_12.432;
    %flag_set/vec4 9;
    %flag_get/vec4 9;
    %jmp/0 T_12.431, 9;
    %load/vec4 v0x5bf8d832c590_0;
    %pushi/vec4 0, 0, 5;
    %cmp/e;
    %flag_get/vec4 4;
    %and;
T_12.431;
    %flag_set/vec4 8;
    %jmp/0xz  T_12.429, 8;
    %pushi/vec4 2, 0, 2;
    %split/vec4 1;
    %store/vec4 v0x5bf8d832aef0_0, 0, 1;
    %store/vec4 v0x5bf8d832b780_0, 0, 1;
    %pushi/vec4 0, 0, 1;
    %ix/load 4, 1, 0;
    %flag_set/imm 4, 0;
    %store/vec4a v0x5bf8d832f8b0, 4, 0;
    %jmp T_12.430;
T_12.429 ;
    %pushi/vec4 0, 0, 2;
    %split/vec4 1;
    %store/vec4 v0x5bf8d832aef0_0, 0, 1;
    %store/vec4 v0x5bf8d832b780_0, 0, 1;
    %pushi/vec4 1, 0, 1;
    %ix/load 4, 1, 0;
    %flag_set/imm 4, 0;
    %store/vec4a v0x5bf8d832f8b0, 4, 0;
T_12.430 ;
    %jmp T_12.428;
T_12.427 ;
    %fork t_39, S_0x5bf8d8321990;
    %jmp t_38;
    .scope S_0x5bf8d8321990;
t_39 ;
    %pushi/vec4 0, 0, 32;
    %store/vec4 v0x5bf8d8321b70_0, 0, 32;
T_12.433 ;
    %load/vec4 v0x5bf8d8321b70_0;
    %cmpi/s 3, 0, 32;
    %jmp/0xz T_12.434, 5;
    %pushi/vec4 0, 0, 1;
    %ix/getv/s 4, v0x5bf8d8321b70_0;
    %store/vec4a v0x5bf8d83301f0, 4, 0;
    ; show_stmt_assign_vector: Get l-value for compressed += operand
    %load/vec4 v0x5bf8d8321b70_0;
    %pushi/vec4 1, 0, 32;
    %add;
    %cast2;
    %store/vec4 v0x5bf8d8321b70_0, 0, 32;
    %jmp T_12.433;
T_12.434 ;
    %end;
    .scope S_0x5bf8d831f250;
t_38 %join;
    %ix/load 4, 1, 0;
    %flag_set/imm 4, 0;
    %load/vec4a v0x5bf8d832eb90, 4;
    %cmpi/ne 1, 0, 32;
    %jmp/0xz  T_12.435, 6;
    %ix/load 4, 4, 0;
    %flag_set/imm 4, 0;
    %load/vec4a v0x5bf8d8331660, 4;
    %pad/u 32;
    %cmpi/ne 1, 0, 32;
    %jmp/0xz  T_12.437, 6;
    %vpi_call/w 3 2682 "$display" {0 0 0};
    %vpi_call/w 3 2683 "$display", "%12s ***time = %0d, TEST for prev_state_w = !FULL_EXPECTED and current_state = {W_RST,W_EN}***", "\000", $time {0 0 0};
    %vpi_call/w 3 2684 "$display" {0 0 0};
    %pushi/vec4 1, 0, 1;
    %ix/load 4, 4, 0;
    %flag_set/imm 4, 0;
    %store/vec4a v0x5bf8d8331660, 4, 0;
T_12.437 ;
    %fork t_41, S_0x5bf8d8321c70;
    %jmp t_40;
    .scope S_0x5bf8d8321c70;
t_41 ;
    %pushi/vec4 0, 0, 32;
    %store/vec4 v0x5bf8d8321e50_0, 0, 32;
T_12.439 ;
    %load/vec4 v0x5bf8d8321e50_0;
    %cmpi/s 3, 0, 32;
    %jmp/0xz T_12.440, 5;
    %load/vec4 v0x5bf8d8321e50_0;
    %addi 7, 0, 32;
    %ix/vec4/s 4;
    %load/vec4a v0x5bf8d832eef0, 4;
    %nor/r;
    %flag_set/vec4 9;
    %flag_get/vec4 9;
    %jmp/0 T_12.443, 9;
    %ix/load 4, 0, 0;
    %flag_set/imm 4, 0;
    %load/vec4a v0x5bf8d83301f0, 4;
    %nor/r;
    %and;
T_12.443;
    %flag_set/vec4 8;
    %jmp/0xz  T_12.441, 8;
    %load/vec4 v0x5bf8d8330990_0;
    %flag_set/vec4 8;
    %jmp/0xz  T_12.444, 8;
    %pushi/vec4 1, 0, 2;
    %split/vec4 1;
    %store/vec4 v0x5bf8d832aef0_0, 0, 1;
    %store/vec4 v0x5bf8d832b780_0, 0, 1;
    %pushi/vec4 1, 0, 1;
    %ix/load 4, 0, 0;
    %flag_set/imm 4, 0;
    %store/vec4a v0x5bf8d83301f0, 4, 0;
    %jmp T_12.445;
T_12.444 ;
    %pushi/vec4 0, 0, 2;
    %split/vec4 1;
    %store/vec4 v0x5bf8d832aef0_0, 0, 1;
    %store/vec4 v0x5bf8d832b780_0, 0, 1;
    %pushi/vec4 1, 0, 1;
    %ix/load 4, 0, 0;
    %flag_set/imm 4, 0;
    %store/vec4a v0x5bf8d83301f0, 4, 0;
T_12.445 ;
T_12.441 ;
    ; show_stmt_assign_vector: Get l-value for compressed += operand
    %load/vec4 v0x5bf8d8321e50_0;
    %pushi/vec4 1, 0, 32;
    %add;
    %cast2;
    %store/vec4 v0x5bf8d8321e50_0, 0, 32;
    %jmp T_12.439;
T_12.440 ;
    %end;
    .scope S_0x5bf8d831f250;
t_40 %join;
    %jmp T_12.436;
T_12.435 ;
    %ix/load 4, 1, 0;
    %flag_set/imm 4, 0;
    %load/vec4a v0x5bf8d832eb90, 4;
    %cmpi/ne 0, 0, 32;
    %jmp/0xz  T_12.446, 4;
    %ix/load 4, 5, 0;
    %flag_set/imm 4, 0;
    %load/vec4a v0x5bf8d8331660, 4;
    %pad/u 32;
    %cmpi/ne 1, 0, 32;
    %jmp/0xz  T_12.448, 6;
    %vpi_call/w 3 2707 "$display" {0 0 0};
    %vpi_call/w 3 2708 "$display", "%12s ***time = %0d,TEST for prev_state_w = FULL_EXPECTED and current_state = {W_RST,W_EN}***", "\000", $time {0 0 0};
    %vpi_call/w 3 2709 "$display" {0 0 0};
    %pushi/vec4 1, 0, 1;
    %ix/load 4, 5, 0;
    %flag_set/imm 4, 0;
    %store/vec4a v0x5bf8d8331660, 4, 0;
T_12.448 ;
    %fork t_43, S_0x5bf8d8321f50;
    %jmp t_42;
    .scope S_0x5bf8d8321f50;
t_43 ;
    %pushi/vec4 0, 0, 32;
    %store/vec4 v0x5bf8d8322130_0, 0, 32;
T_12.450 ;
    %load/vec4 v0x5bf8d8322130_0;
    %cmpi/s 3, 0, 32;
    %jmp/0xz T_12.451, 5;
    %load/vec4 v0x5bf8d8322130_0;
    %addi 10, 0, 32;
    %ix/vec4/s 4;
    %load/vec4a v0x5bf8d832eef0, 4;
    %nor/r;
    %flag_set/vec4 10;
    %flag_get/vec4 10;
    %jmp/0 T_12.455, 10;
    %ix/load 4, 1, 0;
    %flag_set/imm 4, 0;
    %load/vec4a v0x5bf8d83301f0, 4;
    %nor/r;
    %and;
T_12.455;
    %flag_set/vec4 9;
    %flag_get/vec4 9;
    %jmp/0 T_12.454, 9;
    %ix/load 4, 1, 0;
    %flag_set/imm 4, 0;
    %load/vec4a v0x5bf8d832ead0, 4;
    %pushi/vec4 0, 0, 32;
    %cmp/ne;
    %flag_get/vec4 4;
    %and;
T_12.454;
    %flag_set/vec4 8;
    %jmp/0xz  T_12.452, 8;
    %pushi/vec4 0, 0, 2;
    %split/vec4 1;
    %store/vec4 v0x5bf8d832aef0_0, 0, 1;
    %store/vec4 v0x5bf8d832b780_0, 0, 1;
    %pushi/vec4 1, 0, 1;
    %ix/load 4, 1, 0;
    %flag_set/imm 4, 0;
    %store/vec4a v0x5bf8d83301f0, 4, 0;
T_12.452 ;
    ; show_stmt_assign_vector: Get l-value for compressed += operand
    %load/vec4 v0x5bf8d8322130_0;
    %pushi/vec4 1, 0, 32;
    %add;
    %cast2;
    %store/vec4 v0x5bf8d8322130_0, 0, 32;
    %jmp T_12.450;
T_12.451 ;
    %end;
    .scope S_0x5bf8d831f250;
t_42 %join;
T_12.446 ;
T_12.436 ;
T_12.428 ;
T_12.422 ;
T_12.357 ;
T_12.347 ;
T_12.332 ;
T_12.320 ;
T_12.311 ;
T_12.295 ;
T_12.285 ;
T_12.278 ;
    %jmp T_12.272;
T_12.271 ;
    %pushi/vec4 1, 0, 1;
    %store/vec4 v0x5bf8d8330a50_0, 0, 1;
    %ix/load 4, 0, 0;
    %flag_set/imm 4, 0;
    %load/vec4a v0x5bf8d832f5d0, 4;
    %flag_set/vec4 8;
    %jmp/1 T_12.459, 8;
    %ix/load 4, 1, 0;
    %flag_set/imm 4, 0;
    %load/vec4a v0x5bf8d832f5d0, 4;
    %flag_set/vec4 9;
    %flag_or 8, 9;
T_12.459;
    %jmp/1 T_12.458, 8;
    %ix/load 4, 2, 0;
    %flag_set/imm 4, 0;
    %load/vec4a v0x5bf8d832f5d0, 4;
    %flag_set/vec4 9;
    %flag_or 8, 9;
T_12.458;
    %jmp/0xz  T_12.456, 8;
    %pushi/vec4 0, 0, 1;
    %store/vec4 v0x5bf8d8330a50_0, 0, 1;
T_12.456 ;
    %load/vec4 v0x5bf8d832f150_0;
    %flag_set/vec4 9;
    %flag_get/vec4 9;
    %jmp/0 T_12.462, 9;
    %ix/load 4, 4, 0;
    %flag_set/imm 4, 0;
    %load/vec4a v0x5bf8d832f5d0, 4;
    %pad/u 32;
    %pushi/vec4 0, 0, 32;
    %cmp/e;
    %flag_get/vec4 4;
    %and;
T_12.462;
    %flag_set/vec4 8;
    %jmp/0xz  T_12.460, 8;
    %ix/load 4, 5, 0;
    %flag_set/imm 4, 0;
    %load/vec4a v0x5bf8d832f8b0, 4;
    %flag_set/vec4 10;
    %flag_get/vec4 10;
    %jmp/0 T_12.466, 10;
    %load/vec4 v0x5bf8d832c670_0;
    %and;
T_12.466;
    %flag_set/vec4 9;
    %flag_get/vec4 9;
    %jmp/0 T_12.465, 9;
    %load/vec4 v0x5bf8d832b6a0_0;
    %pushi/vec4 0, 0, 5;
    %cmp/e;
    %flag_get/vec4 4;
    %and;
T_12.465;
    %flag_set/vec4 8;
    %jmp/0xz  T_12.463, 8;
    %pushi/vec4 2, 0, 2;
    %split/vec4 1;
    %store/vec4 v0x5bf8d832aef0_0, 0, 1;
    %store/vec4 v0x5bf8d832b780_0, 0, 1;
    %pushi/vec4 0, 0, 1;
    %ix/load 4, 5, 0;
    %flag_set/imm 4, 0;
    %store/vec4a v0x5bf8d832f8b0, 4, 0;
    %pushi/vec4 1, 0, 1;
    %store/vec4 v0x5bf8d832e170_0, 0, 1;
T_12.463 ;
    %jmp T_12.461;
T_12.460 ;
    %load/vec4 v0x5bf8d832f390_0;
    %flag_set/vec4 9;
    %flag_get/vec4 9;
    %jmp/0 T_12.469, 9;
    %ix/load 4, 4, 0;
    %flag_set/imm 4, 0;
    %load/vec4a v0x5bf8d832f8b0, 4;
    %pad/u 32;
    %pushi/vec4 0, 0, 32;
    %cmp/e;
    %flag_get/vec4 4;
    %and;
T_12.469;
    %flag_set/vec4 8;
    %jmp/0xz  T_12.467, 8;
    %ix/load 4, 0, 0;
    %flag_set/imm 4, 0;
    %load/vec4a v0x5bf8d83313e0, 4;
    %pad/u 32;
    %cmpi/ne 1, 0, 32;
    %jmp/0xz  T_12.470, 6;
    %vpi_call/w 3 2761 "$display" {0 0 0};
    %vpi_call/w 3 2762 "$display", "%12s ***time = %0d,START TEST FOR ONE SIDED RESET OF WRITE WHILE STRESS READ***", "\000", $time {0 0 0};
    %vpi_call/w 3 2763 "$display", "%12s ***(to make sure system will not collapse even if one sided reset occur, nevertheless output during this period is ineffective as data loss may occur)***", "\000" {0 0 0};
    %vpi_call/w 3 2764 "$display" {0 0 0};
    %pushi/vec4 1, 0, 1;
    %ix/load 4, 0, 0;
    %flag_set/imm 4, 0;
    %store/vec4a v0x5bf8d83313e0, 4, 0;
T_12.470 ;
    %ix/load 4, 4, 0;
    %flag_set/imm 4, 0;
    %load/vec4a v0x5bf8d832f5d0, 4;
    %flag_set/vec4 8;
    %jmp/0xz  T_12.472, 8;
    %pushi/vec4 2, 0, 2;
    %split/vec4 1;
    %store/vec4 v0x5bf8d832aef0_0, 0, 1;
    %store/vec4 v0x5bf8d832b780_0, 0, 1;
    %jmp T_12.473;
T_12.472 ;
    %load/vec4 v0x5bf8d83308d0_0;
    %flag_set/vec4 9;
    %flag_get/vec4 9;
    %jmp/0 T_12.476, 9;
    %ix/load 4, 2, 0;
    %flag_set/imm 4, 0;
    %load/vec4a v0x5bf8d832fb90, 4;
    %and;
T_12.476;
    %flag_set/vec4 8;
    %jmp/0xz  T_12.474, 8;
    %pushi/vec4 0, 0, 2;
    %split/vec4 1;
    %store/vec4 v0x5bf8d832aef0_0, 0, 1;
    %store/vec4 v0x5bf8d832b780_0, 0, 1;
    %pushi/vec4 1, 0, 1;
    %ix/load 4, 4, 0;
    %flag_set/imm 4, 0;
    %store/vec4a v0x5bf8d832f5d0, 4, 0;
    %pushi/vec4 1, 0, 1;
    %store/vec4 v0x5bf8d832f150_0, 0, 1;
    %jmp T_12.475;
T_12.474 ;
    %pushi/vec4 1, 0, 2;
    %split/vec4 1;
    %store/vec4 v0x5bf8d832aef0_0, 0, 1;
    %store/vec4 v0x5bf8d832b780_0, 0, 1;
T_12.475 ;
T_12.473 ;
    %jmp T_12.468;
T_12.467 ;
    %load/vec4 v0x5bf8d832f670_0;
    %flag_set/vec4 9;
    %flag_get/vec4 9;
    %jmp/0 T_12.479, 9;
    %ix/load 4, 3, 0;
    %flag_set/imm 4, 0;
    %load/vec4a v0x5bf8d832f5d0, 4;
    %pad/u 32;
    %pushi/vec4 0, 0, 32;
    %cmp/e;
    %flag_get/vec4 4;
    %and;
T_12.479;
    %flag_set/vec4 8;
    %jmp/0xz  T_12.477, 8;
    %ix/load 4, 0, 0;
    %flag_set/imm 4, 0;
    %load/vec4a v0x5bf8d83315c0, 4;
    %pad/u 32;
    %cmpi/ne 1, 0, 32;
    %jmp/0xz  T_12.480, 6;
    %vpi_call/w 3 2797 "$display" {0 0 0};
    %vpi_call/w 3 2798 "$display", "%12s ***time = %0d,START TEST FOR ONE SIDED RESET OF READ WHILE STRESS WRITE***", "\000", $time {0 0 0};
    %vpi_call/w 3 2799 "$display", "%12s ***(to make sure system will not collapse even if one sided reset occur, nevertheless output during this period is ineffective as data loss may occur)***", "\000" {0 0 0};
    %vpi_call/w 3 2800 "$display" {0 0 0};
    %pushi/vec4 1, 0, 1;
    %ix/load 4, 0, 0;
    %flag_set/imm 4, 0;
    %store/vec4a v0x5bf8d83315c0, 4, 0;
T_12.480 ;
    %ix/load 4, 4, 0;
    %flag_set/imm 4, 0;
    %load/vec4a v0x5bf8d832f8b0, 4;
    %flag_set/vec4 8;
    %jmp/0xz  T_12.482, 8;
    %ix/load 4, 4, 0;
    %flag_set/imm 4, 0;
    %load/vec4a v0x5bf8d832f8b0, 4;
    %flag_set/vec4 10;
    %flag_get/vec4 10;
    %jmp/0 T_12.487, 10;
    %load/vec4 v0x5bf8d832c670_0;
    %and;
T_12.487;
    %flag_set/vec4 9;
    %flag_get/vec4 9;
    %jmp/0 T_12.486, 9;
    %load/vec4 v0x5bf8d832b6a0_0;
    %pushi/vec4 0, 0, 5;
    %cmp/e;
    %flag_get/vec4 4;
    %and;
T_12.486;
    %flag_set/vec4 8;
    %jmp/0xz  T_12.484, 8;
    %pushi/vec4 2, 0, 2;
    %split/vec4 1;
    %store/vec4 v0x5bf8d832aef0_0, 0, 1;
    %store/vec4 v0x5bf8d832b780_0, 0, 1;
    %pushi/vec4 0, 0, 1;
    %ix/load 4, 4, 0;
    %flag_set/imm 4, 0;
    %store/vec4a v0x5bf8d832f8b0, 4, 0;
    %pushi/vec4 1, 0, 1;
    %store/vec4 v0x5bf8d832f390_0, 0, 1;
    %jmp T_12.485;
T_12.484 ;
    %pushi/vec4 2, 0, 2;
    %split/vec4 1;
    %store/vec4 v0x5bf8d832aef0_0, 0, 1;
    %store/vec4 v0x5bf8d832b780_0, 0, 1;
T_12.485 ;
    %jmp T_12.483;
T_12.482 ;
    %load/vec4 v0x5bf8d832fd70_0;
    %flag_set/vec4 8;
    %jmp/0xz  T_12.488, 8;
    %pushi/vec4 0, 0, 2;
    %split/vec4 1;
    %store/vec4 v0x5bf8d832aef0_0, 0, 1;
    %store/vec4 v0x5bf8d832b780_0, 0, 1;
    %jmp T_12.489;
T_12.488 ;
    %load/vec4 v0x5bf8d832c070_0;
    %cmpi/u 16, 0, 5;
    %flag_or 5, 4; GT is !LE
    %flag_inv 5;
    %flag_get/vec4 5;
    %jmp/0 T_12.492, 5;
    %load/vec4 v0x5bf8d832fd70_0;
    %pad/u 32;
    %pushi/vec4 1, 0, 32;
    %cmp/ne;
    %flag_get/vec4 6;
    %and;
T_12.492;
    %flag_set/vec4 8;
    %jmp/0xz  T_12.490, 8;
    %pushi/vec4 2, 0, 2;
    %split/vec4 1;
    %store/vec4 v0x5bf8d832aef0_0, 0, 1;
    %store/vec4 v0x5bf8d832b780_0, 0, 1;
    %pushi/vec4 1, 0, 1;
    %store/vec4 v0x5bf8d832fd70_0, 0, 1;
    %jmp T_12.491;
T_12.490 ;
    %pushi/vec4 1, 0, 2;
    %split/vec4 1;
    %store/vec4 v0x5bf8d832aef0_0, 0, 1;
    %store/vec4 v0x5bf8d832b780_0, 0, 1;
T_12.491 ;
T_12.489 ;
T_12.483 ;
    %jmp T_12.478;
T_12.477 ;
    %load/vec4 v0x5bf8d832f950_0;
    %flag_set/vec4 9;
    %flag_get/vec4 9;
    %jmp/0 T_12.495, 9;
    %ix/load 4, 3, 0;
    %flag_set/imm 4, 0;
    %load/vec4a v0x5bf8d832f8b0, 4;
    %pad/u 32;
    %pushi/vec4 0, 0, 32;
    %cmp/e;
    %flag_get/vec4 4;
    %and;
T_12.495;
    %flag_set/vec4 8;
    %jmp/0xz  T_12.493, 8;
    %ix/load 4, 1, 0;
    %flag_set/imm 4, 0;
    %load/vec4a v0x5bf8d83313e0, 4;
    %pad/u 32;
    %cmpi/ne 1, 0, 32;
    %jmp/0xz  T_12.496, 6;
    %vpi_call/w 3 2842 "$display" {0 0 0};
    %vpi_call/w 3 2843 "$display", "%12s ***time = %0d,SHARP INTERRUPT OF R_RST TEST***", "\000", $time {0 0 0};
    %vpi_call/w 3 2844 "$display", "%12s ***(interrupt with R_RST between posedges of TICK_R)***", "\000" {0 0 0};
    %vpi_call/w 3 2845 "$display" {0 0 0};
    %pushi/vec4 1, 0, 1;
    %ix/load 4, 1, 0;
    %flag_set/imm 4, 0;
    %store/vec4a v0x5bf8d83313e0, 4, 0;
T_12.496 ;
    %ix/load 4, 3, 0;
    %flag_set/imm 4, 0;
    %load/vec4a v0x5bf8d832f5d0, 4;
    %flag_set/vec4 8;
    %jmp/0xz  T_12.498, 8;
    %pushi/vec4 2, 0, 2;
    %split/vec4 1;
    %assign/vec4 v0x5bf8d832aef0_0, 0;
    %assign/vec4 v0x5bf8d832b780_0, 0;
    %jmp T_12.499;
T_12.498 ;
    %ix/load 4, 1, 0;
    %flag_set/imm 4, 0;
    %load/vec4a v0x5bf8d832fb90, 4;
    %flag_set/vec4 8;
    %jmp/0xz  T_12.500, 8;
    %pushi/vec4 1, 0, 2;
    %split/vec4 1;
    %assign/vec4 v0x5bf8d832aef0_0, 0;
    %assign/vec4 v0x5bf8d832b780_0, 0;
    %wait E_0x5bf8d8300590;
    %delay 20, 0;
    %pushi/vec4 2, 0, 2;
    %split/vec4 1;
    %assign/vec4 v0x5bf8d832aef0_0, 0;
    %assign/vec4 v0x5bf8d832b780_0, 0;
    %pushi/vec4 1, 0, 1;
    %ix/load 3, 3, 0;
    %flag_set/imm 4, 0;
    %ix/load 4, 0, 0; Constant delay
    %assign/vec4/a/d v0x5bf8d832f5d0, 0, 4;
    %jmp T_12.501;
T_12.500 ;
    %pushi/vec4 0, 0, 2;
    %split/vec4 1;
    %assign/vec4 v0x5bf8d832aef0_0, 0;
    %assign/vec4 v0x5bf8d832b780_0, 0;
T_12.501 ;
T_12.499 ;
    %jmp T_12.494;
T_12.493 ;
    %load/vec4 v0x5bf8d832e530_0;
    %cmpi/ne 0, 0, 32;
    %flag_get/vec4 4;
    %jmp/0 T_12.505, 4;
    %ix/load 4, 2, 0;
    %flag_set/imm 4, 0;
    %load/vec4a v0x5bf8d832f5d0, 4;
    %pad/u 32;
    %pushi/vec4 0, 0, 32;
    %cmp/e;
    %flag_get/vec4 4;
    %and;
T_12.505;
    %flag_set/vec4 9;
    %flag_get/vec4 9;
    %jmp/0 T_12.504, 9;
    %load/vec4 v0x5bf8d832f950_0;
    %pad/u 32;
    %pushi/vec4 1, 0, 32;
    %cmp/ne;
    %flag_get/vec4 6;
    %and;
T_12.504;
    %flag_set/vec4 8;
    %jmp/0xz  T_12.502, 8;
    %ix/load 4, 1, 0;
    %flag_set/imm 4, 0;
    %load/vec4a v0x5bf8d83315c0, 4;
    %pad/u 32;
    %cmpi/ne 1, 0, 32;
    %jmp/0xz  T_12.506, 6;
    %vpi_call/w 3 2879 "$display" {0 0 0};
    %vpi_call/w 3 2880 "$display", "%12s ***time = %0d,SHARP INTERRUPT OF W_RST TEST***", "\000", $time {0 0 0};
    %vpi_call/w 3 2881 "$display", "%12s ***(interrupt with W_RST between posedges of TICK_W)***", "\000" {0 0 0};
    %vpi_call/w 3 2882 "$display" {0 0 0};
    %pushi/vec4 1, 0, 1;
    %ix/load 4, 1, 0;
    %flag_set/imm 4, 0;
    %store/vec4a v0x5bf8d83315c0, 4, 0;
T_12.506 ;
    %ix/load 4, 3, 0;
    %flag_set/imm 4, 0;
    %load/vec4a v0x5bf8d832f8b0, 4;
    %flag_set/vec4 8;
    %jmp/0xz  T_12.508, 8;
    %ix/load 4, 3, 0;
    %flag_set/imm 4, 0;
    %load/vec4a v0x5bf8d832f8b0, 4;
    %flag_set/vec4 10;
    %flag_get/vec4 10;
    %jmp/0 T_12.513, 10;
    %load/vec4 v0x5bf8d832c670_0;
    %and;
T_12.513;
    %flag_set/vec4 9;
    %flag_get/vec4 9;
    %jmp/0 T_12.512, 9;
    %load/vec4 v0x5bf8d832b6a0_0;
    %pushi/vec4 0, 0, 5;
    %cmp/e;
    %flag_get/vec4 4;
    %and;
T_12.512;
    %flag_set/vec4 8;
    %jmp/0xz  T_12.510, 8;
    %pushi/vec4 2, 0, 2;
    %split/vec4 1;
    %store/vec4 v0x5bf8d832aef0_0, 0, 1;
    %store/vec4 v0x5bf8d832b780_0, 0, 1;
    %pushi/vec4 0, 0, 1;
    %ix/load 4, 3, 0;
    %flag_set/imm 4, 0;
    %store/vec4a v0x5bf8d832f8b0, 4, 0;
    %pushi/vec4 1, 0, 1;
    %store/vec4 v0x5bf8d832f950_0, 0, 1;
    %jmp T_12.511;
T_12.510 ;
    %pushi/vec4 0, 0, 2;
    %split/vec4 1;
    %store/vec4 v0x5bf8d832aef0_0, 0, 1;
    %store/vec4 v0x5bf8d832b780_0, 0, 1;
T_12.511 ;
T_12.508 ;
    %jmp T_12.503;
T_12.502 ;
    %ix/load 4, 0, 0;
    %flag_set/imm 4, 0;
    %load/vec4a v0x5bf8d832ea10, 4;
    %cmpi/ne 0, 0, 32;
    %flag_get/vec4 4;
    %jmp/0 T_12.518, 4;
    %ix/load 4, 0, 0;
    %flag_set/imm 4, 0;
    %load/vec4a v0x5bf8d832e2f0, 4;
    %pushi/vec4 0, 0, 32;
    %cmp/ne;
    %flag_get/vec4 4;
    %and;
T_12.518;
    %flag_set/vec4 10;
    %flag_get/vec4 10;
    %jmp/0 T_12.517, 10;
    %load/vec4 v0x5bf8d832ec50_0;
    %pushi/vec4 0, 0, 32;
    %cmp/ne;
    %flag_get/vec4 4;
    %and;
T_12.517;
    %flag_set/vec4 9;
    %flag_get/vec4 9;
    %jmp/0 T_12.516, 9;
    %ix/load 4, 2, 0;
    %flag_set/imm 4, 0;
    %load/vec4a v0x5bf8d832f8b0, 4;
    %pad/u 32;
    %pushi/vec4 0, 0, 32;
    %cmp/e;
    %flag_get/vec4 4;
    %and;
T_12.516;
    %flag_set/vec4 8;
    %jmp/0xz  T_12.514, 8;
    %ix/load 4, 2, 0;
    %flag_set/imm 4, 0;
    %load/vec4a v0x5bf8d83313e0, 4;
    %pad/u 32;
    %cmpi/ne 1, 0, 32;
    %jmp/0xz  T_12.519, 6;
    %vpi_call/w 3 2909 "$display" {0 0 0};
    %vpi_call/w 3 2910 "$display", "%12s ***time = %0d,READ STRESS TEST***", "\000", $time {0 0 0};
    %vpi_call/w 3 2911 "$display", "%12s ***(READ FROM FULL UNTIL EMPTY)***", "\000" {0 0 0};
    %vpi_call/w 3 2912 "$display" {0 0 0};
    %pushi/vec4 1, 0, 1;
    %ix/load 4, 2, 0;
    %flag_set/imm 4, 0;
    %store/vec4a v0x5bf8d83313e0, 4, 0;
T_12.519 ;
    %ix/load 4, 2, 0;
    %flag_set/imm 4, 0;
    %load/vec4a v0x5bf8d832f5d0, 4;
    %flag_set/vec4 8;
    %jmp/0xz  T_12.521, 8;
    %pushi/vec4 2, 0, 2;
    %split/vec4 1;
    %store/vec4 v0x5bf8d832aef0_0, 0, 1;
    %store/vec4 v0x5bf8d832b780_0, 0, 1;
    %jmp T_12.522;
T_12.521 ;
    %ix/load 4, 0, 0;
    %flag_set/imm 4, 0;
    %load/vec4a v0x5bf8d832fb90, 4;
    %flag_set/vec4 10;
    %flag_get/vec4 10;
    %jmp/0 T_12.526, 10;
    %load/vec4 v0x5bf8d8330b10_0;
    %and;
T_12.526;
    %flag_set/vec4 9;
    %flag_get/vec4 9;
    %jmp/0 T_12.525, 9;
    %load/vec4 v0x5bf8d8330a50_0;
    %and;
T_12.525;
    %flag_set/vec4 8;
    %jmp/0xz  T_12.523, 8;
    %pushi/vec4 1, 0, 2;
    %split/vec4 1;
    %store/vec4 v0x5bf8d832aef0_0, 0, 1;
    %store/vec4 v0x5bf8d832b780_0, 0, 1;
    %load/vec4 v0x5bf8d83308d0_0;
    %flag_set/vec4 8;
    %jmp/0xz  T_12.527, 8;
    %pushi/vec4 0, 0, 2;
    %split/vec4 1;
    %store/vec4 v0x5bf8d832aef0_0, 0, 1;
    %store/vec4 v0x5bf8d832b780_0, 0, 1;
    %pushi/vec4 1, 0, 1;
    %ix/load 4, 2, 0;
    %flag_set/imm 4, 0;
    %store/vec4a v0x5bf8d832f5d0, 4, 0;
    %pushi/vec4 0, 0, 1;
    %ix/load 4, 0, 0;
    %flag_set/imm 4, 0;
    %store/vec4a v0x5bf8d832fb90, 4, 0;
T_12.527 ;
    %jmp T_12.524;
T_12.523 ;
    %pushi/vec4 0, 0, 2;
    %split/vec4 1;
    %store/vec4 v0x5bf8d832aef0_0, 0, 1;
    %store/vec4 v0x5bf8d832b780_0, 0, 1;
T_12.524 ;
T_12.522 ;
    %jmp T_12.515;
T_12.514 ;
    %ix/load 4, 0, 0;
    %flag_set/imm 4, 0;
    %load/vec4a v0x5bf8d832ea10, 4;
    %cmpi/ne 0, 0, 32;
    %flag_get/vec4 4;
    %jmp/0 T_12.532, 4;
    %ix/load 4, 0, 0;
    %flag_set/imm 4, 0;
    %load/vec4a v0x5bf8d832e2f0, 4;
    %pushi/vec4 0, 0, 32;
    %cmp/ne;
    %flag_get/vec4 4;
    %and;
T_12.532;
    %flag_set/vec4 9;
    %flag_get/vec4 9;
    %jmp/0 T_12.531, 9;
    %ix/load 4, 1, 0;
    %flag_set/imm 4, 0;
    %load/vec4a v0x5bf8d832f5d0, 4;
    %pad/u 32;
    %pushi/vec4 0, 0, 32;
    %cmp/e;
    %flag_get/vec4 4;
    %and;
T_12.531;
    %flag_set/vec4 8;
    %jmp/0xz  T_12.529, 8;
    %ix/load 4, 2, 0;
    %flag_set/imm 4, 0;
    %load/vec4a v0x5bf8d83315c0, 4;
    %pad/u 32;
    %cmpi/ne 1, 0, 32;
    %jmp/0xz  T_12.533, 6;
    %vpi_call/w 3 2952 "$display" {0 0 0};
    %vpi_call/w 3 2953 "$display", "%12s ***time = %0d,WRITE STRESS TEST***", "\000", $time {0 0 0};
    %vpi_call/w 3 2954 "$display", "%12s ***(WRITE FROM EMPTY UNTIL FULL)***", "\000" {0 0 0};
    %vpi_call/w 3 2955 "$display" {0 0 0};
    %pushi/vec4 1, 0, 1;
    %ix/load 4, 2, 0;
    %flag_set/imm 4, 0;
    %store/vec4a v0x5bf8d83315c0, 4, 0;
T_12.533 ;
    %ix/load 4, 2, 0;
    %flag_set/imm 4, 0;
    %load/vec4a v0x5bf8d832f8b0, 4;
    %flag_set/vec4 10;
    %flag_get/vec4 10;
    %jmp/0 T_12.538, 10;
    %load/vec4 v0x5bf8d832c670_0;
    %load/vec4 v0x5bf8d832be30_0;
    %concat/vec4; draw_concat_vec4
    %pushi/vec4 2, 0, 2;
    %cmp/e;
    %flag_get/vec4 4;
    %and;
T_12.538;
    %flag_set/vec4 9;
    %flag_get/vec4 9;
    %jmp/0 T_12.537, 9;
    %load/vec4 v0x5bf8d832c590_0;
    %pushi/vec4 0, 0, 5;
    %cmp/e;
    %flag_get/vec4 4;
    %and;
T_12.537;
    %flag_set/vec4 8;
    %jmp/0xz  T_12.535, 8;
    %pushi/vec4 2, 0, 2;
    %split/vec4 1;
    %store/vec4 v0x5bf8d832aef0_0, 0, 1;
    %store/vec4 v0x5bf8d832b780_0, 0, 1;
    %pushi/vec4 0, 0, 1;
    %ix/load 4, 2, 0;
    %flag_set/imm 4, 0;
    %store/vec4a v0x5bf8d832f8b0, 4, 0;
    %pushi/vec4 1, 0, 32;
    %store/vec4 v0x5bf8d832ec50_0, 0, 32;
    %jmp T_12.536;
T_12.535 ;
    %pushi/vec4 0, 0, 2;
    %split/vec4 1;
    %store/vec4 v0x5bf8d832aef0_0, 0, 1;
    %store/vec4 v0x5bf8d832b780_0, 0, 1;
T_12.536 ;
    %jmp T_12.530;
T_12.529 ;
    %ix/load 4, 0, 0;
    %flag_set/imm 4, 0;
    %load/vec4a v0x5bf8d832ea10, 4;
    %cmpi/ne 0, 0, 32;
    %jmp/0xz  T_12.539, 4;
    %ix/load 4, 1, 0;
    %flag_set/imm 4, 0;
    %load/vec4a v0x5bf8d832f8b0, 4;
    %flag_set/vec4 8;
    %jmp/0xz  T_12.541, 8;
    %ix/load 4, 1, 0;
    %flag_set/imm 4, 0;
    %load/vec4a v0x5bf8d832f8b0, 4;
    %flag_set/vec4 9;
    %flag_get/vec4 9;
    %jmp/0 T_12.545, 9;
    %load/vec4 v0x5bf8d832c590_0;
    %pushi/vec4 0, 0, 5;
    %cmp/e;
    %flag_get/vec4 4;
    %and;
T_12.545;
    %flag_set/vec4 8;
    %jmp/0xz  T_12.543, 8;
    %pushi/vec4 2, 0, 2;
    %split/vec4 1;
    %store/vec4 v0x5bf8d832aef0_0, 0, 1;
    %store/vec4 v0x5bf8d832b780_0, 0, 1;
    %pushi/vec4 0, 0, 1;
    %ix/load 4, 1, 0;
    %flag_set/imm 4, 0;
    %store/vec4a v0x5bf8d832f8b0, 4, 0;
    %jmp T_12.544;
T_12.543 ;
    %pushi/vec4 0, 0, 2;
    %split/vec4 1;
    %store/vec4 v0x5bf8d832aef0_0, 0, 1;
    %store/vec4 v0x5bf8d832b780_0, 0, 1;
    %pushi/vec4 1, 0, 1;
    %ix/load 4, 1, 0;
    %flag_set/imm 4, 0;
    %store/vec4a v0x5bf8d832f8b0, 4, 0;
T_12.544 ;
T_12.541 ;
    %ix/load 4, 3, 0;
    %flag_set/imm 4, 0;
    %load/vec4a v0x5bf8d83313e0, 4;
    %pad/u 32;
    %cmpi/ne 1, 0, 32;
    %jmp/0xz  T_12.546, 6;
    %vpi_call/w 3 2993 "$display" {0 0 0};
    %vpi_call/w 3 2994 "$display", "%12s ***time = %0d,GENERAL_READ_TEST***", "\000", $time {0 0 0};
    %vpi_call/w 3 2995 "$display" {0 0 0};
    %pushi/vec4 1, 0, 1;
    %ix/load 4, 3, 0;
    %flag_set/imm 4, 0;
    %store/vec4a v0x5bf8d83313e0, 4, 0;
T_12.546 ;
    %ix/load 4, 1, 0;
    %flag_set/imm 4, 0;
    %load/vec4a v0x5bf8d832e2f0, 4;
    %cmpi/ne 1, 0, 32;
    %jmp/0xz  T_12.548, 6;
    %ix/load 4, 4, 0;
    %flag_set/imm 4, 0;
    %load/vec4a v0x5bf8d83313e0, 4;
    %pad/u 32;
    %cmpi/ne 1, 0, 32;
    %jmp/0xz  T_12.550, 6;
    %vpi_call/w 3 3006 "$display" {0 0 0};
    %vpi_call/w 3 3007 "$display", "%12s ***time = %0d,TEST for prev_state_r = !EMPTY_EXPECTED and current_state = {R_RST,R_EN}***", "\000", $time {0 0 0};
    %vpi_call/w 3 3008 "$display" {0 0 0};
    %pushi/vec4 1, 0, 1;
    %ix/load 4, 4, 0;
    %flag_set/imm 4, 0;
    %store/vec4a v0x5bf8d83313e0, 4, 0;
T_12.550 ;
    %ix/load 4, 0, 0;
    %flag_set/imm 4, 0;
    %load/vec4a v0x5bf8d832f5d0, 4;
    %flag_set/vec4 8;
    %jmp/0xz  T_12.552, 8;
    %pushi/vec4 2, 0, 2;
    %split/vec4 1;
    %store/vec4 v0x5bf8d832aef0_0, 0, 1;
    %store/vec4 v0x5bf8d832b780_0, 0, 1;
    %jmp T_12.553;
T_12.552 ;
    %pushi/vec4 0, 0, 1;
    %ix/load 4, 0, 0;
    %flag_set/imm 4, 0;
    %store/vec4a v0x5bf8d8330330, 4, 0;
    %fork t_45, S_0x5bf8d8322230;
    %jmp t_44;
    .scope S_0x5bf8d8322230;
t_45 ;
    %pushi/vec4 0, 0, 32;
    %store/vec4 v0x5bf8d8322520_0, 0, 32;
T_12.554 ;
    %load/vec4 v0x5bf8d8322520_0;
    %cmpi/s 3, 0, 32;
    %jmp/0xz T_12.555, 5;
    %ix/getv/s 4, v0x5bf8d8322520_0;
    %load/vec4a v0x5bf8d832e7d0, 4;
    %nor/r;
    %flag_set/vec4 11;
    %flag_get/vec4 11;
    %jmp/0 T_12.560, 11;
    %ix/load 4, 0, 0;
    %flag_set/imm 4, 0;
    %load/vec4a v0x5bf8d8330330, 4;
    %nor/r;
    %and;
T_12.560;
    %flag_set/vec4 10;
    %flag_get/vec4 10;
    %jmp/0 T_12.559, 10;
    %load/vec4 v0x5bf8d8330a50_0;
    %and;
T_12.559;
    %flag_set/vec4 9;
    %flag_get/vec4 9;
    %jmp/0 T_12.558, 9;
    %load/vec4 v0x5bf8d8330b10_0;
    %and;
T_12.558;
    %flag_set/vec4 8;
    %jmp/0xz  T_12.556, 8;
    %load/vec4 v0x5bf8d83308d0_0;
    %flag_set/vec4 8;
    %jmp/0xz  T_12.561, 8;
    %pushi/vec4 0, 0, 2;
    %split/vec4 1;
    %store/vec4 v0x5bf8d832aef0_0, 0, 1;
    %store/vec4 v0x5bf8d832b780_0, 0, 1;
    %pushi/vec4 1, 0, 1;
    %ix/load 4, 0, 0;
    %flag_set/imm 4, 0;
    %store/vec4a v0x5bf8d8330330, 4, 0;
    %jmp T_12.562;
T_12.561 ;
    %load/vec4 v0x5bf8d8322520_0;
    %parti/s 2, 0, 2;
    %split/vec4 1;
    %store/vec4 v0x5bf8d832aef0_0, 0, 1;
    %store/vec4 v0x5bf8d832b780_0, 0, 1;
    %pushi/vec4 1, 0, 1;
    %ix/load 4, 0, 0;
    %flag_set/imm 4, 0;
    %store/vec4a v0x5bf8d8330330, 4, 0;
    %pushi/vec4 1, 0, 1;
    %ix/load 4, 0, 0;
    %flag_set/imm 4, 0;
    %store/vec4a v0x5bf8d832f5d0, 4, 0;
T_12.562 ;
T_12.556 ;
    ; show_stmt_assign_vector: Get l-value for compressed += operand
    %load/vec4 v0x5bf8d8322520_0;
    %pushi/vec4 1, 0, 32;
    %add;
    %cast2;
    %store/vec4 v0x5bf8d8322520_0, 0, 32;
    %jmp T_12.554;
T_12.555 ;
    %end;
    .scope S_0x5bf8d831f250;
t_44 %join;
T_12.553 ;
    %pushi/vec4 1, 0, 32;
    %ix/load 4, 1, 0;
    %flag_set/imm 4, 0;
    %store/vec4a v0x5bf8d832e2f0, 4, 0;
    %fork t_47, S_0x5bf8d8322620;
    %jmp t_46;
    .scope S_0x5bf8d8322620;
t_47 ;
    %pushi/vec4 0, 0, 32;
    %store/vec4 v0x5bf8d8322800_0, 0, 32;
T_12.563 ;
    %load/vec4 v0x5bf8d8322800_0;
    %cmpi/s 3, 0, 32;
    %jmp/0xz T_12.564, 5;
    %ix/getv/s 4, v0x5bf8d8322800_0;
    %load/vec4a v0x5bf8d832e7d0, 4;
    %nor/r;
    %flag_set/vec4 8;
    %jmp/0xz  T_12.565, 8;
    %pushi/vec4 0, 0, 32;
    %ix/load 4, 1, 0;
    %flag_set/imm 4, 0;
    %store/vec4a v0x5bf8d832e2f0, 4, 0;
T_12.565 ;
    ; show_stmt_assign_vector: Get l-value for compressed += operand
    %load/vec4 v0x5bf8d8322800_0;
    %pushi/vec4 1, 0, 32;
    %add;
    %cast2;
    %store/vec4 v0x5bf8d8322800_0, 0, 32;
    %jmp T_12.563;
T_12.564 ;
    %end;
    .scope S_0x5bf8d831f250;
t_46 %join;
T_12.548 ;
    %ix/load 4, 1, 0;
    %flag_set/imm 4, 0;
    %load/vec4a v0x5bf8d832e2f0, 4;
    %cmpi/ne 0, 0, 32;
    %jmp/0xz  T_12.567, 4;
    %ix/load 4, 5, 0;
    %flag_set/imm 4, 0;
    %load/vec4a v0x5bf8d83313e0, 4;
    %pad/u 32;
    %cmpi/ne 1, 0, 32;
    %jmp/0xz  T_12.569, 6;
    %vpi_call/w 3 3062 "$display" {0 0 0};
    %vpi_call/w 3 3063 "$display", "%12s ***time = %0d, TEST for prev_state_r = EMPTY_EXPECTED and current_state = {R_RST,R_EN}***", "\000", $time {0 0 0};
    %vpi_call/w 3 3064 "$display" {0 0 0};
    %pushi/vec4 1, 0, 1;
    %ix/load 4, 5, 0;
    %flag_set/imm 4, 0;
    %store/vec4a v0x5bf8d83313e0, 4, 0;
T_12.569 ;
    %ix/load 4, 1, 0;
    %flag_set/imm 4, 0;
    %load/vec4a v0x5bf8d832f5d0, 4;
    %flag_set/vec4 8;
    %jmp/0xz  T_12.571, 8;
    %pushi/vec4 2, 0, 2;
    %split/vec4 1;
    %store/vec4 v0x5bf8d832aef0_0, 0, 1;
    %store/vec4 v0x5bf8d832b780_0, 0, 1;
    %jmp T_12.572;
T_12.571 ;
    %pushi/vec4 0, 0, 1;
    %ix/load 4, 1, 0;
    %flag_set/imm 4, 0;
    %store/vec4a v0x5bf8d8330330, 4, 0;
    %fork t_49, S_0x5bf8d8322900;
    %jmp t_48;
    .scope S_0x5bf8d8322900;
t_49 ;
    %pushi/vec4 0, 0, 32;
    %store/vec4 v0x5bf8d8322ae0_0, 0, 32;
T_12.573 ;
    %load/vec4 v0x5bf8d8322ae0_0;
    %cmpi/s 3, 0, 32;
    %jmp/0xz T_12.574, 5;
    %load/vec4 v0x5bf8d8322ae0_0;
    %addi 3, 0, 32;
    %ix/vec4/s 4;
    %load/vec4a v0x5bf8d832e7d0, 4;
    %nor/r;
    %flag_set/vec4 12;
    %flag_get/vec4 12;
    %jmp/0 T_12.580, 12;
    %ix/load 4, 1, 0;
    %flag_set/imm 4, 0;
    %load/vec4a v0x5bf8d832e2f0, 4;
    %pushi/vec4 0, 0, 32;
    %cmp/ne;
    %flag_get/vec4 4;
    %and;
T_12.580;
    %flag_set/vec4 11;
    %flag_get/vec4 11;
    %jmp/0 T_12.579, 11;
    %ix/load 4, 1, 0;
    %flag_set/imm 4, 0;
    %load/vec4a v0x5bf8d8330330, 4;
    %nor/r;
    %and;
T_12.579;
    %flag_set/vec4 10;
    %flag_get/vec4 10;
    %jmp/0 T_12.578, 10;
    %load/vec4 v0x5bf8d8330a50_0;
    %and;
T_12.578;
    %flag_set/vec4 9;
    %flag_get/vec4 9;
    %jmp/0 T_12.577, 9;
    %load/vec4 v0x5bf8d8330b10_0;
    %and;
T_12.577;
    %flag_set/vec4 8;
    %jmp/0xz  T_12.575, 8;
    %load/vec4 v0x5bf8d83308d0_0;
    %nor/r;
    %flag_set/vec4 8;
    %jmp/0xz  T_12.581, 8;
    %pushi/vec4 2, 0, 2;
    %split/vec4 1;
    %store/vec4 v0x5bf8d832aef0_0, 0, 1;
    %store/vec4 v0x5bf8d832b780_0, 0, 1;
    %pushi/vec4 1, 0, 1;
    %ix/load 4, 1, 0;
    %flag_set/imm 4, 0;
    %store/vec4a v0x5bf8d8330330, 4, 0;
    %jmp T_12.582;
T_12.581 ;
    %load/vec4 v0x5bf8d8322ae0_0;
    %parti/s 2, 0, 2;
    %split/vec4 1;
    %store/vec4 v0x5bf8d832aef0_0, 0, 1;
    %store/vec4 v0x5bf8d832b780_0, 0, 1;
    %pushi/vec4 1, 0, 1;
    %ix/load 4, 1, 0;
    %flag_set/imm 4, 0;
    %store/vec4a v0x5bf8d8330330, 4, 0;
    %pushi/vec4 1, 0, 1;
    %ix/load 4, 1, 0;
    %flag_set/imm 4, 0;
    %store/vec4a v0x5bf8d832f5d0, 4, 0;
T_12.582 ;
T_12.575 ;
    ; show_stmt_assign_vector: Get l-value for compressed += operand
    %load/vec4 v0x5bf8d8322ae0_0;
    %pushi/vec4 1, 0, 32;
    %add;
    %cast2;
    %store/vec4 v0x5bf8d8322ae0_0, 0, 32;
    %jmp T_12.573;
T_12.574 ;
    %end;
    .scope S_0x5bf8d831f250;
t_48 %join;
T_12.572 ;
    %pushi/vec4 1, 0, 32;
    %ix/load 4, 2, 0;
    %flag_set/imm 4, 0;
    %store/vec4a v0x5bf8d832e2f0, 4, 0;
    %fork t_51, S_0x5bf8d8322be0;
    %jmp t_50;
    .scope S_0x5bf8d8322be0;
t_51 ;
    %pushi/vec4 3, 0, 32;
    %store/vec4 v0x5bf8d8322dc0_0, 0, 32;
T_12.583 ;
    %load/vec4 v0x5bf8d8322dc0_0;
    %cmpi/s 6, 0, 32;
    %jmp/0xz T_12.584, 5;
    %ix/getv/s 4, v0x5bf8d8322dc0_0;
    %load/vec4a v0x5bf8d832e7d0, 4;
    %nor/r;
    %flag_set/vec4 8;
    %jmp/0xz  T_12.585, 8;
    %pushi/vec4 0, 0, 32;
    %ix/load 4, 2, 0;
    %flag_set/imm 4, 0;
    %store/vec4a v0x5bf8d832e2f0, 4, 0;
T_12.585 ;
    ; show_stmt_assign_vector: Get l-value for compressed += operand
    %load/vec4 v0x5bf8d8322dc0_0;
    %pushi/vec4 1, 0, 32;
    %add;
    %cast2;
    %store/vec4 v0x5bf8d8322dc0_0, 0, 32;
    %jmp T_12.583;
T_12.584 ;
    %end;
    .scope S_0x5bf8d831f250;
t_50 %join;
T_12.567 ;
    %load/vec4 v0x5bf8d8330a50_0;
    %flag_set/vec4 9;
    %flag_get/vec4 9;
    %jmp/0 T_12.589, 9;
    %load/vec4 v0x5bf8d8330b10_0;
    %and;
T_12.589;
    %flag_set/vec4 8;
    %jmp/0xz  T_12.587, 8;
    %load/vec4 v0x5bf8d83308d0_0;
    %load/vec4 v0x5bf8d832b780_0;
    %concat/vec4; draw_concat_vec4
    %load/vec4 v0x5bf8d832aef0_0;
    %concat/vec4; draw_concat_vec4
    %cmpi/u 3, 0, 3;
    %jmp/0xz  T_12.590, 5;
    ; show_stmt_assign_vector: Get l-value for compressed += operand
    %load/vec4 v0x5bf8d83308d0_0;
    %load/vec4 v0x5bf8d832b780_0;
    %concat/vec4; draw_concat_vec4
    %load/vec4 v0x5bf8d832aef0_0;
    %concat/vec4; draw_concat_vec4
    %pad/u 7;
    %ix/vec4 4;
    %flag_mov 8, 4;
    %load/vec4a v0x5bf8d832e7d0, 4;
    %pushi/vec4 1, 0, 32;
    %add;
    %flag_mov 4, 8;
    %store/vec4a v0x5bf8d832e7d0, 4, 0;
    %jmp T_12.591;
T_12.590 ;
    %load/vec4 v0x5bf8d83308d0_0;
    %load/vec4 v0x5bf8d832b780_0;
    %concat/vec4; draw_concat_vec4
    %load/vec4 v0x5bf8d832aef0_0;
    %concat/vec4; draw_concat_vec4
    %cmpi/u 3, 0, 3;
    %flag_or 5, 4; GT is !LE
    %flag_inv 5;
    %jmp/0xz  T_12.592, 5;
    ; show_stmt_assign_vector: Get l-value for compressed += operand
    %load/vec4 v0x5bf8d83308d0_0;
    %load/vec4 v0x5bf8d832b780_0;
    %concat/vec4; draw_concat_vec4
    %load/vec4 v0x5bf8d832aef0_0;
    %concat/vec4; draw_concat_vec4
    %pad/u 32;
    %subi 1, 0, 32;
    %ix/vec4 4;
    %flag_mov 8, 4;
    %load/vec4a v0x5bf8d832e7d0, 4;
    %pushi/vec4 1, 0, 32;
    %add;
    %flag_mov 4, 8;
    %store/vec4a v0x5bf8d832e7d0, 4, 0;
T_12.592 ;
T_12.591 ;
T_12.587 ;
    %pushi/vec4 1, 0, 32;
    %ix/load 4, 0, 0;
    %flag_set/imm 4, 0;
    %store/vec4a v0x5bf8d832e2f0, 4, 0;
    %fork t_53, S_0x5bf8d8322ec0;
    %jmp t_52;
    .scope S_0x5bf8d8322ec0;
t_53 ;
    %pushi/vec4 0, 0, 32;
    %store/vec4 v0x5bf8d83230a0_0, 0, 32;
T_12.594 ;
    %load/vec4 v0x5bf8d83230a0_0;
    %cmpi/s 6, 0, 32;
    %jmp/0xz T_12.595, 5;
    %ix/getv/s 4, v0x5bf8d83230a0_0;
    %load/vec4a v0x5bf8d832e7d0, 4;
    %nor/r;
    %flag_set/vec4 8;
    %jmp/0xz  T_12.596, 8;
    %pushi/vec4 0, 0, 32;
    %ix/load 4, 0, 0;
    %flag_set/imm 4, 0;
    %store/vec4a v0x5bf8d832e2f0, 4, 0;
T_12.596 ;
    ; show_stmt_assign_vector: Get l-value for compressed += operand
    %load/vec4 v0x5bf8d83230a0_0;
    %pushi/vec4 1, 0, 32;
    %add;
    %cast2;
    %store/vec4 v0x5bf8d83230a0_0, 0, 32;
    %jmp T_12.594;
T_12.595 ;
    %end;
    .scope S_0x5bf8d831f250;
t_52 %join;
    %pushi/vec4 1, 0, 1;
    %store/vec4 v0x5bf8d8330a50_0, 0, 1;
    %ix/load 4, 0, 0;
    %flag_set/imm 4, 0;
    %load/vec4a v0x5bf8d832f5d0, 4;
    %flag_set/vec4 8;
    %jmp/1 T_12.601, 8;
    %ix/load 4, 1, 0;
    %flag_set/imm 4, 0;
    %load/vec4a v0x5bf8d832f5d0, 4;
    %flag_set/vec4 9;
    %flag_or 8, 9;
T_12.601;
    %jmp/1 T_12.600, 8;
    %ix/load 4, 2, 0;
    %flag_set/imm 4, 0;
    %load/vec4a v0x5bf8d832f5d0, 4;
    %flag_set/vec4 9;
    %flag_or 8, 9;
T_12.600;
    %jmp/0xz  T_12.598, 8;
    %pushi/vec4 0, 0, 1;
    %store/vec4 v0x5bf8d8330a50_0, 0, 1;
T_12.598 ;
    %jmp T_12.540;
T_12.539 ;
    %ix/load 4, 3, 0;
    %flag_set/imm 4, 0;
    %load/vec4a v0x5bf8d83315c0, 4;
    %pad/u 32;
    %cmpi/ne 1, 0, 32;
    %jmp/0xz  T_12.602, 6;
    %vpi_call/w 3 3153 "$display" {0 0 0};
    %vpi_call/w 3 3154 "$display", "%12s ***time = %0d,GENERAL_WRITE_TEST***", "\000", $time {0 0 0};
    %vpi_call/w 3 3155 "$display" {0 0 0};
    %pushi/vec4 1, 0, 1;
    %ix/load 4, 3, 0;
    %flag_set/imm 4, 0;
    %store/vec4a v0x5bf8d83315c0, 4, 0;
T_12.602 ;
    %load/vec4 v0x5bf8d832f090_0;
    %flag_set/vec4 8;
    %jmp/0xz  T_12.604, 8;
    %load/vec4 v0x5bf8d832f090_0;
    %flag_set/vec4 10;
    %flag_get/vec4 10;
    %jmp/0 T_12.609, 10;
    %load/vec4 v0x5bf8d832c670_0;
    %load/vec4 v0x5bf8d832be30_0;
    %concat/vec4; draw_concat_vec4
    %pushi/vec4 2, 0, 2;
    %cmp/e;
    %flag_get/vec4 4;
    %and;
T_12.609;
    %flag_set/vec4 9;
    %flag_get/vec4 9;
    %jmp/0 T_12.608, 9;
    %load/vec4 v0x5bf8d832c590_0;
    %pushi/vec4 0, 0, 5;
    %cmp/e;
    %flag_get/vec4 4;
    %and;
T_12.608;
    %flag_set/vec4 8;
    %jmp/0xz  T_12.606, 8;
    %pushi/vec4 2, 0, 2;
    %split/vec4 1;
    %store/vec4 v0x5bf8d832aef0_0, 0, 1;
    %store/vec4 v0x5bf8d832b780_0, 0, 1;
    %pushi/vec4 0, 0, 1;
    %store/vec4 v0x5bf8d832f090_0, 0, 1;
    %jmp T_12.607;
T_12.606 ;
    %pushi/vec4 0, 0, 2;
    %split/vec4 1;
    %store/vec4 v0x5bf8d832aef0_0, 0, 1;
    %store/vec4 v0x5bf8d832b780_0, 0, 1;
    %pushi/vec4 1, 0, 1;
    %store/vec4 v0x5bf8d832f090_0, 0, 1;
T_12.607 ;
    %jmp T_12.605;
T_12.604 ;
    %ix/load 4, 0, 0;
    %flag_set/imm 4, 0;
    %load/vec4a v0x5bf8d832f8b0, 4;
    %flag_set/vec4 8;
    %jmp/0xz  T_12.610, 8;
    %ix/load 4, 0, 0;
    %flag_set/imm 4, 0;
    %load/vec4a v0x5bf8d832f8b0, 4;
    %flag_set/vec4 10;
    %flag_get/vec4 10;
    %jmp/0 T_12.615, 10;
    %load/vec4 v0x5bf8d832c670_0;
    %load/vec4 v0x5bf8d832be30_0;
    %concat/vec4; draw_concat_vec4
    %pushi/vec4 2, 0, 2;
    %cmp/e;
    %flag_get/vec4 4;
    %and;
T_12.615;
    %flag_set/vec4 9;
    %flag_get/vec4 9;
    %jmp/0 T_12.614, 9;
    %load/vec4 v0x5bf8d832c590_0;
    %pushi/vec4 0, 0, 5;
    %cmp/e;
    %flag_get/vec4 4;
    %and;
T_12.614;
    %flag_set/vec4 8;
    %jmp/0xz  T_12.612, 8;
    %pushi/vec4 2, 0, 2;
    %split/vec4 1;
    %store/vec4 v0x5bf8d832aef0_0, 0, 1;
    %store/vec4 v0x5bf8d832b780_0, 0, 1;
    %pushi/vec4 0, 0, 1;
    %ix/load 4, 0, 0;
    %flag_set/imm 4, 0;
    %store/vec4a v0x5bf8d832f8b0, 4, 0;
    %jmp T_12.613;
T_12.612 ;
    %pushi/vec4 0, 0, 2;
    %split/vec4 1;
    %store/vec4 v0x5bf8d832aef0_0, 0, 1;
    %store/vec4 v0x5bf8d832b780_0, 0, 1;
    %pushi/vec4 1, 0, 1;
    %ix/load 4, 0, 0;
    %flag_set/imm 4, 0;
    %store/vec4a v0x5bf8d832f8b0, 4, 0;
T_12.613 ;
    %jmp T_12.611;
T_12.610 ;
    %ix/load 4, 1, 0;
    %flag_set/imm 4, 0;
    %load/vec4a v0x5bf8d832f8b0, 4;
    %flag_set/vec4 8;
    %jmp/0xz  T_12.616, 8;
    %ix/load 4, 1, 0;
    %flag_set/imm 4, 0;
    %load/vec4a v0x5bf8d832f8b0, 4;
    %flag_set/vec4 10;
    %flag_get/vec4 10;
    %jmp/0 T_12.621, 10;
    %load/vec4 v0x5bf8d832c670_0;
    %load/vec4 v0x5bf8d832be30_0;
    %concat/vec4; draw_concat_vec4
    %pushi/vec4 2, 0, 2;
    %cmp/e;
    %flag_get/vec4 4;
    %and;
T_12.621;
    %flag_set/vec4 9;
    %flag_get/vec4 9;
    %jmp/0 T_12.620, 9;
    %load/vec4 v0x5bf8d832c590_0;
    %pushi/vec4 0, 0, 5;
    %cmp/e;
    %flag_get/vec4 4;
    %and;
T_12.620;
    %flag_set/vec4 8;
    %jmp/0xz  T_12.618, 8;
    %pushi/vec4 2, 0, 2;
    %split/vec4 1;
    %store/vec4 v0x5bf8d832aef0_0, 0, 1;
    %store/vec4 v0x5bf8d832b780_0, 0, 1;
    %pushi/vec4 0, 0, 1;
    %ix/load 4, 1, 0;
    %flag_set/imm 4, 0;
    %store/vec4a v0x5bf8d832f8b0, 4, 0;
    %jmp T_12.619;
T_12.618 ;
    %pushi/vec4 0, 0, 2;
    %split/vec4 1;
    %store/vec4 v0x5bf8d832aef0_0, 0, 1;
    %store/vec4 v0x5bf8d832b780_0, 0, 1;
    %pushi/vec4 1, 0, 1;
    %ix/load 4, 1, 0;
    %flag_set/imm 4, 0;
    %store/vec4a v0x5bf8d832f8b0, 4, 0;
T_12.619 ;
    %jmp T_12.617;
T_12.616 ;
    %fork t_55, S_0x5bf8d83231a0;
    %jmp t_54;
    .scope S_0x5bf8d83231a0;
t_55 ;
    %pushi/vec4 0, 0, 32;
    %store/vec4 v0x5bf8d8323380_0, 0, 32;
T_12.622 ;
    %load/vec4 v0x5bf8d8323380_0;
    %cmpi/s 3, 0, 32;
    %jmp/0xz T_12.623, 5;
    %pushi/vec4 0, 0, 1;
    %ix/getv/s 4, v0x5bf8d8323380_0;
    %store/vec4a v0x5bf8d83301f0, 4, 0;
    ; show_stmt_assign_vector: Get l-value for compressed += operand
    %load/vec4 v0x5bf8d8323380_0;
    %pushi/vec4 1, 0, 32;
    %add;
    %cast2;
    %store/vec4 v0x5bf8d8323380_0, 0, 32;
    %jmp T_12.622;
T_12.623 ;
    %end;
    .scope S_0x5bf8d831f250;
t_54 %join;
    %ix/load 4, 1, 0;
    %flag_set/imm 4, 0;
    %load/vec4a v0x5bf8d832ea10, 4;
    %cmpi/ne 1, 0, 32;
    %jmp/0xz  T_12.624, 6;
    %ix/load 4, 4, 0;
    %flag_set/imm 4, 0;
    %load/vec4a v0x5bf8d83315c0, 4;
    %pad/u 32;
    %cmpi/ne 1, 0, 32;
    %jmp/0xz  T_12.626, 6;
    %vpi_call/w 3 3208 "$display" {0 0 0};
    %vpi_call/w 3 3209 "$display", "%12s ***time = %0d, TEST for prev_state_w = !FULL_EXPECTED and current_state = {W_RST,W_EN}***", "\000", $time {0 0 0};
    %vpi_call/w 3 3210 "$display" {0 0 0};
    %pushi/vec4 1, 0, 1;
    %ix/load 4, 4, 0;
    %flag_set/imm 4, 0;
    %store/vec4a v0x5bf8d83315c0, 4, 0;
T_12.626 ;
    %fork t_57, S_0x5bf8d8323480;
    %jmp t_56;
    .scope S_0x5bf8d8323480;
t_57 ;
    %pushi/vec4 0, 0, 32;
    %store/vec4 v0x5bf8d8323660_0, 0, 32;
T_12.628 ;
    %load/vec4 v0x5bf8d8323660_0;
    %cmpi/s 3, 0, 32;
    %jmp/0xz T_12.629, 5;
    %ix/getv/s 4, v0x5bf8d8323660_0;
    %load/vec4a v0x5bf8d832eef0, 4;
    %nor/r;
    %flag_set/vec4 9;
    %flag_get/vec4 9;
    %jmp/0 T_12.632, 9;
    %ix/load 4, 0, 0;
    %flag_set/imm 4, 0;
    %load/vec4a v0x5bf8d83301f0, 4;
    %nor/r;
    %and;
T_12.632;
    %flag_set/vec4 8;
    %jmp/0xz  T_12.630, 8;
    %load/vec4 v0x5bf8d8330990_0;
    %flag_set/vec4 8;
    %jmp/0xz  T_12.633, 8;
    %pushi/vec4 1, 0, 2;
    %split/vec4 1;
    %store/vec4 v0x5bf8d832aef0_0, 0, 1;
    %store/vec4 v0x5bf8d832b780_0, 0, 1;
    %pushi/vec4 1, 0, 1;
    %ix/load 4, 0, 0;
    %flag_set/imm 4, 0;
    %store/vec4a v0x5bf8d83301f0, 4, 0;
    %jmp T_12.634;
T_12.633 ;
    %pushi/vec4 0, 0, 2;
    %split/vec4 1;
    %store/vec4 v0x5bf8d832aef0_0, 0, 1;
    %store/vec4 v0x5bf8d832b780_0, 0, 1;
    %pushi/vec4 1, 0, 1;
    %ix/load 4, 0, 0;
    %flag_set/imm 4, 0;
    %store/vec4a v0x5bf8d83301f0, 4, 0;
T_12.634 ;
T_12.630 ;
    ; show_stmt_assign_vector: Get l-value for compressed += operand
    %load/vec4 v0x5bf8d8323660_0;
    %pushi/vec4 1, 0, 32;
    %add;
    %cast2;
    %store/vec4 v0x5bf8d8323660_0, 0, 32;
    %jmp T_12.628;
T_12.629 ;
    %end;
    .scope S_0x5bf8d831f250;
t_56 %join;
    %jmp T_12.625;
T_12.624 ;
    %ix/load 4, 1, 0;
    %flag_set/imm 4, 0;
    %load/vec4a v0x5bf8d832ea10, 4;
    %cmpi/ne 0, 0, 32;
    %jmp/0xz  T_12.635, 4;
    %ix/load 4, 5, 0;
    %flag_set/imm 4, 0;
    %load/vec4a v0x5bf8d83315c0, 4;
    %pad/u 32;
    %cmpi/ne 1, 0, 32;
    %jmp/0xz  T_12.637, 6;
    %vpi_call/w 3 3233 "$display" {0 0 0};
    %vpi_call/w 3 3234 "$display", "%12s ***time = %0d,TEST for prev_state_w = FULL_EXPECTED and current_state = {W_RST,W_EN}***", "\000", $time {0 0 0};
    %vpi_call/w 3 3235 "$display" {0 0 0};
    %pushi/vec4 1, 0, 1;
    %ix/load 4, 5, 0;
    %flag_set/imm 4, 0;
    %store/vec4a v0x5bf8d83315c0, 4, 0;
T_12.637 ;
    %fork t_59, S_0x5bf8d8323760;
    %jmp t_58;
    .scope S_0x5bf8d8323760;
t_59 ;
    %pushi/vec4 0, 0, 32;
    %store/vec4 v0x5bf8d8323940_0, 0, 32;
T_12.639 ;
    %load/vec4 v0x5bf8d8323940_0;
    %cmpi/s 3, 0, 32;
    %jmp/0xz T_12.640, 5;
    %load/vec4 v0x5bf8d8323940_0;
    %addi 3, 0, 32;
    %ix/vec4/s 4;
    %load/vec4a v0x5bf8d832eef0, 4;
    %nor/r;
    %flag_set/vec4 10;
    %flag_get/vec4 10;
    %jmp/0 T_12.644, 10;
    %ix/load 4, 1, 0;
    %flag_set/imm 4, 0;
    %load/vec4a v0x5bf8d83301f0, 4;
    %nor/r;
    %and;
T_12.644;
    %flag_set/vec4 9;
    %flag_get/vec4 9;
    %jmp/0 T_12.643, 9;
    %ix/load 4, 1, 0;
    %flag_set/imm 4, 0;
    %load/vec4a v0x5bf8d832ea10, 4;
    %pushi/vec4 0, 0, 32;
    %cmp/ne;
    %flag_get/vec4 4;
    %and;
T_12.643;
    %flag_set/vec4 8;
    %jmp/0xz  T_12.641, 8;
    %pushi/vec4 0, 0, 2;
    %split/vec4 1;
    %store/vec4 v0x5bf8d832aef0_0, 0, 1;
    %store/vec4 v0x5bf8d832b780_0, 0, 1;
    %pushi/vec4 1, 0, 1;
    %ix/load 4, 1, 0;
    %flag_set/imm 4, 0;
    %store/vec4a v0x5bf8d83301f0, 4, 0;
T_12.641 ;
    ; show_stmt_assign_vector: Get l-value for compressed += operand
    %load/vec4 v0x5bf8d8323940_0;
    %pushi/vec4 1, 0, 32;
    %add;
    %cast2;
    %store/vec4 v0x5bf8d8323940_0, 0, 32;
    %jmp T_12.639;
T_12.640 ;
    %end;
    .scope S_0x5bf8d831f250;
t_58 %join;
T_12.635 ;
T_12.625 ;
T_12.617 ;
T_12.611 ;
T_12.605 ;
T_12.540 ;
T_12.530 ;
T_12.515 ;
T_12.503 ;
T_12.494 ;
T_12.478 ;
T_12.468 ;
T_12.461 ;
T_12.272 ;
    %end;
S_0x5bf8d831f430 .scope begin, "$ivl_for_loop25" "$ivl_for_loop25" 3 1992, 3 1992 0, S_0x5bf8d831f250;
 .timescale -9 -11;
v0x5bf8d831f630_0 .var/2s "k", 31 0;
S_0x5bf8d831f730 .scope begin, "$ivl_for_loop26" "$ivl_for_loop26" 3 2011, 3 2011 0, S_0x5bf8d831f250;
 .timescale -9 -11;
v0x5bf8d831f930_0 .var/2s "j", 31 0;
S_0x5bf8d831fa10 .scope begin, "$ivl_for_loop27" "$ivl_for_loop27" 3 2046, 3 2046 0, S_0x5bf8d831f250;
 .timescale -9 -11;
v0x5bf8d831fbf0_0 .var/2s "k", 31 0;
S_0x5bf8d831fcd0 .scope begin, "$ivl_for_loop28" "$ivl_for_loop28" 3 2068, 3 2068 0, S_0x5bf8d831f250;
 .timescale -9 -11;
v0x5bf8d831feb0_0 .var/2s "j", 31 0;
S_0x5bf8d831ffb0 .scope begin, "$ivl_for_loop29" "$ivl_for_loop29" 3 2091, 3 2091 0, S_0x5bf8d831f250;
 .timescale -9 -11;
v0x5bf8d83201e0_0 .var/2s "j", 31 0;
S_0x5bf8d83202e0 .scope begin, "$ivl_for_loop30" "$ivl_for_loop30" 3 2156, 3 2156 0, S_0x5bf8d831f250;
 .timescale -9 -11;
v0x5bf8d83204c0_0 .var/2s "j", 31 0;
S_0x5bf8d83205c0 .scope begin, "$ivl_for_loop31" "$ivl_for_loop31" 3 2170, 3 2170 0, S_0x5bf8d831f250;
 .timescale -9 -11;
v0x5bf8d83207a0_0 .var/2s "k", 31 0;
S_0x5bf8d83208a0 .scope begin, "$ivl_for_loop32" "$ivl_for_loop32" 3 2195, 3 2195 0, S_0x5bf8d831f250;
 .timescale -9 -11;
v0x5bf8d8320a80_0 .var/2s "k", 31 0;
S_0x5bf8d8320b80 .scope begin, "$ivl_for_loop33" "$ivl_for_loop33" 3 2507, 3 2507 0, S_0x5bf8d831f250;
 .timescale -9 -11;
v0x5bf8d8320d60_0 .var/2s "k", 31 0;
S_0x5bf8d8320e60 .scope begin, "$ivl_for_loop34" "$ivl_for_loop34" 3 2529, 3 2529 0, S_0x5bf8d831f250;
 .timescale -9 -11;
v0x5bf8d8320ff0_0 .var/2s "j", 31 0;
S_0x5bf8d83210f0 .scope begin, "$ivl_for_loop35" "$ivl_for_loop35" 3 2563, 3 2563 0, S_0x5bf8d831f250;
 .timescale -9 -11;
v0x5bf8d83212d0_0 .var/2s "k", 31 0;
S_0x5bf8d83213d0 .scope begin, "$ivl_for_loop36" "$ivl_for_loop36" 3 2585, 3 2585 0, S_0x5bf8d831f250;
 .timescale -9 -11;
v0x5bf8d83215b0_0 .var/2s "j", 31 0;
S_0x5bf8d83216b0 .scope begin, "$ivl_for_loop37" "$ivl_for_loop37" 3 2610, 3 2610 0, S_0x5bf8d831f250;
 .timescale -9 -11;
v0x5bf8d8321890_0 .var/2s "j", 31 0;
S_0x5bf8d8321990 .scope begin, "$ivl_for_loop38" "$ivl_for_loop38" 3 2674, 3 2674 0, S_0x5bf8d831f250;
 .timescale -9 -11;
v0x5bf8d8321b70_0 .var/2s "j", 31 0;
S_0x5bf8d8321c70 .scope begin, "$ivl_for_loop39" "$ivl_for_loop39" 3 2688, 3 2688 0, S_0x5bf8d831f250;
 .timescale -9 -11;
v0x5bf8d8321e50_0 .var/2s "k", 31 0;
S_0x5bf8d8321f50 .scope begin, "$ivl_for_loop40" "$ivl_for_loop40" 3 2713, 3 2713 0, S_0x5bf8d831f250;
 .timescale -9 -11;
v0x5bf8d8322130_0 .var/2s "k", 31 0;
S_0x5bf8d8322230 .scope begin, "$ivl_for_loop41" "$ivl_for_loop41" 3 3025, 3 3025 0, S_0x5bf8d831f250;
 .timescale -9 -11;
v0x5bf8d8322520_0 .var/2s "k", 31 0;
S_0x5bf8d8322620 .scope begin, "$ivl_for_loop42" "$ivl_for_loop42" 3 3048, 3 3048 0, S_0x5bf8d831f250;
 .timescale -9 -11;
v0x5bf8d8322800_0 .var/2s "j", 31 0;
S_0x5bf8d8322900 .scope begin, "$ivl_for_loop43" "$ivl_for_loop43" 3 3081, 3 3081 0, S_0x5bf8d831f250;
 .timescale -9 -11;
v0x5bf8d8322ae0_0 .var/2s "k", 31 0;
S_0x5bf8d8322be0 .scope begin, "$ivl_for_loop44" "$ivl_for_loop44" 3 3103, 3 3103 0, S_0x5bf8d831f250;
 .timescale -9 -11;
v0x5bf8d8322dc0_0 .var/2s "j", 31 0;
S_0x5bf8d8322ec0 .scope begin, "$ivl_for_loop45" "$ivl_for_loop45" 3 3128, 3 3128 0, S_0x5bf8d831f250;
 .timescale -9 -11;
v0x5bf8d83230a0_0 .var/2s "j", 31 0;
S_0x5bf8d83231a0 .scope begin, "$ivl_for_loop46" "$ivl_for_loop46" 3 3200, 3 3200 0, S_0x5bf8d831f250;
 .timescale -9 -11;
v0x5bf8d8323380_0 .var/2s "j", 31 0;
S_0x5bf8d8323480 .scope begin, "$ivl_for_loop47" "$ivl_for_loop47" 3 3214, 3 3214 0, S_0x5bf8d831f250;
 .timescale -9 -11;
v0x5bf8d8323660_0 .var/2s "k", 31 0;
S_0x5bf8d8323760 .scope begin, "$ivl_for_loop48" "$ivl_for_loop48" 3 3240, 3 3240 0, S_0x5bf8d831f250;
 .timescale -9 -11;
v0x5bf8d8323940_0 .var/2s "k", 31 0;
S_0x5bf8d8323a40 .scope task, "general_input_w" "general_input_w" 3 219, 3 219 0, S_0x5bf8d82f4090;
 .timescale -9 -11;
TD_tb_fifo_asynchronous.general_input_w ;
    %vpi_func 3 221 "$urandom_range" 32, 32'sb00000000000000000000000000100000, 32'sb00000000000000000000000001111110 {0 0 0};
    %pad/u 8;
    %store/vec4 v0x5bf8d832dfd0_0, 0, 8;
    %load/vec4 v0x5bf8d832e890_0;
    %flag_set/vec4 8;
    %jmp/0xz  T_13.645, 8;
    %pushi/vec4 1, 0, 1;
    %store/vec4 v0x5bf8d8330b10_0, 0, 1;
    %ix/load 4, 0, 0;
    %flag_set/imm 4, 0;
    %load/vec4a v0x5bf8d832f8b0, 4;
    %flag_set/vec4 8;
    %jmp/1 T_13.651, 8;
    %ix/load 4, 1, 0;
    %flag_set/imm 4, 0;
    %load/vec4a v0x5bf8d832f8b0, 4;
    %flag_set/vec4 9;
    %flag_or 8, 9;
T_13.651;
    %jmp/1 T_13.650, 8;
    %ix/load 4, 2, 0;
    %flag_set/imm 4, 0;
    %load/vec4a v0x5bf8d832f8b0, 4;
    %flag_set/vec4 9;
    %flag_or 8, 9;
T_13.650;
    %jmp/1 T_13.649, 8;
    %ix/load 4, 3, 0;
    %flag_set/imm 4, 0;
    %load/vec4a v0x5bf8d832f8b0, 4;
    %flag_set/vec4 9;
    %flag_or 8, 9;
T_13.649;
    %jmp/0xz  T_13.647, 8;
    %pushi/vec4 0, 0, 1;
    %store/vec4 v0x5bf8d8330b10_0, 0, 1;
T_13.647 ;
    %load/vec4 v0x5bf8d832f2d0_0;
    %flag_set/vec4 9;
    %flag_get/vec4 9;
    %jmp/0 T_13.654, 9;
    %ix/load 4, 4, 0;
    %flag_set/imm 4, 0;
    %load/vec4a v0x5bf8d832f5d0, 4;
    %pad/u 32;
    %pushi/vec4 0, 0, 32;
    %cmp/e;
    %flag_get/vec4 4;
    %and;
T_13.654;
    %flag_set/vec4 8;
    %jmp/0xz  T_13.652, 8;
    %load/vec4 v0x5bf8d832e0b0_0;
    %nor/r;
    %flag_set/vec4 8;
    %jmp/0xz  T_13.655, 8;
    %pushi/vec4 2, 0, 2;
    %load/vec4 v0x5bf8d832dfd0_0;
    %concat/vec4; draw_concat_vec4
    %split/vec4 8;
    %store/vec4 v0x5bf8d832a4c0_0, 0, 8;
    %split/vec4 1;
    %store/vec4 v0x5bf8d832be30_0, 0, 1;
    %store/vec4 v0x5bf8d832c670_0, 0, 1;
    %pushi/vec4 1, 0, 1;
    %ix/load 4, 5, 0;
    %flag_set/imm 4, 0;
    %store/vec4a v0x5bf8d832f8b0, 4, 0;
T_13.655 ;
    %jmp T_13.653;
T_13.652 ;
    %load/vec4 v0x5bf8d832f510_0;
    %flag_set/vec4 9;
    %flag_get/vec4 9;
    %jmp/0 T_13.659, 9;
    %ix/load 4, 4, 0;
    %flag_set/imm 4, 0;
    %load/vec4a v0x5bf8d832f8b0, 4;
    %pad/u 32;
    %pushi/vec4 0, 0, 32;
    %cmp/e;
    %flag_get/vec4 4;
    %and;
T_13.659;
    %flag_set/vec4 8;
    %jmp/0xz  T_13.657, 8;
    %ix/load 4, 0, 0;
    %flag_set/imm 4, 0;
    %load/vec4a v0x5bf8d8331520, 4;
    %pad/u 32;
    %cmpi/ne 1, 0, 32;
    %jmp/0xz  T_13.660, 6;
    %vpi_call/w 3 252 "$display" {0 0 0};
    %vpi_call/w 3 253 "$display", "%12s ***time = %0d,START TEST FOR ONE SIDED RESET OF WRITE WHILE STRESS READ***", "\000", $time {0 0 0};
    %vpi_call/w 3 254 "$display", "%12s ***(to make sure system will not collapse even if one sided reset occur, nevertheless output during this period is ineffective as data loss may occur)***", "\000" {0 0 0};
    %vpi_call/w 3 255 "$display" {0 0 0};
    %pushi/vec4 1, 0, 1;
    %ix/load 4, 0, 0;
    %flag_set/imm 4, 0;
    %store/vec4a v0x5bf8d8331520, 4, 0;
T_13.660 ;
    %ix/load 4, 4, 0;
    %flag_set/imm 4, 0;
    %load/vec4a v0x5bf8d832f5d0, 4;
    %flag_set/vec4 8;
    %jmp/0xz  T_13.662, 8;
    %ix/load 4, 4, 0;
    %flag_set/imm 4, 0;
    %load/vec4a v0x5bf8d832f5d0, 4;
    %flag_set/vec4 10;
    %flag_get/vec4 10;
    %jmp/0 T_13.667, 10;
    %load/vec4 v0x5bf8d832b780_0;
    %load/vec4 v0x5bf8d832aef0_0;
    %concat/vec4; draw_concat_vec4
    %pushi/vec4 2, 0, 2;
    %cmp/e;
    %flag_get/vec4 4;
    %and;
T_13.667;
    %flag_set/vec4 9;
    %flag_get/vec4 9;
    %jmp/0 T_13.666, 9;
    %load/vec4 v0x5bf8d832b6a0_0;
    %pushi/vec4 0, 0, 5;
    %cmp/e;
    %flag_get/vec4 4;
    %and;
T_13.666;
    %flag_set/vec4 8;
    %jmp/0xz  T_13.664, 8;
    %pushi/vec4 2, 0, 2;
    %load/vec4 v0x5bf8d832dfd0_0;
    %concat/vec4; draw_concat_vec4
    %split/vec4 8;
    %store/vec4 v0x5bf8d832a4c0_0, 0, 8;
    %split/vec4 1;
    %store/vec4 v0x5bf8d832be30_0, 0, 1;
    %store/vec4 v0x5bf8d832c670_0, 0, 1;
    %pushi/vec4 0, 0, 1;
    %ix/load 4, 4, 0;
    %flag_set/imm 4, 0;
    %store/vec4a v0x5bf8d832f5d0, 4, 0;
    %pushi/vec4 0, 0, 1;
    %ix/load 4, 2, 0;
    %flag_set/imm 4, 0;
    %store/vec4a v0x5bf8d832fcd0, 4, 0;
T_13.664 ;
    %pushi/vec4 0, 0, 2;
    %load/vec4 v0x5bf8d832dfd0_0;
    %concat/vec4; draw_concat_vec4
    %split/vec4 8;
    %store/vec4 v0x5bf8d832a4c0_0, 0, 8;
    %split/vec4 1;
    %store/vec4 v0x5bf8d832be30_0, 0, 1;
    %store/vec4 v0x5bf8d832c670_0, 0, 1;
    %jmp T_13.663;
T_13.662 ;
    %ix/load 4, 2, 0;
    %flag_set/imm 4, 0;
    %load/vec4a v0x5bf8d832fcd0, 4;
    %flag_set/vec4 8;
    %jmp/0xz  T_13.668, 8;
    %pushi/vec4 0, 0, 2;
    %load/vec4 v0x5bf8d832dfd0_0;
    %concat/vec4; draw_concat_vec4
    %split/vec4 8;
    %store/vec4 v0x5bf8d832a4c0_0, 0, 8;
    %split/vec4 1;
    %store/vec4 v0x5bf8d832be30_0, 0, 1;
    %store/vec4 v0x5bf8d832c670_0, 0, 1;
    %jmp T_13.669;
T_13.668 ;
    %load/vec4 v0x5bf8d832b180_0;
    %cmpi/u 2, 0, 5;
    %flag_or 5, 4; GT is !LE
    %flag_inv 5;
    %flag_get/vec4 5;
    %jmp/0 T_13.672, 5;
    %load/vec4 v0x5bf8d8330130_0;
    %pad/u 32;
    %pushi/vec4 1, 0, 32;
    %cmp/ne;
    %flag_get/vec4 6;
    %and;
T_13.672;
    %flag_set/vec4 8;
    %jmp/0xz  T_13.670, 8;
    %pushi/vec4 2, 0, 2;
    %load/vec4 v0x5bf8d832dfd0_0;
    %concat/vec4; draw_concat_vec4
    %split/vec4 8;
    %store/vec4 v0x5bf8d832a4c0_0, 0, 8;
    %split/vec4 1;
    %store/vec4 v0x5bf8d832be30_0, 0, 1;
    %store/vec4 v0x5bf8d832c670_0, 0, 1;
    %pushi/vec4 1, 0, 1;
    %store/vec4 v0x5bf8d832ffb0_0, 0, 1;
    %pushi/vec4 1, 0, 1;
    %ix/load 4, 2, 0;
    %flag_set/imm 4, 0;
    %store/vec4a v0x5bf8d832fcd0, 4, 0;
    %jmp T_13.671;
T_13.670 ;
    %pushi/vec4 1, 0, 2;
    %load/vec4 v0x5bf8d832dfd0_0;
    %concat/vec4; draw_concat_vec4
    %split/vec4 8;
    %store/vec4 v0x5bf8d832a4c0_0, 0, 8;
    %split/vec4 1;
    %store/vec4 v0x5bf8d832be30_0, 0, 1;
    %store/vec4 v0x5bf8d832c670_0, 0, 1;
T_13.671 ;
T_13.669 ;
T_13.663 ;
    %jmp T_13.658;
T_13.657 ;
    %load/vec4 v0x5bf8d832f7f0_0;
    %flag_set/vec4 9;
    %flag_get/vec4 9;
    %jmp/0 T_13.675, 9;
    %ix/load 4, 3, 0;
    %flag_set/imm 4, 0;
    %load/vec4a v0x5bf8d832f5d0, 4;
    %pad/u 32;
    %pushi/vec4 0, 0, 32;
    %cmp/e;
    %flag_get/vec4 4;
    %and;
T_13.675;
    %flag_set/vec4 8;
    %jmp/0xz  T_13.673, 8;
    %ix/load 4, 0, 0;
    %flag_set/imm 4, 0;
    %load/vec4a v0x5bf8d8331700, 4;
    %pad/u 32;
    %cmpi/ne 1, 0, 32;
    %jmp/0xz  T_13.676, 6;
    %vpi_call/w 3 294 "$display" {0 0 0};
    %vpi_call/w 3 295 "$display", "%12s ***time = %0d,START TEST FOR ONE SIDED RESET OF READ WHILE STRESS WRITE***", "\000", $time {0 0 0};
    %vpi_call/w 3 296 "$display", "%12s ***(to make sure system will not collapse even if one sided reset occur, nevertheless output during this period is ineffective as data loss may occur)***", "\000" {0 0 0};
    %vpi_call/w 3 297 "$display" {0 0 0};
    %pushi/vec4 1, 0, 1;
    %ix/load 4, 0, 0;
    %flag_set/imm 4, 0;
    %store/vec4a v0x5bf8d8331700, 4, 0;
T_13.676 ;
    %ix/load 4, 4, 0;
    %flag_set/imm 4, 0;
    %load/vec4a v0x5bf8d832f8b0, 4;
    %flag_set/vec4 8;
    %jmp/0xz  T_13.678, 8;
    %pushi/vec4 2, 0, 2;
    %load/vec4 v0x5bf8d832dfd0_0;
    %concat/vec4; draw_concat_vec4
    %split/vec4 8;
    %store/vec4 v0x5bf8d832a4c0_0, 0, 8;
    %split/vec4 1;
    %store/vec4 v0x5bf8d832be30_0, 0, 1;
    %store/vec4 v0x5bf8d832c670_0, 0, 1;
    %jmp T_13.679;
T_13.678 ;
    %load/vec4 v0x5bf8d8330990_0;
    %nor/r;
    %flag_set/vec4 8;
    %jmp/0xz  T_13.680, 8;
    %pushi/vec4 1, 0, 2;
    %load/vec4 v0x5bf8d832dfd0_0;
    %concat/vec4; draw_concat_vec4
    %split/vec4 8;
    %store/vec4 v0x5bf8d832a4c0_0, 0, 8;
    %split/vec4 1;
    %store/vec4 v0x5bf8d832be30_0, 0, 1;
    %store/vec4 v0x5bf8d832c670_0, 0, 1;
    %jmp T_13.681;
T_13.680 ;
    %pushi/vec4 0, 0, 2;
    %load/vec4 v0x5bf8d832dfd0_0;
    %concat/vec4; draw_concat_vec4
    %split/vec4 8;
    %store/vec4 v0x5bf8d832a4c0_0, 0, 8;
    %split/vec4 1;
    %store/vec4 v0x5bf8d832be30_0, 0, 1;
    %store/vec4 v0x5bf8d832c670_0, 0, 1;
    %pushi/vec4 1, 0, 1;
    %ix/load 4, 4, 0;
    %flag_set/imm 4, 0;
    %store/vec4a v0x5bf8d832f8b0, 4, 0;
T_13.681 ;
T_13.679 ;
    %jmp T_13.674;
T_13.673 ;
    %load/vec4 v0x5bf8d832fad0_0;
    %flag_set/vec4 9;
    %flag_get/vec4 9;
    %jmp/0 T_13.684, 9;
    %ix/load 4, 3, 0;
    %flag_set/imm 4, 0;
    %load/vec4a v0x5bf8d832f8b0, 4;
    %pad/u 32;
    %pushi/vec4 0, 0, 32;
    %cmp/e;
    %flag_get/vec4 4;
    %and;
T_13.684;
    %flag_set/vec4 8;
    %jmp/0xz  T_13.682, 8;
    %ix/load 4, 1, 0;
    %flag_set/imm 4, 0;
    %load/vec4a v0x5bf8d8331520, 4;
    %pad/u 32;
    %cmpi/ne 1, 0, 32;
    %jmp/0xz  T_13.685, 6;
    %vpi_call/w 3 323 "$display" {0 0 0};
    %vpi_call/w 3 324 "$display", "%12s ***time = %0d,SHARP INTERRUPT OF R_RST TEST***", "\000", $time {0 0 0};
    %vpi_call/w 3 325 "$display", "%12s ***(interrupt with R_RST between posedges of TICK_R)***", "\000" {0 0 0};
    %vpi_call/w 3 326 "$display" {0 0 0};
    %pushi/vec4 1, 0, 1;
    %ix/load 4, 1, 0;
    %flag_set/imm 4, 0;
    %store/vec4a v0x5bf8d8331520, 4, 0;
T_13.685 ;
    %ix/load 4, 3, 0;
    %flag_set/imm 4, 0;
    %load/vec4a v0x5bf8d832f5d0, 4;
    %flag_set/vec4 8;
    %jmp/0xz  T_13.687, 8;
    %ix/load 4, 3, 0;
    %flag_set/imm 4, 0;
    %load/vec4a v0x5bf8d832f5d0, 4;
    %flag_set/vec4 10;
    %flag_get/vec4 10;
    %jmp/0 T_13.692, 10;
    %load/vec4 v0x5bf8d832b780_0;
    %load/vec4 v0x5bf8d832aef0_0;
    %concat/vec4; draw_concat_vec4
    %pushi/vec4 2, 0, 2;
    %cmp/e;
    %flag_get/vec4 4;
    %and;
T_13.692;
    %flag_set/vec4 9;
    %flag_get/vec4 9;
    %jmp/0 T_13.691, 9;
    %load/vec4 v0x5bf8d832b6a0_0;
    %pushi/vec4 0, 0, 5;
    %cmp/e;
    %flag_get/vec4 4;
    %and;
T_13.691;
    %flag_set/vec4 8;
    %jmp/0xz  T_13.689, 8;
    %pushi/vec4 2, 0, 2;
    %load/vec4 v0x5bf8d832dfd0_0;
    %concat/vec4; draw_concat_vec4
    %split/vec4 8;
    %store/vec4 v0x5bf8d832a4c0_0, 0, 8;
    %split/vec4 1;
    %store/vec4 v0x5bf8d832be30_0, 0, 1;
    %store/vec4 v0x5bf8d832c670_0, 0, 1;
    %pushi/vec4 0, 0, 1;
    %ix/load 4, 3, 0;
    %flag_set/imm 4, 0;
    %store/vec4a v0x5bf8d832f5d0, 4, 0;
    %pushi/vec4 1, 0, 1;
    %store/vec4 v0x5bf8d832f7f0_0, 0, 1;
    %jmp T_13.690;
T_13.689 ;
    %pushi/vec4 0, 0, 2;
    %load/vec4 v0x5bf8d832dfd0_0;
    %concat/vec4; draw_concat_vec4
    %split/vec4 8;
    %store/vec4 v0x5bf8d832a4c0_0, 0, 8;
    %split/vec4 1;
    %store/vec4 v0x5bf8d832be30_0, 0, 1;
    %store/vec4 v0x5bf8d832c670_0, 0, 1;
T_13.690 ;
    %jmp T_13.688;
T_13.687 ;
    %pushi/vec4 1, 0, 2;
    %load/vec4 v0x5bf8d832dfd0_0;
    %concat/vec4; draw_concat_vec4
    %split/vec4 8;
    %store/vec4 v0x5bf8d832a4c0_0, 0, 8;
    %split/vec4 1;
    %store/vec4 v0x5bf8d832be30_0, 0, 1;
    %store/vec4 v0x5bf8d832c670_0, 0, 1;
    %load/vec4 v0x5bf8d83308d0_0;
    %nor/r;
    %flag_set/vec4 8;
    %jmp/0xz  T_13.693, 8;
    %pushi/vec4 0, 0, 2;
    %load/vec4 v0x5bf8d832dfd0_0;
    %concat/vec4; draw_concat_vec4
    %split/vec4 8;
    %store/vec4 v0x5bf8d832a4c0_0, 0, 8;
    %split/vec4 1;
    %store/vec4 v0x5bf8d832be30_0, 0, 1;
    %store/vec4 v0x5bf8d832c670_0, 0, 1;
    %pushi/vec4 1, 0, 1;
    %ix/load 4, 1, 0;
    %flag_set/imm 4, 0;
    %store/vec4a v0x5bf8d832fcd0, 4, 0;
T_13.693 ;
T_13.688 ;
    %jmp T_13.683;
T_13.682 ;
    %load/vec4 v0x5bf8d832e6f0_0;
    %cmpi/ne 0, 0, 32;
    %flag_get/vec4 4;
    %jmp/0 T_13.698, 4;
    %ix/load 4, 2, 0;
    %flag_set/imm 4, 0;
    %load/vec4a v0x5bf8d832f5d0, 4;
    %pad/u 32;
    %pushi/vec4 0, 0, 32;
    %cmp/e;
    %flag_get/vec4 4;
    %and;
T_13.698;
    %flag_set/vec4 9;
    %flag_get/vec4 9;
    %jmp/0 T_13.697, 9;
    %load/vec4 v0x5bf8d832fad0_0;
    %pad/u 32;
    %pushi/vec4 1, 0, 32;
    %cmp/ne;
    %flag_get/vec4 6;
    %and;
T_13.697;
    %flag_set/vec4 8;
    %jmp/0xz  T_13.695, 8;
    %ix/load 4, 1, 0;
    %flag_set/imm 4, 0;
    %load/vec4a v0x5bf8d8331700, 4;
    %pad/u 32;
    %cmpi/ne 1, 0, 32;
    %jmp/0xz  T_13.699, 6;
    %vpi_call/w 3 360 "$display" {0 0 0};
    %vpi_call/w 3 361 "$display", "%12s ***time = %0d,SHARP INTERRUPT OF W_RST TEST***", "\000", $time {0 0 0};
    %vpi_call/w 3 362 "$display", "%12s ***(interrupt with W_RST between posedges of TICK_W)***", "\000" {0 0 0};
    %vpi_call/w 3 363 "$display" {0 0 0};
    %pushi/vec4 1, 0, 1;
    %ix/load 4, 1, 0;
    %flag_set/imm 4, 0;
    %store/vec4a v0x5bf8d8331700, 4, 0;
T_13.699 ;
    %ix/load 4, 3, 0;
    %flag_set/imm 4, 0;
    %load/vec4a v0x5bf8d832f8b0, 4;
    %flag_set/vec4 8;
    %jmp/0xz  T_13.701, 8;
    %pushi/vec4 2, 0, 2;
    %load/vec4 v0x5bf8d832dfd0_0;
    %concat/vec4; draw_concat_vec4
    %split/vec4 8;
    %assign/vec4 v0x5bf8d832a4c0_0, 0;
    %split/vec4 1;
    %assign/vec4 v0x5bf8d832be30_0, 0;
    %assign/vec4 v0x5bf8d832c670_0, 0;
    %jmp T_13.702;
T_13.701 ;
    %pushi/vec4 1, 0, 2;
    %load/vec4 v0x5bf8d832dfd0_0;
    %concat/vec4; draw_concat_vec4
    %split/vec4 8;
    %assign/vec4 v0x5bf8d832a4c0_0, 0;
    %split/vec4 1;
    %assign/vec4 v0x5bf8d832be30_0, 0;
    %assign/vec4 v0x5bf8d832c670_0, 0;
    %wait E_0x5bf8d831bab0;
    %delay 20, 0;
    %pushi/vec4 2, 0, 2;
    %load/vec4 v0x5bf8d832dfd0_0;
    %concat/vec4; draw_concat_vec4
    %split/vec4 8;
    %assign/vec4 v0x5bf8d832a4c0_0, 0;
    %split/vec4 1;
    %assign/vec4 v0x5bf8d832be30_0, 0;
    %assign/vec4 v0x5bf8d832c670_0, 0;
    %pushi/vec4 1, 0, 1;
    %ix/load 3, 3, 0;
    %flag_set/imm 4, 0;
    %ix/load 4, 0, 0; Constant delay
    %assign/vec4/a/d v0x5bf8d832f8b0, 0, 4;
T_13.702 ;
    %jmp T_13.696;
T_13.695 ;
    %ix/load 4, 0, 0;
    %flag_set/imm 4, 0;
    %load/vec4a v0x5bf8d832eb90, 4;
    %cmpi/ne 0, 0, 32;
    %flag_get/vec4 4;
    %jmp/0 T_13.707, 4;
    %ix/load 4, 0, 0;
    %flag_set/imm 4, 0;
    %load/vec4a v0x5bf8d832e470, 4;
    %pushi/vec4 0, 0, 32;
    %cmp/ne;
    %flag_get/vec4 4;
    %and;
T_13.707;
    %flag_set/vec4 10;
    %flag_get/vec4 10;
    %jmp/0 T_13.706, 10;
    %load/vec4 v0x5bf8d832ee10_0;
    %pushi/vec4 0, 0, 32;
    %cmp/ne;
    %flag_get/vec4 4;
    %and;
T_13.706;
    %flag_set/vec4 9;
    %flag_get/vec4 9;
    %jmp/0 T_13.705, 9;
    %ix/load 4, 2, 0;
    %flag_set/imm 4, 0;
    %load/vec4a v0x5bf8d832f8b0, 4;
    %pad/u 32;
    %pushi/vec4 0, 0, 32;
    %cmp/e;
    %flag_get/vec4 4;
    %and;
T_13.705;
    %flag_set/vec4 8;
    %jmp/0xz  T_13.703, 8;
    %ix/load 4, 2, 0;
    %flag_set/imm 4, 0;
    %load/vec4a v0x5bf8d8331520, 4;
    %pad/u 32;
    %cmpi/ne 1, 0, 32;
    %jmp/0xz  T_13.708, 6;
    %vpi_call/w 3 394 "$display" {0 0 0};
    %vpi_call/w 3 395 "$display", "%12s ***time = %0d,READ STRESS TEST***", "\000", $time {0 0 0};
    %vpi_call/w 3 396 "$display", "%12s ***(READ FROM FULL UNTIL EMPTY)***", "\000" {0 0 0};
    %vpi_call/w 3 397 "$display" {0 0 0};
    %pushi/vec4 1, 0, 1;
    %ix/load 4, 2, 0;
    %flag_set/imm 4, 0;
    %store/vec4a v0x5bf8d8331520, 4, 0;
T_13.708 ;
    %ix/load 4, 2, 0;
    %flag_set/imm 4, 0;
    %load/vec4a v0x5bf8d832f5d0, 4;
    %flag_set/vec4 8;
    %jmp/0xz  T_13.710, 8;
    %ix/load 4, 2, 0;
    %flag_set/imm 4, 0;
    %load/vec4a v0x5bf8d832f5d0, 4;
    %flag_set/vec4 10;
    %flag_get/vec4 10;
    %jmp/0 T_13.715, 10;
    %load/vec4 v0x5bf8d832b780_0;
    %load/vec4 v0x5bf8d832aef0_0;
    %concat/vec4; draw_concat_vec4
    %pushi/vec4 2, 0, 2;
    %cmp/e;
    %flag_get/vec4 4;
    %and;
T_13.715;
    %flag_set/vec4 9;
    %flag_get/vec4 9;
    %jmp/0 T_13.714, 9;
    %load/vec4 v0x5bf8d832b6a0_0;
    %pushi/vec4 0, 0, 5;
    %cmp/e;
    %flag_get/vec4 4;
    %and;
T_13.714;
    %flag_set/vec4 8;
    %jmp/0xz  T_13.712, 8;
    %pushi/vec4 2, 0, 2;
    %load/vec4 v0x5bf8d832dfd0_0;
    %concat/vec4; draw_concat_vec4
    %split/vec4 8;
    %store/vec4 v0x5bf8d832a4c0_0, 0, 8;
    %split/vec4 1;
    %store/vec4 v0x5bf8d832be30_0, 0, 1;
    %store/vec4 v0x5bf8d832c670_0, 0, 1;
    %pushi/vec4 0, 0, 1;
    %ix/load 4, 2, 0;
    %flag_set/imm 4, 0;
    %store/vec4a v0x5bf8d832f5d0, 4, 0;
    %pushi/vec4 1, 0, 32;
    %store/vec4 v0x5bf8d832e6f0_0, 0, 32;
    %jmp T_13.713;
T_13.712 ;
    %pushi/vec4 0, 0, 2;
    %load/vec4 v0x5bf8d832dfd0_0;
    %concat/vec4; draw_concat_vec4
    %split/vec4 8;
    %store/vec4 v0x5bf8d832a4c0_0, 0, 8;
    %split/vec4 1;
    %store/vec4 v0x5bf8d832be30_0, 0, 1;
    %store/vec4 v0x5bf8d832c670_0, 0, 1;
T_13.713 ;
    %jmp T_13.711;
T_13.710 ;
    %load/vec4 v0x5bf8d8330b10_0;
    %flag_set/vec4 9;
    %flag_get/vec4 9;
    %jmp/0 T_13.718, 9;
    %load/vec4 v0x5bf8d8330a50_0;
    %and;
T_13.718;
    %flag_set/vec4 8;
    %jmp/0xz  T_13.716, 8;
    %load/vec4 v0x5bf8d8330990_0;
    %nor/r;
    %flag_set/vec4 9;
    %flag_get/vec4 9;
    %jmp/0 T_13.721, 9;
    %ix/load 4, 0, 0;
    %flag_set/imm 4, 0;
    %load/vec4a v0x5bf8d832fcd0, 4;
    %pad/u 32;
    %pushi/vec4 1, 0, 32;
    %cmp/ne;
    %flag_get/vec4 6;
    %and;
T_13.721;
    %flag_set/vec4 8;
    %jmp/0xz  T_13.719, 8;
    %pushi/vec4 1, 0, 2;
    %load/vec4 v0x5bf8d832dfd0_0;
    %concat/vec4; draw_concat_vec4
    %split/vec4 8;
    %store/vec4 v0x5bf8d832a4c0_0, 0, 8;
    %split/vec4 1;
    %store/vec4 v0x5bf8d832be30_0, 0, 1;
    %store/vec4 v0x5bf8d832c670_0, 0, 1;
    %jmp T_13.720;
T_13.719 ;
    %load/vec4 v0x5bf8d8330990_0;
    %flag_set/vec4 8;
    %jmp/0xz  T_13.722, 8;
    %pushi/vec4 0, 0, 2;
    %load/vec4 v0x5bf8d832dfd0_0;
    %concat/vec4; draw_concat_vec4
    %split/vec4 8;
    %store/vec4 v0x5bf8d832a4c0_0, 0, 8;
    %split/vec4 1;
    %store/vec4 v0x5bf8d832be30_0, 0, 1;
    %store/vec4 v0x5bf8d832c670_0, 0, 1;
    %pushi/vec4 1, 0, 1;
    %ix/load 4, 0, 0;
    %flag_set/imm 4, 0;
    %store/vec4a v0x5bf8d832fcd0, 4, 0;
T_13.722 ;
T_13.720 ;
T_13.716 ;
T_13.711 ;
    %jmp T_13.704;
T_13.703 ;
    %ix/load 4, 0, 0;
    %flag_set/imm 4, 0;
    %load/vec4a v0x5bf8d832eb90, 4;
    %cmpi/ne 0, 0, 32;
    %flag_get/vec4 4;
    %jmp/0 T_13.727, 4;
    %ix/load 4, 0, 0;
    %flag_set/imm 4, 0;
    %load/vec4a v0x5bf8d832e470, 4;
    %pushi/vec4 0, 0, 32;
    %cmp/ne;
    %flag_get/vec4 4;
    %and;
T_13.727;
    %flag_set/vec4 9;
    %flag_get/vec4 9;
    %jmp/0 T_13.726, 9;
    %ix/load 4, 1, 0;
    %flag_set/imm 4, 0;
    %load/vec4a v0x5bf8d832f5d0, 4;
    %pad/u 32;
    %pushi/vec4 0, 0, 32;
    %cmp/e;
    %flag_get/vec4 4;
    %and;
T_13.726;
    %flag_set/vec4 8;
    %jmp/0xz  T_13.724, 8;
    %ix/load 4, 2, 0;
    %flag_set/imm 4, 0;
    %load/vec4a v0x5bf8d8331700, 4;
    %pad/u 32;
    %cmpi/ne 1, 0, 32;
    %jmp/0xz  T_13.728, 6;
    %vpi_call/w 3 438 "$display" {0 0 0};
    %vpi_call/w 3 439 "$display", "%12s ***time = %0d,WRITE STRESS TEST***", "\000", $time {0 0 0};
    %vpi_call/w 3 440 "$display", "%12s ***(WRITE FROM EMPTY UNTIL FULL)***", "\000" {0 0 0};
    %vpi_call/w 3 441 "$display" {0 0 0};
    %pushi/vec4 1, 0, 1;
    %ix/load 4, 2, 0;
    %flag_set/imm 4, 0;
    %store/vec4a v0x5bf8d8331700, 4, 0;
T_13.728 ;
    %ix/load 4, 2, 0;
    %flag_set/imm 4, 0;
    %load/vec4a v0x5bf8d832f8b0, 4;
    %flag_set/vec4 8;
    %jmp/0xz  T_13.730, 8;
    %pushi/vec4 2, 0, 2;
    %load/vec4 v0x5bf8d832dfd0_0;
    %concat/vec4; draw_concat_vec4
    %split/vec4 8;
    %store/vec4 v0x5bf8d832a4c0_0, 0, 8;
    %split/vec4 1;
    %store/vec4 v0x5bf8d832be30_0, 0, 1;
    %store/vec4 v0x5bf8d832c670_0, 0, 1;
    %jmp T_13.731;
T_13.730 ;
    %load/vec4 v0x5bf8d8330b10_0;
    %flag_set/vec4 10;
    %flag_get/vec4 10;
    %jmp/0 T_13.735, 10;
    %load/vec4 v0x5bf8d8330a50_0;
    %and;
T_13.735;
    %flag_set/vec4 9;
    %flag_get/vec4 9;
    %jmp/0 T_13.734, 9;
    %load/vec4 v0x5bf8d832ee10_0;
    %pushi/vec4 1, 0, 32;
    %cmp/ne;
    %flag_get/vec4 6;
    %and;
T_13.734;
    %flag_set/vec4 8;
    %jmp/0xz  T_13.732, 8;
    %load/vec4 v0x5bf8d8330990_0;
    %nor/r;
    %flag_set/vec4 8;
    %jmp/0xz  T_13.736, 8;
    %pushi/vec4 1, 0, 2;
    %load/vec4 v0x5bf8d832dfd0_0;
    %concat/vec4; draw_concat_vec4
    %split/vec4 8;
    %store/vec4 v0x5bf8d832a4c0_0, 0, 8;
    %split/vec4 1;
    %store/vec4 v0x5bf8d832be30_0, 0, 1;
    %store/vec4 v0x5bf8d832c670_0, 0, 1;
    %jmp T_13.737;
T_13.736 ;
    %load/vec4 v0x5bf8d8330990_0;
    %flag_set/vec4 8;
    %jmp/0xz  T_13.738, 8;
    %pushi/vec4 0, 0, 2;
    %load/vec4 v0x5bf8d832dfd0_0;
    %concat/vec4; draw_concat_vec4
    %split/vec4 8;
    %store/vec4 v0x5bf8d832a4c0_0, 0, 8;
    %split/vec4 1;
    %store/vec4 v0x5bf8d832be30_0, 0, 1;
    %store/vec4 v0x5bf8d832c670_0, 0, 1;
    %pushi/vec4 1, 0, 1;
    %ix/load 4, 2, 0;
    %flag_set/imm 4, 0;
    %store/vec4a v0x5bf8d832f8b0, 4, 0;
T_13.738 ;
T_13.737 ;
T_13.732 ;
T_13.731 ;
    %jmp T_13.725;
T_13.724 ;
    %ix/load 4, 0, 0;
    %flag_set/imm 4, 0;
    %load/vec4a v0x5bf8d832eb90, 4;
    %cmpi/ne 0, 0, 32;
    %flag_get/vec4 4;
    %jmp/0 T_13.742, 4;
    %ix/load 4, 1, 0;
    %flag_set/imm 4, 0;
    %load/vec4a v0x5bf8d832f8b0, 4;
    %pad/u 32;
    %pushi/vec4 0, 0, 32;
    %cmp/e;
    %flag_get/vec4 4;
    %and;
T_13.742;
    %flag_set/vec4 8;
    %jmp/0xz  T_13.740, 8;
    %ix/load 4, 3, 0;
    %flag_set/imm 4, 0;
    %load/vec4a v0x5bf8d8331520, 4;
    %pad/u 32;
    %cmpi/ne 1, 0, 32;
    %jmp/0xz  T_13.743, 6;
    %vpi_call/w 3 475 "$display" {0 0 0};
    %vpi_call/w 3 476 "$display", "%12s ***time = %0d,GENERAL_READ_TEST***", "\000", $time {0 0 0};
    %vpi_call/w 3 477 "$display" {0 0 0};
    %pushi/vec4 1, 0, 1;
    %ix/load 4, 3, 0;
    %flag_set/imm 4, 0;
    %store/vec4a v0x5bf8d8331520, 4, 0;
T_13.743 ;
    %ix/load 4, 1, 0;
    %flag_set/imm 4, 0;
    %load/vec4a v0x5bf8d832f8b0, 4;
    %flag_set/vec4 8;
    %jmp/0xz  T_13.745, 8;
    %pushi/vec4 2, 0, 2;
    %load/vec4 v0x5bf8d832dfd0_0;
    %concat/vec4; draw_concat_vec4
    %split/vec4 8;
    %store/vec4 v0x5bf8d832a4c0_0, 0, 8;
    %split/vec4 1;
    %store/vec4 v0x5bf8d832be30_0, 0, 1;
    %store/vec4 v0x5bf8d832c670_0, 0, 1;
    %jmp T_13.746;
T_13.745 ;
    %ix/load 4, 0, 0;
    %flag_set/imm 4, 0;
    %load/vec4a v0x5bf8d832f5d0, 4;
    %flag_set/vec4 8;
    %jmp/0xz  T_13.747, 8;
    %ix/load 4, 0, 0;
    %flag_set/imm 4, 0;
    %load/vec4a v0x5bf8d832f5d0, 4;
    %flag_set/vec4 10;
    %flag_get/vec4 10;
    %jmp/0 T_13.752, 10;
    %load/vec4 v0x5bf8d832b780_0;
    %load/vec4 v0x5bf8d832aef0_0;
    %concat/vec4; draw_concat_vec4
    %pushi/vec4 2, 0, 2;
    %cmp/e;
    %flag_get/vec4 4;
    %and;
T_13.752;
    %flag_set/vec4 9;
    %flag_get/vec4 9;
    %jmp/0 T_13.751, 9;
    %load/vec4 v0x5bf8d832b6a0_0;
    %pushi/vec4 0, 0, 5;
    %cmp/e;
    %flag_get/vec4 4;
    %and;
T_13.751;
    %flag_set/vec4 8;
    %jmp/0xz  T_13.749, 8;
    %pushi/vec4 2, 0, 2;
    %load/vec4 v0x5bf8d832dfd0_0;
    %concat/vec4; draw_concat_vec4
    %split/vec4 8;
    %store/vec4 v0x5bf8d832a4c0_0, 0, 8;
    %split/vec4 1;
    %store/vec4 v0x5bf8d832be30_0, 0, 1;
    %store/vec4 v0x5bf8d832c670_0, 0, 1;
    %pushi/vec4 0, 0, 1;
    %ix/load 4, 0, 0;
    %flag_set/imm 4, 0;
    %store/vec4a v0x5bf8d832f5d0, 4, 0;
    %jmp T_13.750;
T_13.749 ;
    %pushi/vec4 0, 0, 2;
    %load/vec4 v0x5bf8d832dfd0_0;
    %concat/vec4; draw_concat_vec4
    %split/vec4 8;
    %store/vec4 v0x5bf8d832a4c0_0, 0, 8;
    %split/vec4 1;
    %store/vec4 v0x5bf8d832be30_0, 0, 1;
    %store/vec4 v0x5bf8d832c670_0, 0, 1;
T_13.750 ;
    %jmp T_13.748;
T_13.747 ;
    %ix/load 4, 1, 0;
    %flag_set/imm 4, 0;
    %load/vec4a v0x5bf8d832f5d0, 4;
    %flag_set/vec4 8;
    %jmp/0xz  T_13.753, 8;
    %ix/load 4, 1, 0;
    %flag_set/imm 4, 0;
    %load/vec4a v0x5bf8d832f5d0, 4;
    %flag_set/vec4 10;
    %flag_get/vec4 10;
    %jmp/0 T_13.758, 10;
    %load/vec4 v0x5bf8d832b780_0;
    %load/vec4 v0x5bf8d832aef0_0;
    %concat/vec4; draw_concat_vec4
    %pushi/vec4 2, 0, 2;
    %cmp/e;
    %flag_get/vec4 4;
    %and;
T_13.758;
    %flag_set/vec4 9;
    %flag_get/vec4 9;
    %jmp/0 T_13.757, 9;
    %load/vec4 v0x5bf8d832b6a0_0;
    %pushi/vec4 0, 0, 5;
    %cmp/e;
    %flag_get/vec4 4;
    %and;
T_13.757;
    %flag_set/vec4 8;
    %jmp/0xz  T_13.755, 8;
    %pushi/vec4 2, 0, 2;
    %load/vec4 v0x5bf8d832dfd0_0;
    %concat/vec4; draw_concat_vec4
    %split/vec4 8;
    %store/vec4 v0x5bf8d832a4c0_0, 0, 8;
    %split/vec4 1;
    %store/vec4 v0x5bf8d832be30_0, 0, 1;
    %store/vec4 v0x5bf8d832c670_0, 0, 1;
    %pushi/vec4 0, 0, 1;
    %ix/load 4, 1, 0;
    %flag_set/imm 4, 0;
    %store/vec4a v0x5bf8d832f5d0, 4, 0;
    %jmp T_13.756;
T_13.755 ;
    %pushi/vec4 0, 0, 2;
    %load/vec4 v0x5bf8d832dfd0_0;
    %concat/vec4; draw_concat_vec4
    %split/vec4 8;
    %store/vec4 v0x5bf8d832a4c0_0, 0, 8;
    %split/vec4 1;
    %store/vec4 v0x5bf8d832be30_0, 0, 1;
    %store/vec4 v0x5bf8d832c670_0, 0, 1;
T_13.756 ;
    %jmp T_13.754;
T_13.753 ;
    %ix/load 4, 1, 0;
    %flag_set/imm 4, 0;
    %load/vec4a v0x5bf8d832e470, 4;
    %cmpi/ne 1, 0, 32;
    %jmp/0xz  T_13.759, 6;
    %ix/load 4, 4, 0;
    %flag_set/imm 4, 0;
    %load/vec4a v0x5bf8d8331520, 4;
    %pad/u 32;
    %cmpi/ne 1, 0, 32;
    %jmp/0xz  T_13.761, 6;
    %vpi_call/w 3 520 "$display" {0 0 0};
    %vpi_call/w 3 521 "$display", "%12s ***time = %0d,TEST for prev_state_r = !EMPTY_EXPECTED and current_state = {R_RST,R_EN}***", "\000", $time {0 0 0};
    %vpi_call/w 3 522 "$display" {0 0 0};
    %pushi/vec4 1, 0, 1;
    %ix/load 4, 4, 0;
    %flag_set/imm 4, 0;
    %store/vec4a v0x5bf8d8331520, 4, 0;
T_13.761 ;
    %fork t_61, S_0x5bf8d8323c20;
    %jmp t_60;
    .scope S_0x5bf8d8323c20;
t_61 ;
    %pushi/vec4 0, 0, 32;
    %store/vec4 v0x5bf8d8323e20_0, 0, 32;
T_13.763 ;
    %load/vec4 v0x5bf8d8323e20_0;
    %cmpi/s 3, 0, 32;
    %jmp/0xz T_13.764, 5;
    %pushi/vec4 0, 0, 1;
    %ix/getv/s 4, v0x5bf8d8323e20_0;
    %store/vec4a v0x5bf8d8330290, 4, 0;
    ; show_stmt_assign_vector: Get l-value for compressed += operand
    %load/vec4 v0x5bf8d8323e20_0;
    %pushi/vec4 1, 0, 32;
    %add;
    %cast2;
    %store/vec4 v0x5bf8d8323e20_0, 0, 32;
    %jmp T_13.763;
T_13.764 ;
    %end;
    .scope S_0x5bf8d8323a40;
t_60 %join;
    %fork t_63, S_0x5bf8d8325bc0;
    %jmp t_62;
    .scope S_0x5bf8d8325bc0;
t_63 ;
    %pushi/vec4 0, 0, 32;
    %store/vec4 v0x5bf8d8325da0_0, 0, 32;
T_13.765 ;
    %load/vec4 v0x5bf8d8325da0_0;
    %cmpi/s 3, 0, 32;
    %jmp/0xz T_13.766, 5;
    %load/vec4 v0x5bf8d8325da0_0;
    %addi 14, 0, 32;
    %ix/vec4/s 4;
    %load/vec4a v0x5bf8d832e7d0, 4;
    %nor/r;
    %flag_set/vec4 9;
    %flag_get/vec4 9;
    %jmp/0 T_13.769, 9;
    %ix/load 4, 0, 0;
    %flag_set/imm 4, 0;
    %load/vec4a v0x5bf8d8330290, 4;
    %nor/r;
    %and;
T_13.769;
    %flag_set/vec4 8;
    %jmp/0xz  T_13.767, 8;
    %pushi/vec4 1, 0, 2;
    %load/vec4 v0x5bf8d832dfd0_0;
    %concat/vec4; draw_concat_vec4
    %split/vec4 8;
    %store/vec4 v0x5bf8d832a4c0_0, 0, 8;
    %split/vec4 1;
    %store/vec4 v0x5bf8d832be30_0, 0, 1;
    %store/vec4 v0x5bf8d832c670_0, 0, 1;
    %pushi/vec4 1, 0, 1;
    %ix/load 4, 0, 0;
    %flag_set/imm 4, 0;
    %store/vec4a v0x5bf8d8330290, 4, 0;
T_13.767 ;
    ; show_stmt_assign_vector: Get l-value for compressed += operand
    %load/vec4 v0x5bf8d8325da0_0;
    %pushi/vec4 1, 0, 32;
    %add;
    %cast2;
    %store/vec4 v0x5bf8d8325da0_0, 0, 32;
    %jmp T_13.765;
T_13.766 ;
    %end;
    .scope S_0x5bf8d8323a40;
t_62 %join;
    %jmp T_13.760;
T_13.759 ;
    %ix/load 4, 1, 0;
    %flag_set/imm 4, 0;
    %load/vec4a v0x5bf8d832e470, 4;
    %cmpi/ne 0, 0, 32;
    %jmp/0xz  T_13.770, 4;
    %ix/load 4, 5, 0;
    %flag_set/imm 4, 0;
    %load/vec4a v0x5bf8d8331520, 4;
    %pad/u 32;
    %cmpi/ne 1, 0, 32;
    %jmp/0xz  T_13.772, 6;
    %vpi_call/w 3 545 "$display" {0 0 0};
    %vpi_call/w 3 546 "$display", "%12s ***time = %0d, TEST for prev_state_r = EMPTY_EXPECTED and current_state = {R_RST,R_EN}***", "\000", $time {0 0 0};
    %vpi_call/w 3 547 "$display" {0 0 0};
    %pushi/vec4 1, 0, 1;
    %ix/load 4, 5, 0;
    %flag_set/imm 4, 0;
    %store/vec4a v0x5bf8d8331520, 4, 0;
T_13.772 ;
    %fork t_65, S_0x5bf8d8326e10;
    %jmp t_64;
    .scope S_0x5bf8d8326e10;
t_65 ;
    %pushi/vec4 0, 0, 32;
    %store/vec4 v0x5bf8d8326ff0_0, 0, 32;
T_13.774 ;
    %load/vec4 v0x5bf8d8326ff0_0;
    %cmpi/s 3, 0, 32;
    %jmp/0xz T_13.775, 5;
    %load/vec4 v0x5bf8d8326ff0_0;
    %addi 17, 0, 32;
    %ix/vec4/s 4;
    %load/vec4a v0x5bf8d832e7d0, 4;
    %nor/r;
    %flag_set/vec4 10;
    %flag_get/vec4 10;
    %jmp/0 T_13.779, 10;
    %ix/load 4, 1, 0;
    %flag_set/imm 4, 0;
    %load/vec4a v0x5bf8d8330290, 4;
    %nor/r;
    %and;
T_13.779;
    %flag_set/vec4 9;
    %flag_get/vec4 9;
    %jmp/0 T_13.778, 9;
    %ix/load 4, 1, 0;
    %flag_set/imm 4, 0;
    %load/vec4a v0x5bf8d832e470, 4;
    %pushi/vec4 0, 0, 32;
    %cmp/ne;
    %flag_get/vec4 4;
    %and;
T_13.778;
    %flag_set/vec4 8;
    %jmp/0xz  T_13.776, 8;
    %load/vec4 v0x5bf8d83308d0_0;
    %nor/r;
    %flag_set/vec4 8;
    %jmp/0xz  T_13.780, 8;
    %pushi/vec4 2, 0, 2;
    %load/vec4 v0x5bf8d832dfd0_0;
    %concat/vec4; draw_concat_vec4
    %split/vec4 8;
    %store/vec4 v0x5bf8d832a4c0_0, 0, 8;
    %split/vec4 1;
    %store/vec4 v0x5bf8d832be30_0, 0, 1;
    %store/vec4 v0x5bf8d832c670_0, 0, 1;
    %pushi/vec4 1, 0, 1;
    %ix/load 4, 1, 0;
    %flag_set/imm 4, 0;
    %store/vec4a v0x5bf8d8330290, 4, 0;
    %jmp T_13.781;
T_13.780 ;
    %pushi/vec4 0, 0, 2;
    %load/vec4 v0x5bf8d832dfd0_0;
    %concat/vec4; draw_concat_vec4
    %split/vec4 8;
    %store/vec4 v0x5bf8d832a4c0_0, 0, 8;
    %split/vec4 1;
    %store/vec4 v0x5bf8d832be30_0, 0, 1;
    %store/vec4 v0x5bf8d832c670_0, 0, 1;
    %pushi/vec4 1, 0, 1;
    %ix/load 4, 1, 0;
    %flag_set/imm 4, 0;
    %store/vec4a v0x5bf8d8330290, 4, 0;
T_13.781 ;
T_13.776 ;
    ; show_stmt_assign_vector: Get l-value for compressed += operand
    %load/vec4 v0x5bf8d8326ff0_0;
    %pushi/vec4 1, 0, 32;
    %add;
    %cast2;
    %store/vec4 v0x5bf8d8326ff0_0, 0, 32;
    %jmp T_13.774;
T_13.775 ;
    %end;
    .scope S_0x5bf8d8323a40;
t_64 %join;
T_13.770 ;
T_13.760 ;
T_13.754 ;
T_13.748 ;
T_13.746 ;
    %jmp T_13.741;
T_13.740 ;
    %ix/load 4, 3, 0;
    %flag_set/imm 4, 0;
    %load/vec4a v0x5bf8d8331700, 4;
    %pad/u 32;
    %cmpi/ne 1, 0, 32;
    %jmp/0xz  T_13.782, 6;
    %vpi_call/w 3 578 "$display" {0 0 0};
    %vpi_call/w 3 579 "$display", "%12s ***time = %0d,GENERAL_WRITE_TEST***", "\000", $time {0 0 0};
    %vpi_call/w 3 580 "$display" {0 0 0};
    %pushi/vec4 1, 0, 1;
    %ix/load 4, 3, 0;
    %flag_set/imm 4, 0;
    %store/vec4a v0x5bf8d8331700, 4, 0;
T_13.782 ;
    %ix/load 4, 1, 0;
    %flag_set/imm 4, 0;
    %load/vec4a v0x5bf8d832eb90, 4;
    %cmpi/ne 1, 0, 32;
    %jmp/0xz  T_13.784, 6;
    %ix/load 4, 0, 0;
    %flag_set/imm 4, 0;
    %load/vec4a v0x5bf8d832f8b0, 4;
    %flag_set/vec4 8;
    %jmp/0xz  T_13.786, 8;
    %pushi/vec4 2, 0, 2;
    %load/vec4 v0x5bf8d832dfd0_0;
    %concat/vec4; draw_concat_vec4
    %split/vec4 8;
    %store/vec4 v0x5bf8d832a4c0_0, 0, 8;
    %split/vec4 1;
    %store/vec4 v0x5bf8d832be30_0, 0, 1;
    %store/vec4 v0x5bf8d832c670_0, 0, 1;
    %jmp T_13.787;
T_13.786 ;
    %ix/load 4, 4, 0;
    %flag_set/imm 4, 0;
    %load/vec4a v0x5bf8d8331700, 4;
    %pad/u 32;
    %cmpi/ne 1, 0, 32;
    %jmp/0xz  T_13.788, 6;
    %vpi_call/w 3 602 "$display" {0 0 0};
    %vpi_call/w 3 603 "$display", "%12s ***time = %0d, TEST for prev_state_w = !FULL_EXPECTED and current_state = {W_RST,W_EN}***", "\000", $time {0 0 0};
    %vpi_call/w 3 604 "$display" {0 0 0};
    %pushi/vec4 1, 0, 1;
    %ix/load 4, 4, 0;
    %flag_set/imm 4, 0;
    %store/vec4a v0x5bf8d8331700, 4, 0;
T_13.788 ;
    %pushi/vec4 0, 0, 1;
    %ix/load 4, 0, 0;
    %flag_set/imm 4, 0;
    %store/vec4a v0x5bf8d83303d0, 4, 0;
    %fork t_67, S_0x5bf8d83270f0;
    %jmp t_66;
    .scope S_0x5bf8d83270f0;
t_67 ;
    %pushi/vec4 0, 0, 32;
    %store/vec4 v0x5bf8d83272d0_0, 0, 32;
T_13.790 ;
    %load/vec4 v0x5bf8d83272d0_0;
    %cmpi/s 3, 0, 32;
    %jmp/0xz T_13.791, 5;
    %load/vec4 v0x5bf8d83272d0_0;
    %addi 14, 0, 32;
    %ix/vec4/s 4;
    %load/vec4a v0x5bf8d832eef0, 4;
    %nor/r;
    %flag_set/vec4 11;
    %flag_get/vec4 11;
    %jmp/0 T_13.796, 11;
    %ix/load 4, 0, 0;
    %flag_set/imm 4, 0;
    %load/vec4a v0x5bf8d83303d0, 4;
    %nor/r;
    %and;
T_13.796;
    %flag_set/vec4 10;
    %flag_get/vec4 10;
    %jmp/0 T_13.795, 10;
    %load/vec4 v0x5bf8d8330b10_0;
    %and;
T_13.795;
    %flag_set/vec4 9;
    %flag_get/vec4 9;
    %jmp/0 T_13.794, 9;
    %load/vec4 v0x5bf8d8330a50_0;
    %and;
T_13.794;
    %flag_set/vec4 8;
    %jmp/0xz  T_13.792, 8;
    %load/vec4 v0x5bf8d8330990_0;
    %flag_set/vec4 8;
    %jmp/0xz  T_13.797, 8;
    %pushi/vec4 2, 0, 2;
    %load/vec4 v0x5bf8d832dfd0_0;
    %concat/vec4; draw_concat_vec4
    %split/vec4 8;
    %store/vec4 v0x5bf8d832a4c0_0, 0, 8;
    %split/vec4 1;
    %store/vec4 v0x5bf8d832be30_0, 0, 1;
    %store/vec4 v0x5bf8d832c670_0, 0, 1;
    %pushi/vec4 1, 0, 1;
    %ix/load 4, 0, 0;
    %flag_set/imm 4, 0;
    %store/vec4a v0x5bf8d83303d0, 4, 0;
    %jmp T_13.798;
T_13.797 ;
    %load/vec4 v0x5bf8d83272d0_0;
    %parti/s 2, 0, 2;
    %load/vec4 v0x5bf8d832dfd0_0;
    %concat/vec4; draw_concat_vec4
    %split/vec4 8;
    %store/vec4 v0x5bf8d832a4c0_0, 0, 8;
    %split/vec4 1;
    %store/vec4 v0x5bf8d832be30_0, 0, 1;
    %store/vec4 v0x5bf8d832c670_0, 0, 1;
    %pushi/vec4 1, 0, 1;
    %ix/load 4, 0, 0;
    %flag_set/imm 4, 0;
    %store/vec4a v0x5bf8d83303d0, 4, 0;
    %pushi/vec4 1, 0, 1;
    %ix/load 4, 0, 0;
    %flag_set/imm 4, 0;
    %store/vec4a v0x5bf8d832f8b0, 4, 0;
T_13.798 ;
T_13.792 ;
    ; show_stmt_assign_vector: Get l-value for compressed += operand
    %load/vec4 v0x5bf8d83272d0_0;
    %pushi/vec4 1, 0, 32;
    %add;
    %cast2;
    %store/vec4 v0x5bf8d83272d0_0, 0, 32;
    %jmp T_13.790;
T_13.791 ;
    %end;
    .scope S_0x5bf8d8323a40;
t_66 %join;
T_13.787 ;
    %pushi/vec4 1, 0, 32;
    %ix/load 4, 1, 0;
    %flag_set/imm 4, 0;
    %store/vec4a v0x5bf8d832eb90, 4, 0;
    %fork t_69, S_0x5bf8d83273d0;
    %jmp t_68;
    .scope S_0x5bf8d83273d0;
t_69 ;
    %pushi/vec4 14, 0, 32;
    %store/vec4 v0x5bf8d83275b0_0, 0, 32;
T_13.799 ;
    %load/vec4 v0x5bf8d83275b0_0;
    %cmpi/s 17, 0, 32;
    %jmp/0xz T_13.800, 5;
    %ix/getv/s 4, v0x5bf8d83275b0_0;
    %load/vec4a v0x5bf8d832eef0, 4;
    %nor/r;
    %flag_set/vec4 8;
    %jmp/0xz  T_13.801, 8;
    %pushi/vec4 0, 0, 32;
    %ix/load 4, 1, 0;
    %flag_set/imm 4, 0;
    %store/vec4a v0x5bf8d832eb90, 4, 0;
T_13.801 ;
    ; show_stmt_assign_vector: Get l-value for compressed += operand
    %load/vec4 v0x5bf8d83275b0_0;
    %pushi/vec4 1, 0, 32;
    %add;
    %cast2;
    %store/vec4 v0x5bf8d83275b0_0, 0, 32;
    %jmp T_13.799;
T_13.800 ;
    %end;
    .scope S_0x5bf8d8323a40;
t_68 %join;
    %jmp T_13.785;
T_13.784 ;
    %ix/load 4, 1, 0;
    %flag_set/imm 4, 0;
    %load/vec4a v0x5bf8d832eb90, 4;
    %cmpi/ne 0, 0, 32;
    %jmp/0xz  T_13.803, 4;
    %ix/load 4, 1, 0;
    %flag_set/imm 4, 0;
    %load/vec4a v0x5bf8d832f8b0, 4;
    %flag_set/vec4 8;
    %jmp/0xz  T_13.805, 8;
    %pushi/vec4 2, 0, 2;
    %load/vec4 v0x5bf8d832dfd0_0;
    %concat/vec4; draw_concat_vec4
    %split/vec4 8;
    %store/vec4 v0x5bf8d832a4c0_0, 0, 8;
    %split/vec4 1;
    %store/vec4 v0x5bf8d832be30_0, 0, 1;
    %store/vec4 v0x5bf8d832c670_0, 0, 1;
    %jmp T_13.806;
T_13.805 ;
    %ix/load 4, 5, 0;
    %flag_set/imm 4, 0;
    %load/vec4a v0x5bf8d8331700, 4;
    %pad/u 32;
    %cmpi/ne 1, 0, 32;
    %jmp/0xz  T_13.807, 6;
    %vpi_call/w 3 651 "$display" {0 0 0};
    %vpi_call/w 3 652 "$display", "%12s ***time = %0d,TEST for prev_state_w = FULL_EXPECTED and current_state = {W_RST,W_EN}***", "\000", $time {0 0 0};
    %vpi_call/w 3 653 "$display" {0 0 0};
    %pushi/vec4 1, 0, 1;
    %ix/load 4, 5, 0;
    %flag_set/imm 4, 0;
    %store/vec4a v0x5bf8d8331700, 4, 0;
T_13.807 ;
    %pushi/vec4 0, 0, 1;
    %ix/load 4, 1, 0;
    %flag_set/imm 4, 0;
    %store/vec4a v0x5bf8d83303d0, 4, 0;
    %fork t_71, S_0x5bf8d83276b0;
    %jmp t_70;
    .scope S_0x5bf8d83276b0;
t_71 ;
    %pushi/vec4 0, 0, 32;
    %store/vec4 v0x5bf8d8327890_0, 0, 32;
T_13.809 ;
    %load/vec4 v0x5bf8d8327890_0;
    %cmpi/s 3, 0, 32;
    %jmp/0xz T_13.810, 5;
    %load/vec4 v0x5bf8d8327890_0;
    %addi 17, 0, 32;
    %ix/vec4/s 4;
    %load/vec4a v0x5bf8d832eef0, 4;
    %nor/r;
    %flag_set/vec4 12;
    %flag_get/vec4 12;
    %jmp/0 T_13.816, 12;
    %ix/load 4, 1, 0;
    %flag_set/imm 4, 0;
    %load/vec4a v0x5bf8d832eb90, 4;
    %pushi/vec4 0, 0, 32;
    %cmp/ne;
    %flag_get/vec4 4;
    %and;
T_13.816;
    %flag_set/vec4 11;
    %flag_get/vec4 11;
    %jmp/0 T_13.815, 11;
    %ix/load 4, 1, 0;
    %flag_set/imm 4, 0;
    %load/vec4a v0x5bf8d83303d0, 4;
    %nor/r;
    %and;
T_13.815;
    %flag_set/vec4 10;
    %flag_get/vec4 10;
    %jmp/0 T_13.814, 10;
    %load/vec4 v0x5bf8d8330b10_0;
    %and;
T_13.814;
    %flag_set/vec4 9;
    %flag_get/vec4 9;
    %jmp/0 T_13.813, 9;
    %load/vec4 v0x5bf8d8330a50_0;
    %and;
T_13.813;
    %flag_set/vec4 8;
    %jmp/0xz  T_13.811, 8;
    %load/vec4 v0x5bf8d8330990_0;
    %nor/r;
    %flag_set/vec4 8;
    %jmp/0xz  T_13.817, 8;
    %pushi/vec4 1, 0, 2;
    %load/vec4 v0x5bf8d832dfd0_0;
    %concat/vec4; draw_concat_vec4
    %split/vec4 8;
    %store/vec4 v0x5bf8d832a4c0_0, 0, 8;
    %split/vec4 1;
    %store/vec4 v0x5bf8d832be30_0, 0, 1;
    %store/vec4 v0x5bf8d832c670_0, 0, 1;
    %pushi/vec4 1, 0, 1;
    %ix/load 4, 1, 0;
    %flag_set/imm 4, 0;
    %store/vec4a v0x5bf8d83303d0, 4, 0;
    %jmp T_13.818;
T_13.817 ;
    %load/vec4 v0x5bf8d8327890_0;
    %parti/s 2, 0, 2;
    %load/vec4 v0x5bf8d832dfd0_0;
    %concat/vec4; draw_concat_vec4
    %split/vec4 8;
    %store/vec4 v0x5bf8d832a4c0_0, 0, 8;
    %split/vec4 1;
    %store/vec4 v0x5bf8d832be30_0, 0, 1;
    %store/vec4 v0x5bf8d832c670_0, 0, 1;
    %pushi/vec4 1, 0, 1;
    %ix/load 4, 1, 0;
    %flag_set/imm 4, 0;
    %store/vec4a v0x5bf8d83303d0, 4, 0;
    %pushi/vec4 1, 0, 1;
    %ix/load 4, 1, 0;
    %flag_set/imm 4, 0;
    %store/vec4a v0x5bf8d832f8b0, 4, 0;
T_13.818 ;
T_13.811 ;
    ; show_stmt_assign_vector: Get l-value for compressed += operand
    %load/vec4 v0x5bf8d8327890_0;
    %pushi/vec4 1, 0, 32;
    %add;
    %cast2;
    %store/vec4 v0x5bf8d8327890_0, 0, 32;
    %jmp T_13.809;
T_13.810 ;
    %end;
    .scope S_0x5bf8d8323a40;
t_70 %join;
T_13.806 ;
    %pushi/vec4 1, 0, 32;
    %ix/load 4, 2, 0;
    %flag_set/imm 4, 0;
    %store/vec4a v0x5bf8d832eb90, 4, 0;
    %fork t_73, S_0x5bf8d8327990;
    %jmp t_72;
    .scope S_0x5bf8d8327990;
t_73 ;
    %pushi/vec4 17, 0, 32;
    %store/vec4 v0x5bf8d8327b70_0, 0, 32;
T_13.819 ;
    %load/vec4 v0x5bf8d8327b70_0;
    %cmpi/s 20, 0, 32;
    %jmp/0xz T_13.820, 5;
    %ix/getv/s 4, v0x5bf8d8327b70_0;
    %load/vec4a v0x5bf8d832eef0, 4;
    %nor/r;
    %flag_set/vec4 8;
    %jmp/0xz  T_13.821, 8;
    %pushi/vec4 0, 0, 32;
    %ix/load 4, 2, 0;
    %flag_set/imm 4, 0;
    %store/vec4a v0x5bf8d832eb90, 4, 0;
T_13.821 ;
    ; show_stmt_assign_vector: Get l-value for compressed += operand
    %load/vec4 v0x5bf8d8327b70_0;
    %pushi/vec4 1, 0, 32;
    %add;
    %cast2;
    %store/vec4 v0x5bf8d8327b70_0, 0, 32;
    %jmp T_13.819;
T_13.820 ;
    %end;
    .scope S_0x5bf8d8323a40;
t_72 %join;
T_13.803 ;
T_13.785 ;
    %load/vec4 v0x5bf8d8330b10_0;
    %flag_set/vec4 9;
    %flag_get/vec4 9;
    %jmp/0 T_13.825, 9;
    %load/vec4 v0x5bf8d8330a50_0;
    %and;
T_13.825;
    %flag_set/vec4 8;
    %jmp/0xz  T_13.823, 8;
    %load/vec4 v0x5bf8d8330990_0;
    %load/vec4 v0x5bf8d832c670_0;
    %concat/vec4; draw_concat_vec4
    %load/vec4 v0x5bf8d832be30_0;
    %concat/vec4; draw_concat_vec4
    %cmpi/u 3, 0, 3;
    %jmp/0xz  T_13.826, 5;
    ; show_stmt_assign_vector: Get l-value for compressed += operand
    %load/vec4 v0x5bf8d8330990_0;
    %load/vec4 v0x5bf8d832c670_0;
    %concat/vec4; draw_concat_vec4
    %load/vec4 v0x5bf8d832be30_0;
    %concat/vec4; draw_concat_vec4
    %pad/u 32;
    %addi 14, 0, 32;
    %ix/vec4 4;
    %flag_mov 8, 4;
    %load/vec4a v0x5bf8d832eef0, 4;
    %pushi/vec4 1, 0, 32;
    %add;
    %flag_mov 4, 8;
    %store/vec4a v0x5bf8d832eef0, 4, 0;
    %jmp T_13.827;
T_13.826 ;
    %load/vec4 v0x5bf8d8330990_0;
    %load/vec4 v0x5bf8d832c670_0;
    %concat/vec4; draw_concat_vec4
    %load/vec4 v0x5bf8d832be30_0;
    %concat/vec4; draw_concat_vec4
    %cmpi/u 3, 0, 3;
    %flag_or 5, 4; GT is !LE
    %flag_inv 5;
    %jmp/0xz  T_13.828, 5;
    ; show_stmt_assign_vector: Get l-value for compressed += operand
    %load/vec4 v0x5bf8d8330990_0;
    %load/vec4 v0x5bf8d832c670_0;
    %concat/vec4; draw_concat_vec4
    %load/vec4 v0x5bf8d832be30_0;
    %concat/vec4; draw_concat_vec4
    %pad/u 32;
    %addi 13, 0, 32;
    %ix/vec4 4;
    %flag_mov 8, 4;
    %load/vec4a v0x5bf8d832eef0, 4;
    %pushi/vec4 1, 0, 32;
    %add;
    %flag_mov 4, 8;
    %store/vec4a v0x5bf8d832eef0, 4, 0;
T_13.828 ;
T_13.827 ;
T_13.823 ;
    %pushi/vec4 1, 0, 32;
    %ix/load 4, 0, 0;
    %flag_set/imm 4, 0;
    %store/vec4a v0x5bf8d832eb90, 4, 0;
    %fork t_75, S_0x5bf8d8327c70;
    %jmp t_74;
    .scope S_0x5bf8d8327c70;
t_75 ;
    %pushi/vec4 14, 0, 32;
    %store/vec4 v0x5bf8d8327e50_0, 0, 32;
T_13.830 ;
    %load/vec4 v0x5bf8d8327e50_0;
    %cmpi/s 20, 0, 32;
    %jmp/0xz T_13.831, 5;
    %ix/getv/s 4, v0x5bf8d8327e50_0;
    %load/vec4a v0x5bf8d832eef0, 4;
    %nor/r;
    %flag_set/vec4 8;
    %jmp/0xz  T_13.832, 8;
    %pushi/vec4 0, 0, 32;
    %ix/load 4, 0, 0;
    %flag_set/imm 4, 0;
    %store/vec4a v0x5bf8d832eb90, 4, 0;
T_13.832 ;
    %pushi/vec4 1, 0, 1;
    %store/vec4 v0x5bf8d8330b10_0, 0, 1;
    %ix/load 4, 0, 0;
    %flag_set/imm 4, 0;
    %load/vec4a v0x5bf8d832f8b0, 4;
    %flag_set/vec4 8;
    %jmp/1 T_13.838, 8;
    %ix/load 4, 1, 0;
    %flag_set/imm 4, 0;
    %load/vec4a v0x5bf8d832f8b0, 4;
    %flag_set/vec4 9;
    %flag_or 8, 9;
T_13.838;
    %jmp/1 T_13.837, 8;
    %ix/load 4, 2, 0;
    %flag_set/imm 4, 0;
    %load/vec4a v0x5bf8d832f8b0, 4;
    %flag_set/vec4 9;
    %flag_or 8, 9;
T_13.837;
    %jmp/1 T_13.836, 8;
    %ix/load 4, 3, 0;
    %flag_set/imm 4, 0;
    %load/vec4a v0x5bf8d832f8b0, 4;
    %flag_set/vec4 9;
    %flag_or 8, 9;
T_13.836;
    %jmp/0xz  T_13.834, 8;
    %pushi/vec4 0, 0, 1;
    %store/vec4 v0x5bf8d8330b10_0, 0, 1;
T_13.834 ;
    ; show_stmt_assign_vector: Get l-value for compressed += operand
    %load/vec4 v0x5bf8d8327e50_0;
    %pushi/vec4 1, 0, 32;
    %add;
    %cast2;
    %store/vec4 v0x5bf8d8327e50_0, 0, 32;
    %jmp T_13.830;
T_13.831 ;
    %end;
    .scope S_0x5bf8d8323a40;
t_74 %join;
T_13.741 ;
T_13.725 ;
T_13.704 ;
T_13.696 ;
T_13.683 ;
T_13.674 ;
T_13.658 ;
T_13.653 ;
    %jmp T_13.646;
T_13.645 ;
    %load/vec4 v0x5bf8d832e950_0;
    %flag_set/vec4 8;
    %jmp/0xz  T_13.839, 8;
    %pushi/vec4 1, 0, 1;
    %store/vec4 v0x5bf8d8330b10_0, 0, 1;
    %ix/load 4, 0, 0;
    %flag_set/imm 4, 0;
    %load/vec4a v0x5bf8d832f8b0, 4;
    %flag_set/vec4 8;
    %jmp/1 T_13.845, 8;
    %ix/load 4, 1, 0;
    %flag_set/imm 4, 0;
    %load/vec4a v0x5bf8d832f8b0, 4;
    %flag_set/vec4 9;
    %flag_or 8, 9;
T_13.845;
    %jmp/1 T_13.844, 8;
    %ix/load 4, 2, 0;
    %flag_set/imm 4, 0;
    %load/vec4a v0x5bf8d832f8b0, 4;
    %flag_set/vec4 9;
    %flag_or 8, 9;
T_13.844;
    %jmp/1 T_13.843, 8;
    %ix/load 4, 3, 0;
    %flag_set/imm 4, 0;
    %load/vec4a v0x5bf8d832f8b0, 4;
    %flag_set/vec4 9;
    %flag_or 8, 9;
T_13.843;
    %jmp/0xz  T_13.841, 8;
    %pushi/vec4 0, 0, 1;
    %store/vec4 v0x5bf8d8330b10_0, 0, 1;
T_13.841 ;
    %load/vec4 v0x5bf8d832f210_0;
    %flag_set/vec4 9;
    %flag_get/vec4 9;
    %jmp/0 T_13.848, 9;
    %ix/load 4, 4, 0;
    %flag_set/imm 4, 0;
    %load/vec4a v0x5bf8d832f5d0, 4;
    %pad/u 32;
    %pushi/vec4 0, 0, 32;
    %cmp/e;
    %flag_get/vec4 4;
    %and;
T_13.848;
    %flag_set/vec4 8;
    %jmp/0xz  T_13.846, 8;
    %load/vec4 v0x5bf8d832e230_0;
    %pad/u 32;
    %cmpi/ne 1, 0, 32;
    %jmp/0xz  T_13.849, 6;
    %pushi/vec4 2, 0, 2;
    %load/vec4 v0x5bf8d832dfd0_0;
    %concat/vec4; draw_concat_vec4
    %split/vec4 8;
    %store/vec4 v0x5bf8d832a4c0_0, 0, 8;
    %split/vec4 1;
    %store/vec4 v0x5bf8d832be30_0, 0, 1;
    %store/vec4 v0x5bf8d832c670_0, 0, 1;
    %pushi/vec4 1, 0, 1;
    %ix/load 4, 5, 0;
    %flag_set/imm 4, 0;
    %store/vec4a v0x5bf8d832f8b0, 4, 0;
T_13.849 ;
    %jmp T_13.847;
T_13.846 ;
    %load/vec4 v0x5bf8d832f450_0;
    %flag_set/vec4 9;
    %flag_get/vec4 9;
    %jmp/0 T_13.853, 9;
    %ix/load 4, 4, 0;
    %flag_set/imm 4, 0;
    %load/vec4a v0x5bf8d832f8b0, 4;
    %pad/u 32;
    %pushi/vec4 0, 0, 32;
    %cmp/e;
    %flag_get/vec4 4;
    %and;
T_13.853;
    %flag_set/vec4 8;
    %jmp/0xz  T_13.851, 8;
    %ix/load 4, 0, 0;
    %flag_set/imm 4, 0;
    %load/vec4a v0x5bf8d8331480, 4;
    %pad/u 32;
    %cmpi/ne 1, 0, 32;
    %jmp/0xz  T_13.854, 6;
    %vpi_call/w 3 751 "$display" {0 0 0};
    %vpi_call/w 3 752 "$display", "%12s ***time = %0d,START TEST FOR ONE SIDED RESET OF WRITE WHILE STRESS READ***", "\000", $time {0 0 0};
    %vpi_call/w 3 753 "$display", "%12s ***(to make sure system will not collapse even if one sided reset occur, nevertheless output during this period is ineffective as data loss may occur)***", "\000" {0 0 0};
    %vpi_call/w 3 754 "$display" {0 0 0};
    %pushi/vec4 1, 0, 1;
    %ix/load 4, 0, 0;
    %flag_set/imm 4, 0;
    %store/vec4a v0x5bf8d8331480, 4, 0;
T_13.854 ;
    %ix/load 4, 4, 0;
    %flag_set/imm 4, 0;
    %load/vec4a v0x5bf8d832f5d0, 4;
    %flag_set/vec4 8;
    %jmp/0xz  T_13.856, 8;
    %ix/load 4, 4, 0;
    %flag_set/imm 4, 0;
    %load/vec4a v0x5bf8d832f5d0, 4;
    %flag_set/vec4 10;
    %flag_get/vec4 10;
    %jmp/0 T_13.861, 10;
    %load/vec4 v0x5bf8d832b780_0;
    %load/vec4 v0x5bf8d832aef0_0;
    %concat/vec4; draw_concat_vec4
    %pushi/vec4 2, 0, 2;
    %cmp/e;
    %flag_get/vec4 4;
    %and;
T_13.861;
    %flag_set/vec4 9;
    %flag_get/vec4 9;
    %jmp/0 T_13.860, 9;
    %load/vec4 v0x5bf8d832b6a0_0;
    %pushi/vec4 0, 0, 5;
    %cmp/e;
    %flag_get/vec4 4;
    %and;
T_13.860;
    %flag_set/vec4 8;
    %jmp/0xz  T_13.858, 8;
    %pushi/vec4 2, 0, 2;
    %load/vec4 v0x5bf8d832dfd0_0;
    %concat/vec4; draw_concat_vec4
    %split/vec4 8;
    %store/vec4 v0x5bf8d832a4c0_0, 0, 8;
    %split/vec4 1;
    %store/vec4 v0x5bf8d832be30_0, 0, 1;
    %store/vec4 v0x5bf8d832c670_0, 0, 1;
    %pushi/vec4 0, 0, 1;
    %ix/load 4, 4, 0;
    %flag_set/imm 4, 0;
    %store/vec4a v0x5bf8d832f5d0, 4, 0;
    %pushi/vec4 1, 0, 1;
    %store/vec4 v0x5bf8d832f210_0, 0, 1;
    %jmp T_13.859;
T_13.858 ;
    %pushi/vec4 0, 0, 2;
    %load/vec4 v0x5bf8d832dfd0_0;
    %concat/vec4; draw_concat_vec4
    %split/vec4 8;
    %store/vec4 v0x5bf8d832a4c0_0, 0, 8;
    %split/vec4 1;
    %store/vec4 v0x5bf8d832be30_0, 0, 1;
    %store/vec4 v0x5bf8d832c670_0, 0, 1;
T_13.859 ;
    %jmp T_13.857;
T_13.856 ;
    %ix/load 4, 2, 0;
    %flag_set/imm 4, 0;
    %load/vec4a v0x5bf8d832fc30, 4;
    %flag_set/vec4 8;
    %jmp/0xz  T_13.862, 8;
    %pushi/vec4 0, 0, 2;
    %load/vec4 v0x5bf8d832dfd0_0;
    %concat/vec4; draw_concat_vec4
    %split/vec4 8;
    %store/vec4 v0x5bf8d832a4c0_0, 0, 8;
    %split/vec4 1;
    %store/vec4 v0x5bf8d832be30_0, 0, 1;
    %store/vec4 v0x5bf8d832c670_0, 0, 1;
    %jmp T_13.863;
T_13.862 ;
    %load/vec4 v0x5bf8d832b180_0;
    %cmpi/u 2, 0, 5;
    %flag_or 5, 4; GT is !LE
    %flag_inv 5;
    %flag_get/vec4 5;
    %jmp/0 T_13.866, 5;
    %load/vec4 v0x5bf8d8330070_0;
    %pad/u 32;
    %pushi/vec4 1, 0, 32;
    %cmp/ne;
    %flag_get/vec4 6;
    %and;
T_13.866;
    %flag_set/vec4 8;
    %jmp/0xz  T_13.864, 8;
    %pushi/vec4 2, 0, 2;
    %load/vec4 v0x5bf8d832dfd0_0;
    %concat/vec4; draw_concat_vec4
    %split/vec4 8;
    %store/vec4 v0x5bf8d832a4c0_0, 0, 8;
    %split/vec4 1;
    %store/vec4 v0x5bf8d832be30_0, 0, 1;
    %store/vec4 v0x5bf8d832c670_0, 0, 1;
    %pushi/vec4 1, 0, 1;
    %store/vec4 v0x5bf8d8330070_0, 0, 1;
    %pushi/vec4 1, 0, 1;
    %ix/load 4, 2, 0;
    %flag_set/imm 4, 0;
    %store/vec4a v0x5bf8d832fc30, 4, 0;
    %jmp T_13.865;
T_13.864 ;
    %pushi/vec4 1, 0, 2;
    %load/vec4 v0x5bf8d832dfd0_0;
    %concat/vec4; draw_concat_vec4
    %split/vec4 8;
    %store/vec4 v0x5bf8d832a4c0_0, 0, 8;
    %split/vec4 1;
    %store/vec4 v0x5bf8d832be30_0, 0, 1;
    %store/vec4 v0x5bf8d832c670_0, 0, 1;
T_13.865 ;
T_13.863 ;
T_13.857 ;
    %jmp T_13.852;
T_13.851 ;
    %load/vec4 v0x5bf8d832f730_0;
    %flag_set/vec4 9;
    %flag_get/vec4 9;
    %jmp/0 T_13.869, 9;
    %ix/load 4, 3, 0;
    %flag_set/imm 4, 0;
    %load/vec4a v0x5bf8d832f5d0, 4;
    %pad/u 32;
    %pushi/vec4 0, 0, 32;
    %cmp/e;
    %flag_get/vec4 4;
    %and;
T_13.869;
    %flag_set/vec4 8;
    %jmp/0xz  T_13.867, 8;
    %ix/load 4, 0, 0;
    %flag_set/imm 4, 0;
    %load/vec4a v0x5bf8d8331660, 4;
    %pad/u 32;
    %cmpi/ne 1, 0, 32;
    %jmp/0xz  T_13.870, 6;
    %vpi_call/w 3 793 "$display" {0 0 0};
    %vpi_call/w 3 794 "$display", "%12s ***time = %0d,START TEST FOR ONE SIDED RESET OF READ WHILE STRESS WRITE***", "\000", $time {0 0 0};
    %vpi_call/w 3 795 "$display", "%12s ***(to make sure system will not collapse even if one sided reset occur, nevertheless output during this period is ineffective as data loss may occur)***", "\000" {0 0 0};
    %vpi_call/w 3 796 "$display" {0 0 0};
    %pushi/vec4 1, 0, 1;
    %ix/load 4, 0, 0;
    %flag_set/imm 4, 0;
    %store/vec4a v0x5bf8d8331660, 4, 0;
T_13.870 ;
    %ix/load 4, 4, 0;
    %flag_set/imm 4, 0;
    %load/vec4a v0x5bf8d832f8b0, 4;
    %flag_set/vec4 8;
    %jmp/0xz  T_13.872, 8;
    %pushi/vec4 2, 0, 2;
    %load/vec4 v0x5bf8d832dfd0_0;
    %concat/vec4; draw_concat_vec4
    %split/vec4 8;
    %store/vec4 v0x5bf8d832a4c0_0, 0, 8;
    %split/vec4 1;
    %store/vec4 v0x5bf8d832be30_0, 0, 1;
    %store/vec4 v0x5bf8d832c670_0, 0, 1;
    %jmp T_13.873;
T_13.872 ;
    %load/vec4 v0x5bf8d8330990_0;
    %nor/r;
    %flag_set/vec4 8;
    %jmp/0xz  T_13.874, 8;
    %pushi/vec4 1, 0, 2;
    %load/vec4 v0x5bf8d832dfd0_0;
    %concat/vec4; draw_concat_vec4
    %split/vec4 8;
    %store/vec4 v0x5bf8d832a4c0_0, 0, 8;
    %split/vec4 1;
    %store/vec4 v0x5bf8d832be30_0, 0, 1;
    %store/vec4 v0x5bf8d832c670_0, 0, 1;
    %jmp T_13.875;
T_13.874 ;
    %pushi/vec4 0, 0, 2;
    %load/vec4 v0x5bf8d832dfd0_0;
    %concat/vec4; draw_concat_vec4
    %split/vec4 8;
    %store/vec4 v0x5bf8d832a4c0_0, 0, 8;
    %split/vec4 1;
    %store/vec4 v0x5bf8d832be30_0, 0, 1;
    %store/vec4 v0x5bf8d832c670_0, 0, 1;
    %pushi/vec4 1, 0, 1;
    %ix/load 4, 4, 0;
    %flag_set/imm 4, 0;
    %store/vec4a v0x5bf8d832f8b0, 4, 0;
T_13.875 ;
T_13.873 ;
    %jmp T_13.868;
T_13.867 ;
    %load/vec4 v0x5bf8d832fa10_0;
    %flag_set/vec4 9;
    %flag_get/vec4 9;
    %jmp/0 T_13.878, 9;
    %ix/load 4, 3, 0;
    %flag_set/imm 4, 0;
    %load/vec4a v0x5bf8d832f8b0, 4;
    %pad/u 32;
    %pushi/vec4 0, 0, 32;
    %cmp/e;
    %flag_get/vec4 4;
    %and;
T_13.878;
    %flag_set/vec4 8;
    %jmp/0xz  T_13.876, 8;
    %ix/load 4, 1, 0;
    %flag_set/imm 4, 0;
    %load/vec4a v0x5bf8d8331480, 4;
    %pad/u 32;
    %cmpi/ne 1, 0, 32;
    %jmp/0xz  T_13.879, 6;
    %vpi_call/w 3 825 "$display" {0 0 0};
    %vpi_call/w 3 826 "$display", "%12s ***time = %0d,SHARP INTERRUPT OF R_RST TEST***", "\000", $time {0 0 0};
    %vpi_call/w 3 827 "$display", "%12s ***(interrupt with R_RST between posedges of TICK_R)***", "\000" {0 0 0};
    %vpi_call/w 3 828 "$display" {0 0 0};
    %pushi/vec4 1, 0, 1;
    %ix/load 4, 1, 0;
    %flag_set/imm 4, 0;
    %store/vec4a v0x5bf8d8331480, 4, 0;
T_13.879 ;
    %ix/load 4, 3, 0;
    %flag_set/imm 4, 0;
    %load/vec4a v0x5bf8d832f5d0, 4;
    %flag_set/vec4 8;
    %jmp/0xz  T_13.881, 8;
    %ix/load 4, 3, 0;
    %flag_set/imm 4, 0;
    %load/vec4a v0x5bf8d832f5d0, 4;
    %flag_set/vec4 10;
    %flag_get/vec4 10;
    %jmp/0 T_13.886, 10;
    %load/vec4 v0x5bf8d832b780_0;
    %load/vec4 v0x5bf8d832aef0_0;
    %concat/vec4; draw_concat_vec4
    %pushi/vec4 2, 0, 2;
    %cmp/e;
    %flag_get/vec4 4;
    %and;
T_13.886;
    %flag_set/vec4 9;
    %flag_get/vec4 9;
    %jmp/0 T_13.885, 9;
    %load/vec4 v0x5bf8d832b6a0_0;
    %pushi/vec4 0, 0, 5;
    %cmp/e;
    %flag_get/vec4 4;
    %and;
T_13.885;
    %flag_set/vec4 8;
    %jmp/0xz  T_13.883, 8;
    %pushi/vec4 2, 0, 2;
    %load/vec4 v0x5bf8d832dfd0_0;
    %concat/vec4; draw_concat_vec4
    %split/vec4 8;
    %store/vec4 v0x5bf8d832a4c0_0, 0, 8;
    %split/vec4 1;
    %store/vec4 v0x5bf8d832be30_0, 0, 1;
    %store/vec4 v0x5bf8d832c670_0, 0, 1;
    %pushi/vec4 0, 0, 1;
    %ix/load 4, 3, 0;
    %flag_set/imm 4, 0;
    %store/vec4a v0x5bf8d832f5d0, 4, 0;
    %pushi/vec4 1, 0, 1;
    %store/vec4 v0x5bf8d832f730_0, 0, 1;
    %jmp T_13.884;
T_13.883 ;
    %pushi/vec4 0, 0, 2;
    %load/vec4 v0x5bf8d832dfd0_0;
    %concat/vec4; draw_concat_vec4
    %split/vec4 8;
    %store/vec4 v0x5bf8d832a4c0_0, 0, 8;
    %split/vec4 1;
    %store/vec4 v0x5bf8d832be30_0, 0, 1;
    %store/vec4 v0x5bf8d832c670_0, 0, 1;
T_13.884 ;
    %jmp T_13.882;
T_13.881 ;
    %pushi/vec4 1, 0, 2;
    %load/vec4 v0x5bf8d832dfd0_0;
    %concat/vec4; draw_concat_vec4
    %split/vec4 8;
    %assign/vec4 v0x5bf8d832a4c0_0, 0;
    %split/vec4 1;
    %assign/vec4 v0x5bf8d832be30_0, 0;
    %assign/vec4 v0x5bf8d832c670_0, 0;
    %load/vec4 v0x5bf8d83308d0_0;
    %nor/r;
    %flag_set/vec4 8;
    %jmp/0xz  T_13.887, 8;
    %pushi/vec4 0, 0, 2;
    %load/vec4 v0x5bf8d832dfd0_0;
    %concat/vec4; draw_concat_vec4
    %split/vec4 8;
    %assign/vec4 v0x5bf8d832a4c0_0, 0;
    %split/vec4 1;
    %assign/vec4 v0x5bf8d832be30_0, 0;
    %assign/vec4 v0x5bf8d832c670_0, 0;
    %pushi/vec4 1, 0, 1;
    %ix/load 3, 1, 0;
    %flag_set/imm 4, 0;
    %ix/load 4, 0, 0; Constant delay
    %assign/vec4/a/d v0x5bf8d832fc30, 0, 4;
T_13.887 ;
T_13.882 ;
    %jmp T_13.877;
T_13.876 ;
    %load/vec4 v0x5bf8d832e610_0;
    %cmpi/ne 0, 0, 32;
    %flag_get/vec4 4;
    %jmp/0 T_13.892, 4;
    %ix/load 4, 2, 0;
    %flag_set/imm 4, 0;
    %load/vec4a v0x5bf8d832f5d0, 4;
    %pad/u 32;
    %pushi/vec4 0, 0, 32;
    %cmp/e;
    %flag_get/vec4 4;
    %and;
T_13.892;
    %flag_set/vec4 9;
    %flag_get/vec4 9;
    %jmp/0 T_13.891, 9;
    %load/vec4 v0x5bf8d832fa10_0;
    %pad/u 32;
    %pushi/vec4 1, 0, 32;
    %cmp/ne;
    %flag_get/vec4 6;
    %and;
T_13.891;
    %flag_set/vec4 8;
    %jmp/0xz  T_13.889, 8;
    %ix/load 4, 1, 0;
    %flag_set/imm 4, 0;
    %load/vec4a v0x5bf8d8331660, 4;
    %pad/u 32;
    %cmpi/ne 1, 0, 32;
    %jmp/0xz  T_13.893, 6;
    %vpi_call/w 3 861 "$display" {0 0 0};
    %vpi_call/w 3 862 "$display", "%12s ***time = %0d,SHARP INTERRUPT OF W_RST TEST***", "\000", $time {0 0 0};
    %vpi_call/w 3 863 "$display", "%12s ***(interrupt with W_RST between posedges of TICK_W)***", "\000" {0 0 0};
    %vpi_call/w 3 864 "$display" {0 0 0};
    %pushi/vec4 1, 0, 1;
    %ix/load 4, 1, 0;
    %flag_set/imm 4, 0;
    %store/vec4a v0x5bf8d8331660, 4, 0;
T_13.893 ;
    %ix/load 4, 3, 0;
    %flag_set/imm 4, 0;
    %load/vec4a v0x5bf8d832f8b0, 4;
    %flag_set/vec4 8;
    %jmp/0xz  T_13.895, 8;
    %pushi/vec4 2, 0, 2;
    %load/vec4 v0x5bf8d832dfd0_0;
    %concat/vec4; draw_concat_vec4
    %split/vec4 8;
    %assign/vec4 v0x5bf8d832a4c0_0, 0;
    %split/vec4 1;
    %assign/vec4 v0x5bf8d832be30_0, 0;
    %assign/vec4 v0x5bf8d832c670_0, 0;
    %jmp T_13.896;
T_13.895 ;
    %pushi/vec4 1, 0, 2;
    %load/vec4 v0x5bf8d832dfd0_0;
    %concat/vec4; draw_concat_vec4
    %split/vec4 8;
    %assign/vec4 v0x5bf8d832a4c0_0, 0;
    %split/vec4 1;
    %assign/vec4 v0x5bf8d832be30_0, 0;
    %assign/vec4 v0x5bf8d832c670_0, 0;
    %wait E_0x5bf8d831bab0;
    %delay 20, 0;
    %pushi/vec4 2, 0, 2;
    %load/vec4 v0x5bf8d832dfd0_0;
    %concat/vec4; draw_concat_vec4
    %split/vec4 8;
    %assign/vec4 v0x5bf8d832a4c0_0, 0;
    %split/vec4 1;
    %assign/vec4 v0x5bf8d832be30_0, 0;
    %assign/vec4 v0x5bf8d832c670_0, 0;
    %pushi/vec4 1, 0, 1;
    %ix/load 3, 3, 0;
    %flag_set/imm 4, 0;
    %ix/load 4, 0, 0; Constant delay
    %assign/vec4/a/d v0x5bf8d832f8b0, 0, 4;
T_13.896 ;
    %jmp T_13.890;
T_13.889 ;
    %ix/load 4, 0, 0;
    %flag_set/imm 4, 0;
    %load/vec4a v0x5bf8d832ead0, 4;
    %cmpi/ne 0, 0, 32;
    %flag_get/vec4 4;
    %jmp/0 T_13.901, 4;
    %ix/load 4, 0, 0;
    %flag_set/imm 4, 0;
    %load/vec4a v0x5bf8d832e3b0, 4;
    %pushi/vec4 0, 0, 32;
    %cmp/ne;
    %flag_get/vec4 4;
    %and;
T_13.901;
    %flag_set/vec4 10;
    %flag_get/vec4 10;
    %jmp/0 T_13.900, 10;
    %load/vec4 v0x5bf8d832ed30_0;
    %pushi/vec4 0, 0, 32;
    %cmp/ne;
    %flag_get/vec4 4;
    %and;
T_13.900;
    %flag_set/vec4 9;
    %flag_get/vec4 9;
    %jmp/0 T_13.899, 9;
    %ix/load 4, 2, 0;
    %flag_set/imm 4, 0;
    %load/vec4a v0x5bf8d832f8b0, 4;
    %pad/u 32;
    %pushi/vec4 0, 0, 32;
    %cmp/e;
    %flag_get/vec4 4;
    %and;
T_13.899;
    %flag_set/vec4 8;
    %jmp/0xz  T_13.897, 8;
    %ix/load 4, 2, 0;
    %flag_set/imm 4, 0;
    %load/vec4a v0x5bf8d8331480, 4;
    %pad/u 32;
    %cmpi/ne 1, 0, 32;
    %jmp/0xz  T_13.902, 6;
    %vpi_call/w 3 891 "$display" {0 0 0};
    %vpi_call/w 3 892 "$display", "%12s ***time = %0d,READ STRESS TEST***", "\000", $time {0 0 0};
    %vpi_call/w 3 893 "$display", "%12s ***(READ FROM FULL UNTIL EMPTY)***", "\000" {0 0 0};
    %vpi_call/w 3 894 "$display" {0 0 0};
    %pushi/vec4 1, 0, 1;
    %ix/load 4, 2, 0;
    %flag_set/imm 4, 0;
    %store/vec4a v0x5bf8d8331480, 4, 0;
T_13.902 ;
    %ix/load 4, 2, 0;
    %flag_set/imm 4, 0;
    %load/vec4a v0x5bf8d832f5d0, 4;
    %flag_set/vec4 8;
    %jmp/0xz  T_13.904, 8;
    %ix/load 4, 2, 0;
    %flag_set/imm 4, 0;
    %load/vec4a v0x5bf8d832f5d0, 4;
    %flag_set/vec4 10;
    %flag_get/vec4 10;
    %jmp/0 T_13.909, 10;
    %load/vec4 v0x5bf8d832b780_0;
    %load/vec4 v0x5bf8d832aef0_0;
    %concat/vec4; draw_concat_vec4
    %pushi/vec4 2, 0, 2;
    %cmp/e;
    %flag_get/vec4 4;
    %and;
T_13.909;
    %flag_set/vec4 9;
    %flag_get/vec4 9;
    %jmp/0 T_13.908, 9;
    %load/vec4 v0x5bf8d832b6a0_0;
    %pushi/vec4 0, 0, 5;
    %cmp/e;
    %flag_get/vec4 4;
    %and;
T_13.908;
    %flag_set/vec4 8;
    %jmp/0xz  T_13.906, 8;
    %pushi/vec4 2, 0, 2;
    %load/vec4 v0x5bf8d832dfd0_0;
    %concat/vec4; draw_concat_vec4
    %split/vec4 8;
    %store/vec4 v0x5bf8d832a4c0_0, 0, 8;
    %split/vec4 1;
    %store/vec4 v0x5bf8d832be30_0, 0, 1;
    %store/vec4 v0x5bf8d832c670_0, 0, 1;
    %pushi/vec4 0, 0, 1;
    %ix/load 4, 2, 0;
    %flag_set/imm 4, 0;
    %store/vec4a v0x5bf8d832f5d0, 4, 0;
    %pushi/vec4 1, 0, 32;
    %store/vec4 v0x5bf8d832e610_0, 0, 32;
    %jmp T_13.907;
T_13.906 ;
    %pushi/vec4 0, 0, 2;
    %load/vec4 v0x5bf8d832dfd0_0;
    %concat/vec4; draw_concat_vec4
    %split/vec4 8;
    %store/vec4 v0x5bf8d832a4c0_0, 0, 8;
    %split/vec4 1;
    %store/vec4 v0x5bf8d832be30_0, 0, 1;
    %store/vec4 v0x5bf8d832c670_0, 0, 1;
T_13.907 ;
    %jmp T_13.905;
T_13.904 ;
    %load/vec4 v0x5bf8d8330b10_0;
    %flag_set/vec4 9;
    %flag_get/vec4 9;
    %jmp/0 T_13.912, 9;
    %load/vec4 v0x5bf8d8330a50_0;
    %and;
T_13.912;
    %flag_set/vec4 8;
    %jmp/0xz  T_13.910, 8;
    %load/vec4 v0x5bf8d8330990_0;
    %nor/r;
    %flag_set/vec4 9;
    %flag_get/vec4 9;
    %jmp/0 T_13.915, 9;
    %ix/load 4, 0, 0;
    %flag_set/imm 4, 0;
    %load/vec4a v0x5bf8d832fc30, 4;
    %pad/u 32;
    %pushi/vec4 1, 0, 32;
    %cmp/ne;
    %flag_get/vec4 6;
    %and;
T_13.915;
    %flag_set/vec4 8;
    %jmp/0xz  T_13.913, 8;
    %pushi/vec4 1, 0, 2;
    %load/vec4 v0x5bf8d832dfd0_0;
    %concat/vec4; draw_concat_vec4
    %split/vec4 8;
    %store/vec4 v0x5bf8d832a4c0_0, 0, 8;
    %split/vec4 1;
    %store/vec4 v0x5bf8d832be30_0, 0, 1;
    %store/vec4 v0x5bf8d832c670_0, 0, 1;
    %jmp T_13.914;
T_13.913 ;
    %load/vec4 v0x5bf8d8330990_0;
    %flag_set/vec4 8;
    %jmp/0xz  T_13.916, 8;
    %pushi/vec4 0, 0, 2;
    %load/vec4 v0x5bf8d832dfd0_0;
    %concat/vec4; draw_concat_vec4
    %split/vec4 8;
    %store/vec4 v0x5bf8d832a4c0_0, 0, 8;
    %split/vec4 1;
    %store/vec4 v0x5bf8d832be30_0, 0, 1;
    %store/vec4 v0x5bf8d832c670_0, 0, 1;
    %pushi/vec4 1, 0, 1;
    %ix/load 4, 0, 0;
    %flag_set/imm 4, 0;
    %store/vec4a v0x5bf8d832fc30, 4, 0;
T_13.916 ;
T_13.914 ;
T_13.910 ;
T_13.905 ;
    %jmp T_13.898;
T_13.897 ;
    %ix/load 4, 0, 0;
    %flag_set/imm 4, 0;
    %load/vec4a v0x5bf8d832ead0, 4;
    %cmpi/ne 0, 0, 32;
    %flag_get/vec4 4;
    %jmp/0 T_13.921, 4;
    %ix/load 4, 0, 0;
    %flag_set/imm 4, 0;
    %load/vec4a v0x5bf8d832e3b0, 4;
    %pushi/vec4 0, 0, 32;
    %cmp/ne;
    %flag_get/vec4 4;
    %and;
T_13.921;
    %flag_set/vec4 9;
    %flag_get/vec4 9;
    %jmp/0 T_13.920, 9;
    %ix/load 4, 1, 0;
    %flag_set/imm 4, 0;
    %load/vec4a v0x5bf8d832f5d0, 4;
    %pad/u 32;
    %pushi/vec4 0, 0, 32;
    %cmp/e;
    %flag_get/vec4 4;
    %and;
T_13.920;
    %flag_set/vec4 8;
    %jmp/0xz  T_13.918, 8;
    %ix/load 4, 2, 0;
    %flag_set/imm 4, 0;
    %load/vec4a v0x5bf8d8331660, 4;
    %pad/u 32;
    %cmpi/ne 1, 0, 32;
    %jmp/0xz  T_13.922, 6;
    %vpi_call/w 3 936 "$display" {0 0 0};
    %vpi_call/w 3 937 "$display", "%12s ***time = %0d,WRITE STRESS TEST***", "\000", $time {0 0 0};
    %vpi_call/w 3 938 "$display", "%12s ***(WRITE FROM EMPTY UNTIL FULL)***", "\000" {0 0 0};
    %vpi_call/w 3 939 "$display" {0 0 0};
    %pushi/vec4 1, 0, 1;
    %ix/load 4, 2, 0;
    %flag_set/imm 4, 0;
    %store/vec4a v0x5bf8d8331660, 4, 0;
T_13.922 ;
    %ix/load 4, 2, 0;
    %flag_set/imm 4, 0;
    %load/vec4a v0x5bf8d832f8b0, 4;
    %flag_set/vec4 8;
    %jmp/0xz  T_13.924, 8;
    %pushi/vec4 2, 0, 2;
    %load/vec4 v0x5bf8d832dfd0_0;
    %concat/vec4; draw_concat_vec4
    %split/vec4 8;
    %store/vec4 v0x5bf8d832a4c0_0, 0, 8;
    %split/vec4 1;
    %store/vec4 v0x5bf8d832be30_0, 0, 1;
    %store/vec4 v0x5bf8d832c670_0, 0, 1;
    %jmp T_13.925;
T_13.924 ;
    %load/vec4 v0x5bf8d8330b10_0;
    %flag_set/vec4 10;
    %flag_get/vec4 10;
    %jmp/0 T_13.929, 10;
    %load/vec4 v0x5bf8d8330a50_0;
    %and;
T_13.929;
    %flag_set/vec4 9;
    %flag_get/vec4 9;
    %jmp/0 T_13.928, 9;
    %load/vec4 v0x5bf8d832ed30_0;
    %pushi/vec4 1, 0, 32;
    %cmp/ne;
    %flag_get/vec4 6;
    %and;
T_13.928;
    %flag_set/vec4 8;
    %jmp/0xz  T_13.926, 8;
    %load/vec4 v0x5bf8d8330990_0;
    %nor/r;
    %flag_set/vec4 8;
    %jmp/0xz  T_13.930, 8;
    %pushi/vec4 1, 0, 2;
    %load/vec4 v0x5bf8d832dfd0_0;
    %concat/vec4; draw_concat_vec4
    %split/vec4 8;
    %store/vec4 v0x5bf8d832a4c0_0, 0, 8;
    %split/vec4 1;
    %store/vec4 v0x5bf8d832be30_0, 0, 1;
    %store/vec4 v0x5bf8d832c670_0, 0, 1;
    %jmp T_13.931;
T_13.930 ;
    %load/vec4 v0x5bf8d8330990_0;
    %flag_set/vec4 8;
    %jmp/0xz  T_13.932, 8;
    %pushi/vec4 0, 0, 2;
    %load/vec4 v0x5bf8d832dfd0_0;
    %concat/vec4; draw_concat_vec4
    %split/vec4 8;
    %store/vec4 v0x5bf8d832a4c0_0, 0, 8;
    %split/vec4 1;
    %store/vec4 v0x5bf8d832be30_0, 0, 1;
    %store/vec4 v0x5bf8d832c670_0, 0, 1;
    %pushi/vec4 1, 0, 1;
    %ix/load 4, 2, 0;
    %flag_set/imm 4, 0;
    %store/vec4a v0x5bf8d832f8b0, 4, 0;
T_13.932 ;
T_13.931 ;
T_13.926 ;
T_13.925 ;
    %jmp T_13.919;
T_13.918 ;
    %ix/load 4, 0, 0;
    %flag_set/imm 4, 0;
    %load/vec4a v0x5bf8d832ead0, 4;
    %cmpi/ne 0, 0, 32;
    %flag_get/vec4 4;
    %jmp/0 T_13.936, 4;
    %ix/load 4, 1, 0;
    %flag_set/imm 4, 0;
    %load/vec4a v0x5bf8d832f8b0, 4;
    %pad/u 32;
    %pushi/vec4 0, 0, 32;
    %cmp/e;
    %flag_get/vec4 4;
    %and;
T_13.936;
    %flag_set/vec4 8;
    %jmp/0xz  T_13.934, 8;
    %ix/load 4, 3, 0;
    %flag_set/imm 4, 0;
    %load/vec4a v0x5bf8d8331480, 4;
    %pad/u 32;
    %cmpi/ne 1, 0, 32;
    %jmp/0xz  T_13.937, 6;
    %vpi_call/w 3 974 "$display" {0 0 0};
    %vpi_call/w 3 975 "$display", "%12s ***time = %0d,GENERAL_READ_TEST***", "\000", $time {0 0 0};
    %vpi_call/w 3 976 "$display" {0 0 0};
    %pushi/vec4 1, 0, 1;
    %ix/load 4, 3, 0;
    %flag_set/imm 4, 0;
    %store/vec4a v0x5bf8d8331480, 4, 0;
T_13.937 ;
    %ix/load 4, 1, 0;
    %flag_set/imm 4, 0;
    %load/vec4a v0x5bf8d832f8b0, 4;
    %flag_set/vec4 8;
    %jmp/0xz  T_13.939, 8;
    %pushi/vec4 2, 0, 2;
    %load/vec4 v0x5bf8d832dfd0_0;
    %concat/vec4; draw_concat_vec4
    %split/vec4 8;
    %store/vec4 v0x5bf8d832a4c0_0, 0, 8;
    %split/vec4 1;
    %store/vec4 v0x5bf8d832be30_0, 0, 1;
    %store/vec4 v0x5bf8d832c670_0, 0, 1;
    %jmp T_13.940;
T_13.939 ;
    %ix/load 4, 0, 0;
    %flag_set/imm 4, 0;
    %load/vec4a v0x5bf8d832f5d0, 4;
    %flag_set/vec4 8;
    %jmp/0xz  T_13.941, 8;
    %ix/load 4, 0, 0;
    %flag_set/imm 4, 0;
    %load/vec4a v0x5bf8d832f5d0, 4;
    %flag_set/vec4 10;
    %flag_get/vec4 10;
    %jmp/0 T_13.946, 10;
    %load/vec4 v0x5bf8d832b780_0;
    %load/vec4 v0x5bf8d832aef0_0;
    %concat/vec4; draw_concat_vec4
    %pushi/vec4 2, 0, 2;
    %cmp/e;
    %flag_get/vec4 4;
    %and;
T_13.946;
    %flag_set/vec4 9;
    %flag_get/vec4 9;
    %jmp/0 T_13.945, 9;
    %load/vec4 v0x5bf8d832b6a0_0;
    %pushi/vec4 0, 0, 5;
    %cmp/e;
    %flag_get/vec4 4;
    %and;
T_13.945;
    %flag_set/vec4 8;
    %jmp/0xz  T_13.943, 8;
    %pushi/vec4 2, 0, 2;
    %load/vec4 v0x5bf8d832dfd0_0;
    %concat/vec4; draw_concat_vec4
    %split/vec4 8;
    %store/vec4 v0x5bf8d832a4c0_0, 0, 8;
    %split/vec4 1;
    %store/vec4 v0x5bf8d832be30_0, 0, 1;
    %store/vec4 v0x5bf8d832c670_0, 0, 1;
    %pushi/vec4 0, 0, 1;
    %ix/load 4, 0, 0;
    %flag_set/imm 4, 0;
    %store/vec4a v0x5bf8d832f5d0, 4, 0;
    %jmp T_13.944;
T_13.943 ;
    %pushi/vec4 0, 0, 2;
    %load/vec4 v0x5bf8d832dfd0_0;
    %concat/vec4; draw_concat_vec4
    %split/vec4 8;
    %store/vec4 v0x5bf8d832a4c0_0, 0, 8;
    %split/vec4 1;
    %store/vec4 v0x5bf8d832be30_0, 0, 1;
    %store/vec4 v0x5bf8d832c670_0, 0, 1;
T_13.944 ;
    %jmp T_13.942;
T_13.941 ;
    %ix/load 4, 1, 0;
    %flag_set/imm 4, 0;
    %load/vec4a v0x5bf8d832f5d0, 4;
    %flag_set/vec4 8;
    %jmp/0xz  T_13.947, 8;
    %ix/load 4, 1, 0;
    %flag_set/imm 4, 0;
    %load/vec4a v0x5bf8d832f5d0, 4;
    %flag_set/vec4 10;
    %flag_get/vec4 10;
    %jmp/0 T_13.952, 10;
    %load/vec4 v0x5bf8d832b780_0;
    %load/vec4 v0x5bf8d832aef0_0;
    %concat/vec4; draw_concat_vec4
    %pushi/vec4 2, 0, 2;
    %cmp/e;
    %flag_get/vec4 4;
    %and;
T_13.952;
    %flag_set/vec4 9;
    %flag_get/vec4 9;
    %jmp/0 T_13.951, 9;
    %load/vec4 v0x5bf8d832b6a0_0;
    %pushi/vec4 0, 0, 5;
    %cmp/e;
    %flag_get/vec4 4;
    %and;
T_13.951;
    %flag_set/vec4 8;
    %jmp/0xz  T_13.949, 8;
    %pushi/vec4 2, 0, 2;
    %load/vec4 v0x5bf8d832dfd0_0;
    %concat/vec4; draw_concat_vec4
    %split/vec4 8;
    %store/vec4 v0x5bf8d832a4c0_0, 0, 8;
    %split/vec4 1;
    %store/vec4 v0x5bf8d832be30_0, 0, 1;
    %store/vec4 v0x5bf8d832c670_0, 0, 1;
    %pushi/vec4 0, 0, 1;
    %ix/load 4, 1, 0;
    %flag_set/imm 4, 0;
    %store/vec4a v0x5bf8d832f5d0, 4, 0;
    %jmp T_13.950;
T_13.949 ;
    %pushi/vec4 0, 0, 2;
    %load/vec4 v0x5bf8d832dfd0_0;
    %concat/vec4; draw_concat_vec4
    %split/vec4 8;
    %store/vec4 v0x5bf8d832a4c0_0, 0, 8;
    %split/vec4 1;
    %store/vec4 v0x5bf8d832be30_0, 0, 1;
    %store/vec4 v0x5bf8d832c670_0, 0, 1;
T_13.950 ;
    %jmp T_13.948;
T_13.947 ;
    %ix/load 4, 1, 0;
    %flag_set/imm 4, 0;
    %load/vec4a v0x5bf8d832e3b0, 4;
    %cmpi/ne 1, 0, 32;
    %jmp/0xz  T_13.953, 6;
    %ix/load 4, 4, 0;
    %flag_set/imm 4, 0;
    %load/vec4a v0x5bf8d8331480, 4;
    %pad/u 32;
    %cmpi/ne 1, 0, 32;
    %jmp/0xz  T_13.955, 6;
    %vpi_call/w 3 1018 "$display" {0 0 0};
    %vpi_call/w 3 1019 "$display", "%12s ***time = %0d,TEST for prev_state_r = !EMPTY_EXPECTED and current_state = {R_RST,R_EN}***", "\000", $time {0 0 0};
    %vpi_call/w 3 1020 "$display" {0 0 0};
    %pushi/vec4 1, 0, 1;
    %ix/load 4, 4, 0;
    %flag_set/imm 4, 0;
    %store/vec4a v0x5bf8d8331480, 4, 0;
T_13.955 ;
    %fork t_77, S_0x5bf8d8327f50;
    %jmp t_76;
    .scope S_0x5bf8d8327f50;
t_77 ;
    %pushi/vec4 0, 0, 32;
    %store/vec4 v0x5bf8d8328130_0, 0, 32;
T_13.957 ;
    %load/vec4 v0x5bf8d8328130_0;
    %cmpi/s 3, 0, 32;
    %jmp/0xz T_13.958, 5;
    %pushi/vec4 0, 0, 1;
    %ix/getv/s 4, v0x5bf8d8328130_0;
    %store/vec4a v0x5bf8d8330290, 4, 0;
    ; show_stmt_assign_vector: Get l-value for compressed += operand
    %load/vec4 v0x5bf8d8328130_0;
    %pushi/vec4 1, 0, 32;
    %add;
    %cast2;
    %store/vec4 v0x5bf8d8328130_0, 0, 32;
    %jmp T_13.957;
T_13.958 ;
    %end;
    .scope S_0x5bf8d8323a40;
t_76 %join;
    %fork t_79, S_0x5bf8d8323f20;
    %jmp t_78;
    .scope S_0x5bf8d8323f20;
t_79 ;
    %pushi/vec4 0, 0, 32;
    %store/vec4 v0x5bf8d8324120_0, 0, 32;
T_13.959 ;
    %load/vec4 v0x5bf8d8324120_0;
    %cmpi/s 3, 0, 32;
    %jmp/0xz T_13.960, 5;
    %load/vec4 v0x5bf8d8324120_0;
    %addi 7, 0, 32;
    %ix/vec4/s 4;
    %load/vec4a v0x5bf8d832e7d0, 4;
    %nor/r;
    %flag_set/vec4 9;
    %flag_get/vec4 9;
    %jmp/0 T_13.963, 9;
    %ix/load 4, 0, 0;
    %flag_set/imm 4, 0;
    %load/vec4a v0x5bf8d8330290, 4;
    %nor/r;
    %and;
T_13.963;
    %flag_set/vec4 8;
    %jmp/0xz  T_13.961, 8;
    %pushi/vec4 1, 0, 2;
    %load/vec4 v0x5bf8d832dfd0_0;
    %concat/vec4; draw_concat_vec4
    %split/vec4 8;
    %store/vec4 v0x5bf8d832a4c0_0, 0, 8;
    %split/vec4 1;
    %store/vec4 v0x5bf8d832be30_0, 0, 1;
    %store/vec4 v0x5bf8d832c670_0, 0, 1;
    %pushi/vec4 1, 0, 1;
    %ix/load 4, 0, 0;
    %flag_set/imm 4, 0;
    %store/vec4a v0x5bf8d8330290, 4, 0;
T_13.961 ;
    ; show_stmt_assign_vector: Get l-value for compressed += operand
    %load/vec4 v0x5bf8d8324120_0;
    %pushi/vec4 1, 0, 32;
    %add;
    %cast2;
    %store/vec4 v0x5bf8d8324120_0, 0, 32;
    %jmp T_13.959;
T_13.960 ;
    %end;
    .scope S_0x5bf8d8323a40;
t_78 %join;
    %jmp T_13.954;
T_13.953 ;
    %ix/load 4, 1, 0;
    %flag_set/imm 4, 0;
    %load/vec4a v0x5bf8d832e3b0, 4;
    %cmpi/ne 0, 0, 32;
    %jmp/0xz  T_13.964, 4;
    %ix/load 4, 5, 0;
    %flag_set/imm 4, 0;
    %load/vec4a v0x5bf8d8331480, 4;
    %pad/u 32;
    %cmpi/ne 1, 0, 32;
    %jmp/0xz  T_13.966, 6;
    %vpi_call/w 3 1041 "$display" {0 0 0};
    %vpi_call/w 3 1042 "$display", "%12s ***time = %0d, TEST for prev_state_r = EMPTY_EXPECTED and current_state = {R_RST,R_EN}***", "\000", $time {0 0 0};
    %vpi_call/w 3 1043 "$display" {0 0 0};
    %pushi/vec4 1, 0, 1;
    %ix/load 4, 5, 0;
    %flag_set/imm 4, 0;
    %store/vec4a v0x5bf8d8331480, 4, 0;
T_13.966 ;
    %fork t_81, S_0x5bf8d8324200;
    %jmp t_80;
    .scope S_0x5bf8d8324200;
t_81 ;
    %pushi/vec4 0, 0, 32;
    %store/vec4 v0x5bf8d83243e0_0, 0, 32;
T_13.968 ;
    %load/vec4 v0x5bf8d83243e0_0;
    %cmpi/s 3, 0, 32;
    %jmp/0xz T_13.969, 5;
    %load/vec4 v0x5bf8d83243e0_0;
    %addi 10, 0, 32;
    %ix/vec4/s 4;
    %load/vec4a v0x5bf8d832e7d0, 4;
    %nor/r;
    %flag_set/vec4 10;
    %flag_get/vec4 10;
    %jmp/0 T_13.973, 10;
    %ix/load 4, 1, 0;
    %flag_set/imm 4, 0;
    %load/vec4a v0x5bf8d8330290, 4;
    %nor/r;
    %and;
T_13.973;
    %flag_set/vec4 9;
    %flag_get/vec4 9;
    %jmp/0 T_13.972, 9;
    %ix/load 4, 1, 0;
    %flag_set/imm 4, 0;
    %load/vec4a v0x5bf8d832e3b0, 4;
    %pushi/vec4 0, 0, 32;
    %cmp/ne;
    %flag_get/vec4 4;
    %and;
T_13.972;
    %flag_set/vec4 8;
    %jmp/0xz  T_13.970, 8;
    %load/vec4 v0x5bf8d83308d0_0;
    %nor/r;
    %flag_set/vec4 8;
    %jmp/0xz  T_13.974, 8;
    %pushi/vec4 2, 0, 2;
    %load/vec4 v0x5bf8d832dfd0_0;
    %concat/vec4; draw_concat_vec4
    %split/vec4 8;
    %store/vec4 v0x5bf8d832a4c0_0, 0, 8;
    %split/vec4 1;
    %store/vec4 v0x5bf8d832be30_0, 0, 1;
    %store/vec4 v0x5bf8d832c670_0, 0, 1;
    %pushi/vec4 1, 0, 1;
    %ix/load 4, 1, 0;
    %flag_set/imm 4, 0;
    %store/vec4a v0x5bf8d8330290, 4, 0;
    %jmp T_13.975;
T_13.974 ;
    %pushi/vec4 0, 0, 2;
    %load/vec4 v0x5bf8d832dfd0_0;
    %concat/vec4; draw_concat_vec4
    %split/vec4 8;
    %store/vec4 v0x5bf8d832a4c0_0, 0, 8;
    %split/vec4 1;
    %store/vec4 v0x5bf8d832be30_0, 0, 1;
    %store/vec4 v0x5bf8d832c670_0, 0, 1;
    %pushi/vec4 1, 0, 1;
    %ix/load 4, 1, 0;
    %flag_set/imm 4, 0;
    %store/vec4a v0x5bf8d8330290, 4, 0;
T_13.975 ;
T_13.970 ;
    ; show_stmt_assign_vector: Get l-value for compressed += operand
    %load/vec4 v0x5bf8d83243e0_0;
    %pushi/vec4 1, 0, 32;
    %add;
    %cast2;
    %store/vec4 v0x5bf8d83243e0_0, 0, 32;
    %jmp T_13.968;
T_13.969 ;
    %end;
    .scope S_0x5bf8d8323a40;
t_80 %join;
T_13.964 ;
T_13.954 ;
T_13.948 ;
T_13.942 ;
T_13.940 ;
    %jmp T_13.935;
T_13.934 ;
    %ix/load 4, 3, 0;
    %flag_set/imm 4, 0;
    %load/vec4a v0x5bf8d8331660, 4;
    %pad/u 32;
    %cmpi/ne 1, 0, 32;
    %jmp/0xz  T_13.976, 6;
    %vpi_call/w 3 1074 "$display" {0 0 0};
    %vpi_call/w 3 1075 "$display", "%12s ***time = %0d,GENERAL_WRITE_TEST***", "\000", $time {0 0 0};
    %vpi_call/w 3 1076 "$display" {0 0 0};
    %pushi/vec4 1, 0, 1;
    %ix/load 4, 3, 0;
    %flag_set/imm 4, 0;
    %store/vec4a v0x5bf8d8331660, 4, 0;
T_13.976 ;
    %ix/load 4, 0, 0;
    %flag_set/imm 4, 0;
    %load/vec4a v0x5bf8d832f8b0, 4;
    %flag_set/vec4 8;
    %jmp/0xz  T_13.978, 8;
    %pushi/vec4 2, 0, 2;
    %load/vec4 v0x5bf8d832dfd0_0;
    %concat/vec4; draw_concat_vec4
    %split/vec4 8;
    %store/vec4 v0x5bf8d832a4c0_0, 0, 8;
    %split/vec4 1;
    %store/vec4 v0x5bf8d832be30_0, 0, 1;
    %store/vec4 v0x5bf8d832c670_0, 0, 1;
    %jmp T_13.979;
T_13.978 ;
    %ix/load 4, 4, 0;
    %flag_set/imm 4, 0;
    %load/vec4a v0x5bf8d8331660, 4;
    %pad/u 32;
    %cmpi/ne 1, 0, 32;
    %jmp/0xz  T_13.980, 6;
    %vpi_call/w 3 1093 "$display" {0 0 0};
    %vpi_call/w 3 1094 "$display", "%12s ***time = %0d, TEST for prev_state_w = !FULL_EXPECTED and current_state = {W_RST,W_EN}***", "\000", $time {0 0 0};
    %vpi_call/w 3 1095 "$display" {0 0 0};
    %pushi/vec4 1, 0, 1;
    %ix/load 4, 4, 0;
    %flag_set/imm 4, 0;
    %store/vec4a v0x5bf8d8331660, 4, 0;
T_13.980 ;
    %pushi/vec4 0, 0, 1;
    %ix/load 4, 0, 0;
    %flag_set/imm 4, 0;
    %store/vec4a v0x5bf8d83303d0, 4, 0;
    %fork t_83, S_0x5bf8d83244c0;
    %jmp t_82;
    .scope S_0x5bf8d83244c0;
t_83 ;
    %pushi/vec4 0, 0, 32;
    %store/vec4 v0x5bf8d83246a0_0, 0, 32;
T_13.982 ;
    %load/vec4 v0x5bf8d83246a0_0;
    %cmpi/s 3, 0, 32;
    %jmp/0xz T_13.983, 5;
    %load/vec4 v0x5bf8d83246a0_0;
    %addi 7, 0, 32;
    %ix/vec4/s 4;
    %load/vec4a v0x5bf8d832eef0, 4;
    %nor/r;
    %flag_set/vec4 11;
    %flag_get/vec4 11;
    %jmp/0 T_13.988, 11;
    %ix/load 4, 0, 0;
    %flag_set/imm 4, 0;
    %load/vec4a v0x5bf8d83303d0, 4;
    %nor/r;
    %and;
T_13.988;
    %flag_set/vec4 10;
    %flag_get/vec4 10;
    %jmp/0 T_13.987, 10;
    %load/vec4 v0x5bf8d8330b10_0;
    %and;
T_13.987;
    %flag_set/vec4 9;
    %flag_get/vec4 9;
    %jmp/0 T_13.986, 9;
    %load/vec4 v0x5bf8d8330a50_0;
    %and;
T_13.986;
    %flag_set/vec4 8;
    %jmp/0xz  T_13.984, 8;
    %load/vec4 v0x5bf8d8330990_0;
    %flag_set/vec4 8;
    %jmp/0xz  T_13.989, 8;
    %pushi/vec4 2, 0, 2;
    %load/vec4 v0x5bf8d832dfd0_0;
    %concat/vec4; draw_concat_vec4
    %split/vec4 8;
    %store/vec4 v0x5bf8d832a4c0_0, 0, 8;
    %split/vec4 1;
    %store/vec4 v0x5bf8d832be30_0, 0, 1;
    %store/vec4 v0x5bf8d832c670_0, 0, 1;
    %pushi/vec4 1, 0, 1;
    %ix/load 4, 0, 0;
    %flag_set/imm 4, 0;
    %store/vec4a v0x5bf8d83303d0, 4, 0;
    %jmp T_13.990;
T_13.989 ;
    %load/vec4 v0x5bf8d83246a0_0;
    %parti/s 2, 0, 2;
    %load/vec4 v0x5bf8d832dfd0_0;
    %concat/vec4; draw_concat_vec4
    %split/vec4 8;
    %store/vec4 v0x5bf8d832a4c0_0, 0, 8;
    %split/vec4 1;
    %store/vec4 v0x5bf8d832be30_0, 0, 1;
    %store/vec4 v0x5bf8d832c670_0, 0, 1;
    %pushi/vec4 1, 0, 1;
    %ix/load 4, 0, 0;
    %flag_set/imm 4, 0;
    %store/vec4a v0x5bf8d83303d0, 4, 0;
    %pushi/vec4 1, 0, 1;
    %ix/load 4, 0, 0;
    %flag_set/imm 4, 0;
    %store/vec4a v0x5bf8d832f8b0, 4, 0;
T_13.990 ;
T_13.984 ;
    ; show_stmt_assign_vector: Get l-value for compressed += operand
    %load/vec4 v0x5bf8d83246a0_0;
    %pushi/vec4 1, 0, 32;
    %add;
    %cast2;
    %store/vec4 v0x5bf8d83246a0_0, 0, 32;
    %jmp T_13.982;
T_13.983 ;
    %end;
    .scope S_0x5bf8d8323a40;
t_82 %join;
T_13.979 ;
    %pushi/vec4 1, 0, 32;
    %ix/load 4, 1, 0;
    %flag_set/imm 4, 0;
    %store/vec4a v0x5bf8d832ead0, 4, 0;
    %fork t_85, S_0x5bf8d83247a0;
    %jmp t_84;
    .scope S_0x5bf8d83247a0;
t_85 ;
    %pushi/vec4 7, 0, 32;
    %store/vec4 v0x5bf8d83249d0_0, 0, 32;
T_13.991 ;
    %load/vec4 v0x5bf8d83249d0_0;
    %cmpi/s 10, 0, 32;
    %jmp/0xz T_13.992, 5;
    %ix/getv/s 4, v0x5bf8d83249d0_0;
    %load/vec4a v0x5bf8d832eef0, 4;
    %nor/r;
    %flag_set/vec4 8;
    %jmp/0xz  T_13.993, 8;
    %pushi/vec4 0, 0, 32;
    %ix/load 4, 1, 0;
    %flag_set/imm 4, 0;
    %store/vec4a v0x5bf8d832ead0, 4, 0;
T_13.993 ;
    ; show_stmt_assign_vector: Get l-value for compressed += operand
    %load/vec4 v0x5bf8d83249d0_0;
    %pushi/vec4 1, 0, 32;
    %add;
    %cast2;
    %store/vec4 v0x5bf8d83249d0_0, 0, 32;
    %jmp T_13.991;
T_13.992 ;
    %end;
    .scope S_0x5bf8d8323a40;
t_84 %join;
    %ix/load 4, 1, 0;
    %flag_set/imm 4, 0;
    %load/vec4a v0x5bf8d832f8b0, 4;
    %flag_set/vec4 8;
    %jmp/0xz  T_13.995, 8;
    %pushi/vec4 2, 0, 2;
    %load/vec4 v0x5bf8d832dfd0_0;
    %concat/vec4; draw_concat_vec4
    %split/vec4 8;
    %store/vec4 v0x5bf8d832a4c0_0, 0, 8;
    %split/vec4 1;
    %store/vec4 v0x5bf8d832be30_0, 0, 1;
    %store/vec4 v0x5bf8d832c670_0, 0, 1;
    %jmp T_13.996;
T_13.995 ;
    %ix/load 4, 5, 0;
    %flag_set/imm 4, 0;
    %load/vec4a v0x5bf8d8331660, 4;
    %pad/u 32;
    %cmpi/ne 1, 0, 32;
    %jmp/0xz  T_13.997, 6;
    %vpi_call/w 3 1138 "$display" {0 0 0};
    %vpi_call/w 3 1139 "$display", "%12s ***time = %0d,TEST for prev_state_w = FULL_EXPECTED and current_state = {W_RST,W_EN}***", "\000", $time {0 0 0};
    %vpi_call/w 3 1140 "$display" {0 0 0};
    %pushi/vec4 1, 0, 1;
    %ix/load 4, 5, 0;
    %flag_set/imm 4, 0;
    %store/vec4a v0x5bf8d8331660, 4, 0;
T_13.997 ;
    %pushi/vec4 0, 0, 1;
    %ix/load 4, 1, 0;
    %flag_set/imm 4, 0;
    %store/vec4a v0x5bf8d83303d0, 4, 0;
    %fork t_87, S_0x5bf8d8324ad0;
    %jmp t_86;
    .scope S_0x5bf8d8324ad0;
t_87 ;
    %pushi/vec4 0, 0, 32;
    %store/vec4 v0x5bf8d8324cb0_0, 0, 32;
T_13.999 ;
    %load/vec4 v0x5bf8d8324cb0_0;
    %cmpi/s 3, 0, 32;
    %jmp/0xz T_13.1000, 5;
    %load/vec4 v0x5bf8d8324cb0_0;
    %addi 10, 0, 32;
    %ix/vec4/s 4;
    %load/vec4a v0x5bf8d832eef0, 4;
    %nor/r;
    %flag_set/vec4 12;
    %flag_get/vec4 12;
    %jmp/0 T_13.1006, 12;
    %ix/load 4, 1, 0;
    %flag_set/imm 4, 0;
    %load/vec4a v0x5bf8d832ead0, 4;
    %pushi/vec4 0, 0, 32;
    %cmp/ne;
    %flag_get/vec4 4;
    %and;
T_13.1006;
    %flag_set/vec4 11;
    %flag_get/vec4 11;
    %jmp/0 T_13.1005, 11;
    %ix/load 4, 1, 0;
    %flag_set/imm 4, 0;
    %load/vec4a v0x5bf8d83303d0, 4;
    %nor/r;
    %and;
T_13.1005;
    %flag_set/vec4 10;
    %flag_get/vec4 10;
    %jmp/0 T_13.1004, 10;
    %load/vec4 v0x5bf8d8330b10_0;
    %and;
T_13.1004;
    %flag_set/vec4 9;
    %flag_get/vec4 9;
    %jmp/0 T_13.1003, 9;
    %load/vec4 v0x5bf8d8330a50_0;
    %and;
T_13.1003;
    %flag_set/vec4 8;
    %jmp/0xz  T_13.1001, 8;
    %load/vec4 v0x5bf8d8330990_0;
    %nor/r;
    %flag_set/vec4 8;
    %jmp/0xz  T_13.1007, 8;
    %pushi/vec4 1, 0, 2;
    %load/vec4 v0x5bf8d832dfd0_0;
    %concat/vec4; draw_concat_vec4
    %split/vec4 8;
    %store/vec4 v0x5bf8d832a4c0_0, 0, 8;
    %split/vec4 1;
    %store/vec4 v0x5bf8d832be30_0, 0, 1;
    %store/vec4 v0x5bf8d832c670_0, 0, 1;
    %pushi/vec4 1, 0, 1;
    %ix/load 4, 1, 0;
    %flag_set/imm 4, 0;
    %store/vec4a v0x5bf8d83303d0, 4, 0;
    %jmp T_13.1008;
T_13.1007 ;
    %load/vec4 v0x5bf8d8324cb0_0;
    %parti/s 2, 0, 2;
    %load/vec4 v0x5bf8d832dfd0_0;
    %concat/vec4; draw_concat_vec4
    %split/vec4 8;
    %store/vec4 v0x5bf8d832a4c0_0, 0, 8;
    %split/vec4 1;
    %store/vec4 v0x5bf8d832be30_0, 0, 1;
    %store/vec4 v0x5bf8d832c670_0, 0, 1;
    %pushi/vec4 1, 0, 1;
    %ix/load 4, 1, 0;
    %flag_set/imm 4, 0;
    %store/vec4a v0x5bf8d83303d0, 4, 0;
    %pushi/vec4 1, 0, 1;
    %ix/load 4, 1, 0;
    %flag_set/imm 4, 0;
    %store/vec4a v0x5bf8d832f8b0, 4, 0;
T_13.1008 ;
T_13.1001 ;
    ; show_stmt_assign_vector: Get l-value for compressed += operand
    %load/vec4 v0x5bf8d8324cb0_0;
    %pushi/vec4 1, 0, 32;
    %add;
    %cast2;
    %store/vec4 v0x5bf8d8324cb0_0, 0, 32;
    %jmp T_13.999;
T_13.1000 ;
    %end;
    .scope S_0x5bf8d8323a40;
t_86 %join;
T_13.996 ;
    %pushi/vec4 1, 0, 32;
    %ix/load 4, 2, 0;
    %flag_set/imm 4, 0;
    %store/vec4a v0x5bf8d832ead0, 4, 0;
    %fork t_89, S_0x5bf8d8324db0;
    %jmp t_88;
    .scope S_0x5bf8d8324db0;
t_89 ;
    %pushi/vec4 10, 0, 32;
    %store/vec4 v0x5bf8d8324f90_0, 0, 32;
T_13.1009 ;
    %load/vec4 v0x5bf8d8324f90_0;
    %cmpi/s 13, 0, 32;
    %jmp/0xz T_13.1010, 5;
    %ix/getv/s 4, v0x5bf8d8324f90_0;
    %load/vec4a v0x5bf8d832eef0, 4;
    %nor/r;
    %flag_set/vec4 8;
    %jmp/0xz  T_13.1011, 8;
    %pushi/vec4 0, 0, 32;
    %ix/load 4, 2, 0;
    %flag_set/imm 4, 0;
    %store/vec4a v0x5bf8d832ead0, 4, 0;
T_13.1011 ;
    ; show_stmt_assign_vector: Get l-value for compressed += operand
    %load/vec4 v0x5bf8d8324f90_0;
    %pushi/vec4 1, 0, 32;
    %add;
    %cast2;
    %store/vec4 v0x5bf8d8324f90_0, 0, 32;
    %jmp T_13.1009;
T_13.1010 ;
    %end;
    .scope S_0x5bf8d8323a40;
t_88 %join;
    %load/vec4 v0x5bf8d8330b10_0;
    %flag_set/vec4 9;
    %flag_get/vec4 9;
    %jmp/0 T_13.1015, 9;
    %load/vec4 v0x5bf8d8330a50_0;
    %and;
T_13.1015;
    %flag_set/vec4 8;
    %jmp/0xz  T_13.1013, 8;
    %load/vec4 v0x5bf8d8330990_0;
    %load/vec4 v0x5bf8d832c670_0;
    %concat/vec4; draw_concat_vec4
    %load/vec4 v0x5bf8d832be30_0;
    %concat/vec4; draw_concat_vec4
    %cmpi/u 3, 0, 3;
    %jmp/0xz  T_13.1016, 5;
    ; show_stmt_assign_vector: Get l-value for compressed += operand
    %load/vec4 v0x5bf8d8330990_0;
    %load/vec4 v0x5bf8d832c670_0;
    %concat/vec4; draw_concat_vec4
    %load/vec4 v0x5bf8d832be30_0;
    %concat/vec4; draw_concat_vec4
    %pad/u 32;
    %addi 7, 0, 32;
    %ix/vec4 4;
    %flag_mov 8, 4;
    %load/vec4a v0x5bf8d832eef0, 4;
    %pushi/vec4 1, 0, 32;
    %add;
    %flag_mov 4, 8;
    %store/vec4a v0x5bf8d832eef0, 4, 0;
    %jmp T_13.1017;
T_13.1016 ;
    %load/vec4 v0x5bf8d8330990_0;
    %load/vec4 v0x5bf8d832c670_0;
    %concat/vec4; draw_concat_vec4
    %load/vec4 v0x5bf8d832be30_0;
    %concat/vec4; draw_concat_vec4
    %cmpi/u 3, 0, 3;
    %flag_or 5, 4; GT is !LE
    %flag_inv 5;
    %jmp/0xz  T_13.1018, 5;
    ; show_stmt_assign_vector: Get l-value for compressed += operand
    %load/vec4 v0x5bf8d8330990_0;
    %load/vec4 v0x5bf8d832c670_0;
    %concat/vec4; draw_concat_vec4
    %load/vec4 v0x5bf8d832be30_0;
    %concat/vec4; draw_concat_vec4
    %pad/u 32;
    %addi 6, 0, 32;
    %ix/vec4 4;
    %flag_mov 8, 4;
    %load/vec4a v0x5bf8d832eef0, 4;
    %pushi/vec4 1, 0, 32;
    %add;
    %flag_mov 4, 8;
    %store/vec4a v0x5bf8d832eef0, 4, 0;
T_13.1018 ;
T_13.1017 ;
T_13.1013 ;
    %pushi/vec4 1, 0, 32;
    %ix/load 4, 0, 0;
    %flag_set/imm 4, 0;
    %store/vec4a v0x5bf8d832ead0, 4, 0;
    %fork t_91, S_0x5bf8d8325090;
    %jmp t_90;
    .scope S_0x5bf8d8325090;
t_91 ;
    %pushi/vec4 7, 0, 32;
    %store/vec4 v0x5bf8d8325270_0, 0, 32;
T_13.1020 ;
    %load/vec4 v0x5bf8d8325270_0;
    %cmpi/s 13, 0, 32;
    %jmp/0xz T_13.1021, 5;
    %ix/getv/s 4, v0x5bf8d8325270_0;
    %load/vec4a v0x5bf8d832eef0, 4;
    %nor/r;
    %flag_set/vec4 8;
    %jmp/0xz  T_13.1022, 8;
    %pushi/vec4 0, 0, 32;
    %ix/load 4, 0, 0;
    %flag_set/imm 4, 0;
    %store/vec4a v0x5bf8d832ead0, 4, 0;
T_13.1022 ;
    %pushi/vec4 1, 0, 1;
    %store/vec4 v0x5bf8d8330b10_0, 0, 1;
    %ix/load 4, 0, 0;
    %flag_set/imm 4, 0;
    %load/vec4a v0x5bf8d832f8b0, 4;
    %flag_set/vec4 8;
    %jmp/1 T_13.1028, 8;
    %ix/load 4, 1, 0;
    %flag_set/imm 4, 0;
    %load/vec4a v0x5bf8d832f8b0, 4;
    %flag_set/vec4 9;
    %flag_or 8, 9;
T_13.1028;
    %jmp/1 T_13.1027, 8;
    %ix/load 4, 2, 0;
    %flag_set/imm 4, 0;
    %load/vec4a v0x5bf8d832f8b0, 4;
    %flag_set/vec4 9;
    %flag_or 8, 9;
T_13.1027;
    %jmp/1 T_13.1026, 8;
    %ix/load 4, 3, 0;
    %flag_set/imm 4, 0;
    %load/vec4a v0x5bf8d832f8b0, 4;
    %flag_set/vec4 9;
    %flag_or 8, 9;
T_13.1026;
    %jmp/0xz  T_13.1024, 8;
    %pushi/vec4 0, 0, 1;
    %store/vec4 v0x5bf8d8330b10_0, 0, 1;
T_13.1024 ;
    ; show_stmt_assign_vector: Get l-value for compressed += operand
    %load/vec4 v0x5bf8d8325270_0;
    %pushi/vec4 1, 0, 32;
    %add;
    %cast2;
    %store/vec4 v0x5bf8d8325270_0, 0, 32;
    %jmp T_13.1020;
T_13.1021 ;
    %end;
    .scope S_0x5bf8d8323a40;
t_90 %join;
T_13.935 ;
T_13.919 ;
T_13.898 ;
T_13.890 ;
T_13.877 ;
T_13.868 ;
T_13.852 ;
T_13.847 ;
    %jmp T_13.840;
T_13.839 ;
    %pushi/vec4 1, 0, 1;
    %store/vec4 v0x5bf8d8330b10_0, 0, 1;
    %ix/load 4, 0, 0;
    %flag_set/imm 4, 0;
    %load/vec4a v0x5bf8d832f8b0, 4;
    %flag_set/vec4 8;
    %jmp/1 T_13.1033, 8;
    %ix/load 4, 1, 0;
    %flag_set/imm 4, 0;
    %load/vec4a v0x5bf8d832f8b0, 4;
    %flag_set/vec4 9;
    %flag_or 8, 9;
T_13.1033;
    %jmp/1 T_13.1032, 8;
    %ix/load 4, 2, 0;
    %flag_set/imm 4, 0;
    %load/vec4a v0x5bf8d832f8b0, 4;
    %flag_set/vec4 9;
    %flag_or 8, 9;
T_13.1032;
    %jmp/1 T_13.1031, 8;
    %ix/load 4, 3, 0;
    %flag_set/imm 4, 0;
    %load/vec4a v0x5bf8d832f8b0, 4;
    %flag_set/vec4 9;
    %flag_or 8, 9;
T_13.1031;
    %jmp/0xz  T_13.1029, 8;
    %pushi/vec4 0, 0, 1;
    %store/vec4 v0x5bf8d8330b10_0, 0, 1;
T_13.1029 ;
    %load/vec4 v0x5bf8d832f150_0;
    %flag_set/vec4 9;
    %flag_get/vec4 9;
    %jmp/0 T_13.1036, 9;
    %ix/load 4, 4, 0;
    %flag_set/imm 4, 0;
    %load/vec4a v0x5bf8d832f5d0, 4;
    %pad/u 32;
    %pushi/vec4 0, 0, 32;
    %cmp/e;
    %flag_get/vec4 4;
    %and;
T_13.1036;
    %flag_set/vec4 8;
    %jmp/0xz  T_13.1034, 8;
    %load/vec4 v0x5bf8d832e170_0;
    %pad/u 32;
    %cmpi/ne 1, 0, 32;
    %jmp/0xz  T_13.1037, 6;
    %pushi/vec4 2, 0, 2;
    %load/vec4 v0x5bf8d832dfd0_0;
    %concat/vec4; draw_concat_vec4
    %split/vec4 8;
    %store/vec4 v0x5bf8d832a4c0_0, 0, 8;
    %split/vec4 1;
    %store/vec4 v0x5bf8d832be30_0, 0, 1;
    %store/vec4 v0x5bf8d832c670_0, 0, 1;
    %pushi/vec4 1, 0, 1;
    %ix/load 4, 5, 0;
    %flag_set/imm 4, 0;
    %store/vec4a v0x5bf8d832f8b0, 4, 0;
T_13.1037 ;
    %jmp T_13.1035;
T_13.1034 ;
    %load/vec4 v0x5bf8d832f390_0;
    %flag_set/vec4 9;
    %flag_get/vec4 9;
    %jmp/0 T_13.1041, 9;
    %ix/load 4, 4, 0;
    %flag_set/imm 4, 0;
    %load/vec4a v0x5bf8d832f8b0, 4;
    %pad/u 32;
    %pushi/vec4 0, 0, 32;
    %cmp/e;
    %flag_get/vec4 4;
    %and;
T_13.1041;
    %flag_set/vec4 8;
    %jmp/0xz  T_13.1039, 8;
    %ix/load 4, 0, 0;
    %flag_set/imm 4, 0;
    %load/vec4a v0x5bf8d83313e0, 4;
    %pad/u 32;
    %cmpi/ne 1, 0, 32;
    %jmp/0xz  T_13.1042, 6;
    %vpi_call/w 3 1237 "$display" {0 0 0};
    %vpi_call/w 3 1238 "$display", "%12s ***time = %0d,START TEST FOR ONE SIDED RESET OF WRITE WHILE STRESS READ***", "\000", $time {0 0 0};
    %vpi_call/w 3 1239 "$display", "%12s ***(to make sure system will not collapse even if one sided reset occur, nevertheless output during this period is ineffective as data loss may occur)***", "\000" {0 0 0};
    %vpi_call/w 3 1240 "$display" {0 0 0};
    %pushi/vec4 1, 0, 1;
    %ix/load 4, 0, 0;
    %flag_set/imm 4, 0;
    %store/vec4a v0x5bf8d83313e0, 4, 0;
T_13.1042 ;
    %ix/load 4, 4, 0;
    %flag_set/imm 4, 0;
    %load/vec4a v0x5bf8d832f5d0, 4;
    %flag_set/vec4 8;
    %jmp/0xz  T_13.1044, 8;
    %ix/load 4, 4, 0;
    %flag_set/imm 4, 0;
    %load/vec4a v0x5bf8d832f5d0, 4;
    %flag_set/vec4 10;
    %flag_get/vec4 10;
    %jmp/0 T_13.1049, 10;
    %load/vec4 v0x5bf8d832b780_0;
    %load/vec4 v0x5bf8d832aef0_0;
    %concat/vec4; draw_concat_vec4
    %pushi/vec4 2, 0, 2;
    %cmp/e;
    %flag_get/vec4 4;
    %and;
T_13.1049;
    %flag_set/vec4 9;
    %flag_get/vec4 9;
    %jmp/0 T_13.1048, 9;
    %load/vec4 v0x5bf8d832b6a0_0;
    %pushi/vec4 0, 0, 5;
    %cmp/e;
    %flag_get/vec4 4;
    %and;
T_13.1048;
    %flag_set/vec4 8;
    %jmp/0xz  T_13.1046, 8;
    %pushi/vec4 2, 0, 2;
    %load/vec4 v0x5bf8d832dfd0_0;
    %concat/vec4; draw_concat_vec4
    %split/vec4 8;
    %store/vec4 v0x5bf8d832a4c0_0, 0, 8;
    %split/vec4 1;
    %store/vec4 v0x5bf8d832be30_0, 0, 1;
    %store/vec4 v0x5bf8d832c670_0, 0, 1;
    %pushi/vec4 0, 0, 1;
    %ix/load 4, 4, 0;
    %flag_set/imm 4, 0;
    %store/vec4a v0x5bf8d832f5d0, 4, 0;
    %pushi/vec4 0, 0, 1;
    %ix/load 4, 2, 0;
    %flag_set/imm 4, 0;
    %store/vec4a v0x5bf8d832fb90, 4, 0;
    %jmp T_13.1047;
T_13.1046 ;
    %pushi/vec4 0, 0, 2;
    %load/vec4 v0x5bf8d832dfd0_0;
    %concat/vec4; draw_concat_vec4
    %split/vec4 8;
    %store/vec4 v0x5bf8d832a4c0_0, 0, 8;
    %split/vec4 1;
    %store/vec4 v0x5bf8d832be30_0, 0, 1;
    %store/vec4 v0x5bf8d832c670_0, 0, 1;
T_13.1047 ;
    %jmp T_13.1045;
T_13.1044 ;
    %ix/load 4, 2, 0;
    %flag_set/imm 4, 0;
    %load/vec4a v0x5bf8d832fb90, 4;
    %flag_set/vec4 8;
    %jmp/0xz  T_13.1050, 8;
    %pushi/vec4 0, 0, 2;
    %load/vec4 v0x5bf8d832dfd0_0;
    %concat/vec4; draw_concat_vec4
    %split/vec4 8;
    %store/vec4 v0x5bf8d832a4c0_0, 0, 8;
    %split/vec4 1;
    %store/vec4 v0x5bf8d832be30_0, 0, 1;
    %store/vec4 v0x5bf8d832c670_0, 0, 1;
    %jmp T_13.1051;
T_13.1050 ;
    %load/vec4 v0x5bf8d832b180_0;
    %cmpi/u 2, 0, 5;
    %flag_or 5, 4; GT is !LE
    %flag_inv 5;
    %flag_get/vec4 5;
    %jmp/0 T_13.1054, 5;
    %load/vec4 v0x5bf8d832ffb0_0;
    %pad/u 32;
    %pushi/vec4 1, 0, 32;
    %cmp/ne;
    %flag_get/vec4 6;
    %and;
T_13.1054;
    %flag_set/vec4 8;
    %jmp/0xz  T_13.1052, 8;
    %pushi/vec4 2, 0, 2;
    %load/vec4 v0x5bf8d832dfd0_0;
    %concat/vec4; draw_concat_vec4
    %split/vec4 8;
    %store/vec4 v0x5bf8d832a4c0_0, 0, 8;
    %split/vec4 1;
    %store/vec4 v0x5bf8d832be30_0, 0, 1;
    %store/vec4 v0x5bf8d832c670_0, 0, 1;
    %pushi/vec4 1, 0, 1;
    %store/vec4 v0x5bf8d832ffb0_0, 0, 1;
    %pushi/vec4 1, 0, 1;
    %ix/load 4, 2, 0;
    %flag_set/imm 4, 0;
    %store/vec4a v0x5bf8d832fb90, 4, 0;
    %jmp T_13.1053;
T_13.1052 ;
    %pushi/vec4 1, 0, 2;
    %load/vec4 v0x5bf8d832dfd0_0;
    %concat/vec4; draw_concat_vec4
    %split/vec4 8;
    %store/vec4 v0x5bf8d832a4c0_0, 0, 8;
    %split/vec4 1;
    %store/vec4 v0x5bf8d832be30_0, 0, 1;
    %store/vec4 v0x5bf8d832c670_0, 0, 1;
T_13.1053 ;
T_13.1051 ;
T_13.1045 ;
    %jmp T_13.1040;
T_13.1039 ;
    %load/vec4 v0x5bf8d832f670_0;
    %flag_set/vec4 9;
    %flag_get/vec4 9;
    %jmp/0 T_13.1057, 9;
    %ix/load 4, 3, 0;
    %flag_set/imm 4, 0;
    %load/vec4a v0x5bf8d832f5d0, 4;
    %pad/u 32;
    %pushi/vec4 0, 0, 32;
    %cmp/e;
    %flag_get/vec4 4;
    %and;
T_13.1057;
    %flag_set/vec4 8;
    %jmp/0xz  T_13.1055, 8;
    %ix/load 4, 0, 0;
    %flag_set/imm 4, 0;
    %load/vec4a v0x5bf8d83315c0, 4;
    %pad/u 32;
    %cmpi/ne 1, 0, 32;
    %jmp/0xz  T_13.1058, 6;
    %vpi_call/w 3 1278 "$display" {0 0 0};
    %vpi_call/w 3 1279 "$display", "%12s ***time = %0d,START TEST FOR ONE SIDED RESET OF READ WHILE STRESS WRITE***", "\000", $time {0 0 0};
    %vpi_call/w 3 1280 "$display", "%12s ***(to make sure system will not collapse even if one sided reset occur, nevertheless output during this period is ineffective as data loss may occur)***", "\000" {0 0 0};
    %vpi_call/w 3 1281 "$display" {0 0 0};
    %pushi/vec4 1, 0, 1;
    %ix/load 4, 0, 0;
    %flag_set/imm 4, 0;
    %store/vec4a v0x5bf8d83315c0, 4, 0;
T_13.1058 ;
    %ix/load 4, 4, 0;
    %flag_set/imm 4, 0;
    %load/vec4a v0x5bf8d832f8b0, 4;
    %flag_set/vec4 8;
    %jmp/0xz  T_13.1060, 8;
    %pushi/vec4 2, 0, 2;
    %load/vec4 v0x5bf8d832dfd0_0;
    %concat/vec4; draw_concat_vec4
    %split/vec4 8;
    %store/vec4 v0x5bf8d832a4c0_0, 0, 8;
    %split/vec4 1;
    %store/vec4 v0x5bf8d832be30_0, 0, 1;
    %store/vec4 v0x5bf8d832c670_0, 0, 1;
    %jmp T_13.1061;
T_13.1060 ;
    %load/vec4 v0x5bf8d8330990_0;
    %nor/r;
    %flag_set/vec4 8;
    %jmp/0xz  T_13.1062, 8;
    %pushi/vec4 1, 0, 2;
    %load/vec4 v0x5bf8d832dfd0_0;
    %concat/vec4; draw_concat_vec4
    %split/vec4 8;
    %store/vec4 v0x5bf8d832a4c0_0, 0, 8;
    %split/vec4 1;
    %store/vec4 v0x5bf8d832be30_0, 0, 1;
    %store/vec4 v0x5bf8d832c670_0, 0, 1;
    %jmp T_13.1063;
T_13.1062 ;
    %pushi/vec4 0, 0, 2;
    %load/vec4 v0x5bf8d832dfd0_0;
    %concat/vec4; draw_concat_vec4
    %split/vec4 8;
    %store/vec4 v0x5bf8d832a4c0_0, 0, 8;
    %split/vec4 1;
    %store/vec4 v0x5bf8d832be30_0, 0, 1;
    %store/vec4 v0x5bf8d832c670_0, 0, 1;
    %pushi/vec4 1, 0, 1;
    %ix/load 4, 4, 0;
    %flag_set/imm 4, 0;
    %store/vec4a v0x5bf8d832f8b0, 4, 0;
T_13.1063 ;
T_13.1061 ;
    %jmp T_13.1056;
T_13.1055 ;
    %load/vec4 v0x5bf8d832f950_0;
    %flag_set/vec4 9;
    %flag_get/vec4 9;
    %jmp/0 T_13.1066, 9;
    %ix/load 4, 3, 0;
    %flag_set/imm 4, 0;
    %load/vec4a v0x5bf8d832f8b0, 4;
    %pad/u 32;
    %pushi/vec4 0, 0, 32;
    %cmp/e;
    %flag_get/vec4 4;
    %and;
T_13.1066;
    %flag_set/vec4 8;
    %jmp/0xz  T_13.1064, 8;
    %ix/load 4, 1, 0;
    %flag_set/imm 4, 0;
    %load/vec4a v0x5bf8d83313e0, 4;
    %pad/u 32;
    %cmpi/ne 1, 0, 32;
    %jmp/0xz  T_13.1067, 6;
    %vpi_call/w 3 1312 "$display" {0 0 0};
    %vpi_call/w 3 1313 "$display", "%12s ***time = %0d,SHARP INTERRUPT OF R_RST TEST***", "\000", $time {0 0 0};
    %vpi_call/w 3 1314 "$display", "%12s ***(interrupt with R_RST between posedges of TICK_R)***", "\000" {0 0 0};
    %vpi_call/w 3 1315 "$display" {0 0 0};
    %pushi/vec4 1, 0, 1;
    %ix/load 4, 1, 0;
    %flag_set/imm 4, 0;
    %store/vec4a v0x5bf8d83313e0, 4, 0;
T_13.1067 ;
    %ix/load 4, 3, 0;
    %flag_set/imm 4, 0;
    %load/vec4a v0x5bf8d832f5d0, 4;
    %flag_set/vec4 8;
    %jmp/0xz  T_13.1069, 8;
    %ix/load 4, 3, 0;
    %flag_set/imm 4, 0;
    %load/vec4a v0x5bf8d832f5d0, 4;
    %flag_set/vec4 10;
    %flag_get/vec4 10;
    %jmp/0 T_13.1074, 10;
    %load/vec4 v0x5bf8d832b780_0;
    %load/vec4 v0x5bf8d832aef0_0;
    %concat/vec4; draw_concat_vec4
    %pushi/vec4 2, 0, 2;
    %cmp/e;
    %flag_get/vec4 4;
    %and;
T_13.1074;
    %flag_set/vec4 9;
    %flag_get/vec4 9;
    %jmp/0 T_13.1073, 9;
    %load/vec4 v0x5bf8d832b6a0_0;
    %pushi/vec4 0, 0, 5;
    %cmp/e;
    %flag_get/vec4 4;
    %and;
T_13.1073;
    %flag_set/vec4 8;
    %jmp/0xz  T_13.1071, 8;
    %pushi/vec4 2, 0, 2;
    %load/vec4 v0x5bf8d832dfd0_0;
    %concat/vec4; draw_concat_vec4
    %split/vec4 8;
    %store/vec4 v0x5bf8d832a4c0_0, 0, 8;
    %split/vec4 1;
    %store/vec4 v0x5bf8d832be30_0, 0, 1;
    %store/vec4 v0x5bf8d832c670_0, 0, 1;
    %pushi/vec4 0, 0, 1;
    %ix/load 4, 3, 0;
    %flag_set/imm 4, 0;
    %store/vec4a v0x5bf8d832f5d0, 4, 0;
    %pushi/vec4 1, 0, 1;
    %store/vec4 v0x5bf8d832f670_0, 0, 1;
    %jmp T_13.1072;
T_13.1071 ;
    %pushi/vec4 0, 0, 2;
    %load/vec4 v0x5bf8d832dfd0_0;
    %concat/vec4; draw_concat_vec4
    %split/vec4 8;
    %store/vec4 v0x5bf8d832a4c0_0, 0, 8;
    %split/vec4 1;
    %store/vec4 v0x5bf8d832be30_0, 0, 1;
    %store/vec4 v0x5bf8d832c670_0, 0, 1;
T_13.1072 ;
    %jmp T_13.1070;
T_13.1069 ;
    %pushi/vec4 1, 0, 2;
    %load/vec4 v0x5bf8d832dfd0_0;
    %concat/vec4; draw_concat_vec4
    %split/vec4 8;
    %assign/vec4 v0x5bf8d832a4c0_0, 0;
    %split/vec4 1;
    %assign/vec4 v0x5bf8d832be30_0, 0;
    %assign/vec4 v0x5bf8d832c670_0, 0;
    %load/vec4 v0x5bf8d83308d0_0;
    %nor/r;
    %flag_set/vec4 8;
    %jmp/0xz  T_13.1075, 8;
    %pushi/vec4 0, 0, 2;
    %load/vec4 v0x5bf8d832dfd0_0;
    %concat/vec4; draw_concat_vec4
    %split/vec4 8;
    %assign/vec4 v0x5bf8d832a4c0_0, 0;
    %split/vec4 1;
    %assign/vec4 v0x5bf8d832be30_0, 0;
    %assign/vec4 v0x5bf8d832c670_0, 0;
    %pushi/vec4 1, 0, 1;
    %ix/load 3, 1, 0;
    %flag_set/imm 4, 0;
    %ix/load 4, 0, 0; Constant delay
    %assign/vec4/a/d v0x5bf8d832fb90, 0, 4;
T_13.1075 ;
T_13.1070 ;
    %jmp T_13.1065;
T_13.1064 ;
    %load/vec4 v0x5bf8d832e530_0;
    %cmpi/ne 0, 0, 32;
    %flag_get/vec4 4;
    %jmp/0 T_13.1080, 4;
    %ix/load 4, 2, 0;
    %flag_set/imm 4, 0;
    %load/vec4a v0x5bf8d832f5d0, 4;
    %pad/u 32;
    %pushi/vec4 0, 0, 32;
    %cmp/e;
    %flag_get/vec4 4;
    %and;
T_13.1080;
    %flag_set/vec4 9;
    %flag_get/vec4 9;
    %jmp/0 T_13.1079, 9;
    %load/vec4 v0x5bf8d832f950_0;
    %pad/u 32;
    %pushi/vec4 1, 0, 32;
    %cmp/ne;
    %flag_get/vec4 6;
    %and;
T_13.1079;
    %flag_set/vec4 8;
    %jmp/0xz  T_13.1077, 8;
    %ix/load 4, 1, 0;
    %flag_set/imm 4, 0;
    %load/vec4a v0x5bf8d83315c0, 4;
    %pad/u 32;
    %cmpi/ne 1, 0, 32;
    %jmp/0xz  T_13.1081, 6;
    %vpi_call/w 3 1349 "$display" {0 0 0};
    %vpi_call/w 3 1350 "$display", "%12s ***time = %0d,SHARP INTERRUPT OF W_RST TEST***", "\000", $time {0 0 0};
    %vpi_call/w 3 1351 "$display", "%12s ***(interrupt with W_RST between posedges of TICK_W)***", "\000" {0 0 0};
    %vpi_call/w 3 1352 "$display" {0 0 0};
    %pushi/vec4 1, 0, 1;
    %ix/load 4, 1, 0;
    %flag_set/imm 4, 0;
    %store/vec4a v0x5bf8d83315c0, 4, 0;
T_13.1081 ;
    %ix/load 4, 3, 0;
    %flag_set/imm 4, 0;
    %load/vec4a v0x5bf8d832f8b0, 4;
    %flag_set/vec4 8;
    %jmp/0xz  T_13.1083, 8;
    %pushi/vec4 2, 0, 2;
    %load/vec4 v0x5bf8d832dfd0_0;
    %concat/vec4; draw_concat_vec4
    %split/vec4 8;
    %assign/vec4 v0x5bf8d832a4c0_0, 0;
    %split/vec4 1;
    %assign/vec4 v0x5bf8d832be30_0, 0;
    %assign/vec4 v0x5bf8d832c670_0, 0;
    %jmp T_13.1084;
T_13.1083 ;
    %pushi/vec4 1, 0, 2;
    %load/vec4 v0x5bf8d832dfd0_0;
    %concat/vec4; draw_concat_vec4
    %split/vec4 8;
    %assign/vec4 v0x5bf8d832a4c0_0, 0;
    %split/vec4 1;
    %assign/vec4 v0x5bf8d832be30_0, 0;
    %assign/vec4 v0x5bf8d832c670_0, 0;
    %wait E_0x5bf8d831bab0;
    %delay 20, 0;
    %pushi/vec4 2, 0, 2;
    %load/vec4 v0x5bf8d832dfd0_0;
    %concat/vec4; draw_concat_vec4
    %split/vec4 8;
    %assign/vec4 v0x5bf8d832a4c0_0, 0;
    %split/vec4 1;
    %assign/vec4 v0x5bf8d832be30_0, 0;
    %assign/vec4 v0x5bf8d832c670_0, 0;
    %pushi/vec4 1, 0, 1;
    %ix/load 3, 3, 0;
    %flag_set/imm 4, 0;
    %ix/load 4, 0, 0; Constant delay
    %assign/vec4/a/d v0x5bf8d832f8b0, 0, 4;
T_13.1084 ;
    %jmp T_13.1078;
T_13.1077 ;
    %ix/load 4, 0, 0;
    %flag_set/imm 4, 0;
    %load/vec4a v0x5bf8d832ea10, 4;
    %cmpi/ne 0, 0, 32;
    %flag_get/vec4 4;
    %jmp/0 T_13.1089, 4;
    %ix/load 4, 0, 0;
    %flag_set/imm 4, 0;
    %load/vec4a v0x5bf8d832e2f0, 4;
    %pushi/vec4 0, 0, 32;
    %cmp/ne;
    %flag_get/vec4 4;
    %and;
T_13.1089;
    %flag_set/vec4 10;
    %flag_get/vec4 10;
    %jmp/0 T_13.1088, 10;
    %load/vec4 v0x5bf8d832ec50_0;
    %pushi/vec4 0, 0, 32;
    %cmp/ne;
    %flag_get/vec4 4;
    %and;
T_13.1088;
    %flag_set/vec4 9;
    %flag_get/vec4 9;
    %jmp/0 T_13.1087, 9;
    %ix/load 4, 2, 0;
    %flag_set/imm 4, 0;
    %load/vec4a v0x5bf8d832f8b0, 4;
    %pad/u 32;
    %pushi/vec4 0, 0, 32;
    %cmp/e;
    %flag_get/vec4 4;
    %and;
T_13.1087;
    %flag_set/vec4 8;
    %jmp/0xz  T_13.1085, 8;
    %ix/load 4, 2, 0;
    %flag_set/imm 4, 0;
    %load/vec4a v0x5bf8d83313e0, 4;
    %pad/u 32;
    %cmpi/ne 1, 0, 32;
    %jmp/0xz  T_13.1090, 6;
    %vpi_call/w 3 1376 "$display" {0 0 0};
    %vpi_call/w 3 1377 "$display", "%12s ***time = %0d,READ STRESS TEST***", "\000", $time {0 0 0};
    %vpi_call/w 3 1378 "$display", "%12s ***(READ FROM FULL UNTIL EMPTY)***", "\000" {0 0 0};
    %vpi_call/w 3 1379 "$display" {0 0 0};
    %pushi/vec4 1, 0, 1;
    %ix/load 4, 2, 0;
    %flag_set/imm 4, 0;
    %store/vec4a v0x5bf8d83313e0, 4, 0;
T_13.1090 ;
    %ix/load 4, 2, 0;
    %flag_set/imm 4, 0;
    %load/vec4a v0x5bf8d832f5d0, 4;
    %flag_set/vec4 8;
    %jmp/0xz  T_13.1092, 8;
    %ix/load 4, 2, 0;
    %flag_set/imm 4, 0;
    %load/vec4a v0x5bf8d832f5d0, 4;
    %flag_set/vec4 10;
    %flag_get/vec4 10;
    %jmp/0 T_13.1097, 10;
    %load/vec4 v0x5bf8d832b780_0;
    %load/vec4 v0x5bf8d832aef0_0;
    %concat/vec4; draw_concat_vec4
    %pushi/vec4 2, 0, 2;
    %cmp/e;
    %flag_get/vec4 4;
    %and;
T_13.1097;
    %flag_set/vec4 9;
    %flag_get/vec4 9;
    %jmp/0 T_13.1096, 9;
    %load/vec4 v0x5bf8d832b6a0_0;
    %pushi/vec4 0, 0, 5;
    %cmp/e;
    %flag_get/vec4 4;
    %and;
T_13.1096;
    %flag_set/vec4 8;
    %jmp/0xz  T_13.1094, 8;
    %pushi/vec4 2, 0, 2;
    %load/vec4 v0x5bf8d832dfd0_0;
    %concat/vec4; draw_concat_vec4
    %split/vec4 8;
    %store/vec4 v0x5bf8d832a4c0_0, 0, 8;
    %split/vec4 1;
    %store/vec4 v0x5bf8d832be30_0, 0, 1;
    %store/vec4 v0x5bf8d832c670_0, 0, 1;
    %pushi/vec4 0, 0, 1;
    %ix/load 4, 2, 0;
    %flag_set/imm 4, 0;
    %store/vec4a v0x5bf8d832f5d0, 4, 0;
    %pushi/vec4 1, 0, 32;
    %store/vec4 v0x5bf8d832e530_0, 0, 32;
    %jmp T_13.1095;
T_13.1094 ;
    %pushi/vec4 0, 0, 2;
    %load/vec4 v0x5bf8d832dfd0_0;
    %concat/vec4; draw_concat_vec4
    %split/vec4 8;
    %store/vec4 v0x5bf8d832a4c0_0, 0, 8;
    %split/vec4 1;
    %store/vec4 v0x5bf8d832be30_0, 0, 1;
    %store/vec4 v0x5bf8d832c670_0, 0, 1;
T_13.1095 ;
    %jmp T_13.1093;
T_13.1092 ;
    %load/vec4 v0x5bf8d8330b10_0;
    %flag_set/vec4 9;
    %flag_get/vec4 9;
    %jmp/0 T_13.1100, 9;
    %load/vec4 v0x5bf8d8330a50_0;
    %and;
T_13.1100;
    %flag_set/vec4 8;
    %jmp/0xz  T_13.1098, 8;
    %load/vec4 v0x5bf8d8330990_0;
    %nor/r;
    %flag_set/vec4 9;
    %flag_get/vec4 9;
    %jmp/0 T_13.1103, 9;
    %ix/load 4, 0, 0;
    %flag_set/imm 4, 0;
    %load/vec4a v0x5bf8d832fb90, 4;
    %pad/u 32;
    %pushi/vec4 1, 0, 32;
    %cmp/ne;
    %flag_get/vec4 6;
    %and;
T_13.1103;
    %flag_set/vec4 8;
    %jmp/0xz  T_13.1101, 8;
    %pushi/vec4 1, 0, 2;
    %load/vec4 v0x5bf8d832dfd0_0;
    %concat/vec4; draw_concat_vec4
    %split/vec4 8;
    %store/vec4 v0x5bf8d832a4c0_0, 0, 8;
    %split/vec4 1;
    %store/vec4 v0x5bf8d832be30_0, 0, 1;
    %store/vec4 v0x5bf8d832c670_0, 0, 1;
    %jmp T_13.1102;
T_13.1101 ;
    %load/vec4 v0x5bf8d8330990_0;
    %flag_set/vec4 8;
    %jmp/0xz  T_13.1104, 8;
    %pushi/vec4 0, 0, 2;
    %load/vec4 v0x5bf8d832dfd0_0;
    %concat/vec4; draw_concat_vec4
    %split/vec4 8;
    %store/vec4 v0x5bf8d832a4c0_0, 0, 8;
    %split/vec4 1;
    %store/vec4 v0x5bf8d832be30_0, 0, 1;
    %store/vec4 v0x5bf8d832c670_0, 0, 1;
    %pushi/vec4 1, 0, 1;
    %ix/load 4, 0, 0;
    %flag_set/imm 4, 0;
    %store/vec4a v0x5bf8d832fb90, 4, 0;
T_13.1104 ;
T_13.1102 ;
T_13.1098 ;
T_13.1093 ;
    %jmp T_13.1086;
T_13.1085 ;
    %ix/load 4, 0, 0;
    %flag_set/imm 4, 0;
    %load/vec4a v0x5bf8d832ea10, 4;
    %cmpi/ne 0, 0, 32;
    %flag_get/vec4 4;
    %jmp/0 T_13.1109, 4;
    %ix/load 4, 0, 0;
    %flag_set/imm 4, 0;
    %load/vec4a v0x5bf8d832e2f0, 4;
    %pushi/vec4 0, 0, 32;
    %cmp/ne;
    %flag_get/vec4 4;
    %and;
T_13.1109;
    %flag_set/vec4 9;
    %flag_get/vec4 9;
    %jmp/0 T_13.1108, 9;
    %ix/load 4, 1, 0;
    %flag_set/imm 4, 0;
    %load/vec4a v0x5bf8d832f5d0, 4;
    %pad/u 32;
    %pushi/vec4 0, 0, 32;
    %cmp/e;
    %flag_get/vec4 4;
    %and;
T_13.1108;
    %flag_set/vec4 8;
    %jmp/0xz  T_13.1106, 8;
    %ix/load 4, 2, 0;
    %flag_set/imm 4, 0;
    %load/vec4a v0x5bf8d83315c0, 4;
    %pad/u 32;
    %cmpi/ne 1, 0, 32;
    %jmp/0xz  T_13.1110, 6;
    %vpi_call/w 3 1421 "$display" {0 0 0};
    %vpi_call/w 3 1422 "$display", "%12s ***time = %0d,WRITE STRESS TEST***", "\000", $time {0 0 0};
    %vpi_call/w 3 1423 "$display", "%12s ***(WRITE FROM EMPTY UNTIL FULL)***", "\000" {0 0 0};
    %vpi_call/w 3 1424 "$display" {0 0 0};
    %pushi/vec4 1, 0, 1;
    %ix/load 4, 2, 0;
    %flag_set/imm 4, 0;
    %store/vec4a v0x5bf8d83315c0, 4, 0;
T_13.1110 ;
    %ix/load 4, 2, 0;
    %flag_set/imm 4, 0;
    %load/vec4a v0x5bf8d832f8b0, 4;
    %flag_set/vec4 8;
    %jmp/0xz  T_13.1112, 8;
    %pushi/vec4 2, 0, 2;
    %load/vec4 v0x5bf8d832dfd0_0;
    %concat/vec4; draw_concat_vec4
    %split/vec4 8;
    %store/vec4 v0x5bf8d832a4c0_0, 0, 8;
    %split/vec4 1;
    %store/vec4 v0x5bf8d832be30_0, 0, 1;
    %store/vec4 v0x5bf8d832c670_0, 0, 1;
    %jmp T_13.1113;
T_13.1112 ;
    %load/vec4 v0x5bf8d8330b10_0;
    %flag_set/vec4 10;
    %flag_get/vec4 10;
    %jmp/0 T_13.1117, 10;
    %load/vec4 v0x5bf8d8330a50_0;
    %and;
T_13.1117;
    %flag_set/vec4 9;
    %flag_get/vec4 9;
    %jmp/0 T_13.1116, 9;
    %load/vec4 v0x5bf8d832ec50_0;
    %pushi/vec4 1, 0, 32;
    %cmp/ne;
    %flag_get/vec4 6;
    %and;
T_13.1116;
    %flag_set/vec4 8;
    %jmp/0xz  T_13.1114, 8;
    %load/vec4 v0x5bf8d8330990_0;
    %nor/r;
    %flag_set/vec4 8;
    %jmp/0xz  T_13.1118, 8;
    %pushi/vec4 1, 0, 2;
    %load/vec4 v0x5bf8d832dfd0_0;
    %concat/vec4; draw_concat_vec4
    %split/vec4 8;
    %store/vec4 v0x5bf8d832a4c0_0, 0, 8;
    %split/vec4 1;
    %store/vec4 v0x5bf8d832be30_0, 0, 1;
    %store/vec4 v0x5bf8d832c670_0, 0, 1;
    %jmp T_13.1119;
T_13.1118 ;
    %load/vec4 v0x5bf8d8330990_0;
    %flag_set/vec4 8;
    %jmp/0xz  T_13.1120, 8;
    %pushi/vec4 0, 0, 2;
    %load/vec4 v0x5bf8d832dfd0_0;
    %concat/vec4; draw_concat_vec4
    %split/vec4 8;
    %store/vec4 v0x5bf8d832a4c0_0, 0, 8;
    %split/vec4 1;
    %store/vec4 v0x5bf8d832be30_0, 0, 1;
    %store/vec4 v0x5bf8d832c670_0, 0, 1;
    %pushi/vec4 1, 0, 1;
    %ix/load 4, 2, 0;
    %flag_set/imm 4, 0;
    %store/vec4a v0x5bf8d832f8b0, 4, 0;
T_13.1120 ;
T_13.1119 ;
T_13.1114 ;
T_13.1113 ;
    %jmp T_13.1107;
T_13.1106 ;
    %ix/load 4, 0, 0;
    %flag_set/imm 4, 0;
    %load/vec4a v0x5bf8d832ea10, 4;
    %cmpi/ne 0, 0, 32;
    %flag_get/vec4 4;
    %jmp/0 T_13.1124, 4;
    %ix/load 4, 1, 0;
    %flag_set/imm 4, 0;
    %load/vec4a v0x5bf8d832f8b0, 4;
    %pad/u 32;
    %pushi/vec4 0, 0, 32;
    %cmp/e;
    %flag_get/vec4 4;
    %and;
T_13.1124;
    %flag_set/vec4 8;
    %jmp/0xz  T_13.1122, 8;
    %ix/load 4, 3, 0;
    %flag_set/imm 4, 0;
    %load/vec4a v0x5bf8d83313e0, 4;
    %pad/u 32;
    %cmpi/ne 1, 0, 32;
    %jmp/0xz  T_13.1125, 6;
    %vpi_call/w 3 1459 "$display" {0 0 0};
    %vpi_call/w 3 1460 "$display", "%12s ***time = %0d,GENERAL_READ_TEST***", "\000", $time {0 0 0};
    %vpi_call/w 3 1461 "$display" {0 0 0};
    %pushi/vec4 1, 0, 1;
    %ix/load 4, 3, 0;
    %flag_set/imm 4, 0;
    %store/vec4a v0x5bf8d83313e0, 4, 0;
T_13.1125 ;
    %ix/load 4, 1, 0;
    %flag_set/imm 4, 0;
    %load/vec4a v0x5bf8d832f8b0, 4;
    %flag_set/vec4 8;
    %jmp/0xz  T_13.1127, 8;
    %pushi/vec4 2, 0, 2;
    %load/vec4 v0x5bf8d832dfd0_0;
    %concat/vec4; draw_concat_vec4
    %split/vec4 8;
    %store/vec4 v0x5bf8d832a4c0_0, 0, 8;
    %split/vec4 1;
    %store/vec4 v0x5bf8d832be30_0, 0, 1;
    %store/vec4 v0x5bf8d832c670_0, 0, 1;
    %jmp T_13.1128;
T_13.1127 ;
    %ix/load 4, 0, 0;
    %flag_set/imm 4, 0;
    %load/vec4a v0x5bf8d832f5d0, 4;
    %flag_set/vec4 8;
    %jmp/0xz  T_13.1129, 8;
    %ix/load 4, 0, 0;
    %flag_set/imm 4, 0;
    %load/vec4a v0x5bf8d832f5d0, 4;
    %flag_set/vec4 10;
    %flag_get/vec4 10;
    %jmp/0 T_13.1134, 10;
    %load/vec4 v0x5bf8d832b780_0;
    %load/vec4 v0x5bf8d832aef0_0;
    %concat/vec4; draw_concat_vec4
    %pushi/vec4 2, 0, 2;
    %cmp/e;
    %flag_get/vec4 4;
    %and;
T_13.1134;
    %flag_set/vec4 9;
    %flag_get/vec4 9;
    %jmp/0 T_13.1133, 9;
    %load/vec4 v0x5bf8d832b6a0_0;
    %pushi/vec4 0, 0, 5;
    %cmp/e;
    %flag_get/vec4 4;
    %and;
T_13.1133;
    %flag_set/vec4 8;
    %jmp/0xz  T_13.1131, 8;
    %pushi/vec4 2, 0, 2;
    %load/vec4 v0x5bf8d832dfd0_0;
    %concat/vec4; draw_concat_vec4
    %split/vec4 8;
    %store/vec4 v0x5bf8d832a4c0_0, 0, 8;
    %split/vec4 1;
    %store/vec4 v0x5bf8d832be30_0, 0, 1;
    %store/vec4 v0x5bf8d832c670_0, 0, 1;
    %pushi/vec4 0, 0, 1;
    %ix/load 4, 0, 0;
    %flag_set/imm 4, 0;
    %store/vec4a v0x5bf8d832f5d0, 4, 0;
    %jmp T_13.1132;
T_13.1131 ;
    %pushi/vec4 0, 0, 2;
    %load/vec4 v0x5bf8d832dfd0_0;
    %concat/vec4; draw_concat_vec4
    %split/vec4 8;
    %store/vec4 v0x5bf8d832a4c0_0, 0, 8;
    %split/vec4 1;
    %store/vec4 v0x5bf8d832be30_0, 0, 1;
    %store/vec4 v0x5bf8d832c670_0, 0, 1;
T_13.1132 ;
    %jmp T_13.1130;
T_13.1129 ;
    %ix/load 4, 1, 0;
    %flag_set/imm 4, 0;
    %load/vec4a v0x5bf8d832f5d0, 4;
    %flag_set/vec4 8;
    %jmp/0xz  T_13.1135, 8;
    %ix/load 4, 1, 0;
    %flag_set/imm 4, 0;
    %load/vec4a v0x5bf8d832f5d0, 4;
    %flag_set/vec4 10;
    %flag_get/vec4 10;
    %jmp/0 T_13.1140, 10;
    %load/vec4 v0x5bf8d832b780_0;
    %load/vec4 v0x5bf8d832aef0_0;
    %concat/vec4; draw_concat_vec4
    %pushi/vec4 2, 0, 2;
    %cmp/e;
    %flag_get/vec4 4;
    %and;
T_13.1140;
    %flag_set/vec4 9;
    %flag_get/vec4 9;
    %jmp/0 T_13.1139, 9;
    %load/vec4 v0x5bf8d832b6a0_0;
    %pushi/vec4 0, 0, 5;
    %cmp/e;
    %flag_get/vec4 4;
    %and;
T_13.1139;
    %flag_set/vec4 8;
    %jmp/0xz  T_13.1137, 8;
    %pushi/vec4 2, 0, 2;
    %load/vec4 v0x5bf8d832dfd0_0;
    %concat/vec4; draw_concat_vec4
    %split/vec4 8;
    %store/vec4 v0x5bf8d832a4c0_0, 0, 8;
    %split/vec4 1;
    %store/vec4 v0x5bf8d832be30_0, 0, 1;
    %store/vec4 v0x5bf8d832c670_0, 0, 1;
    %pushi/vec4 0, 0, 1;
    %ix/load 4, 1, 0;
    %flag_set/imm 4, 0;
    %store/vec4a v0x5bf8d832f5d0, 4, 0;
    %jmp T_13.1138;
T_13.1137 ;
    %pushi/vec4 0, 0, 2;
    %load/vec4 v0x5bf8d832dfd0_0;
    %concat/vec4; draw_concat_vec4
    %split/vec4 8;
    %store/vec4 v0x5bf8d832a4c0_0, 0, 8;
    %split/vec4 1;
    %store/vec4 v0x5bf8d832be30_0, 0, 1;
    %store/vec4 v0x5bf8d832c670_0, 0, 1;
T_13.1138 ;
    %jmp T_13.1136;
T_13.1135 ;
    %ix/load 4, 1, 0;
    %flag_set/imm 4, 0;
    %load/vec4a v0x5bf8d832e2f0, 4;
    %cmpi/ne 1, 0, 32;
    %jmp/0xz  T_13.1141, 6;
    %ix/load 4, 4, 0;
    %flag_set/imm 4, 0;
    %load/vec4a v0x5bf8d83313e0, 4;
    %pad/u 32;
    %cmpi/ne 1, 0, 32;
    %jmp/0xz  T_13.1143, 6;
    %vpi_call/w 3 1502 "$display" {0 0 0};
    %vpi_call/w 3 1503 "$display", "%12s ***time = %0d,TEST for prev_state_r = !EMPTY_EXPECTED and current_state = {R_RST,R_EN}***", "\000", $time {0 0 0};
    %vpi_call/w 3 1504 "$display" {0 0 0};
    %pushi/vec4 1, 0, 1;
    %ix/load 4, 4, 0;
    %flag_set/imm 4, 0;
    %store/vec4a v0x5bf8d83313e0, 4, 0;
T_13.1143 ;
    %fork t_93, S_0x5bf8d8325370;
    %jmp t_92;
    .scope S_0x5bf8d8325370;
t_93 ;
    %pushi/vec4 0, 0, 32;
    %store/vec4 v0x5bf8d8325550_0, 0, 32;
T_13.1145 ;
    %load/vec4 v0x5bf8d8325550_0;
    %cmpi/s 3, 0, 32;
    %jmp/0xz T_13.1146, 5;
    %pushi/vec4 0, 0, 1;
    %ix/getv/s 4, v0x5bf8d8325550_0;
    %store/vec4a v0x5bf8d8330290, 4, 0;
    ; show_stmt_assign_vector: Get l-value for compressed += operand
    %load/vec4 v0x5bf8d8325550_0;
    %pushi/vec4 1, 0, 32;
    %add;
    %cast2;
    %store/vec4 v0x5bf8d8325550_0, 0, 32;
    %jmp T_13.1145;
T_13.1146 ;
    %end;
    .scope S_0x5bf8d8323a40;
t_92 %join;
    %fork t_95, S_0x5bf8d8325650;
    %jmp t_94;
    .scope S_0x5bf8d8325650;
t_95 ;
    %pushi/vec4 0, 0, 32;
    %store/vec4 v0x5bf8d83257e0_0, 0, 32;
T_13.1147 ;
    %load/vec4 v0x5bf8d83257e0_0;
    %cmpi/s 3, 0, 32;
    %jmp/0xz T_13.1148, 5;
    %ix/getv/s 4, v0x5bf8d83257e0_0;
    %load/vec4a v0x5bf8d832e7d0, 4;
    %nor/r;
    %flag_set/vec4 9;
    %flag_get/vec4 9;
    %jmp/0 T_13.1151, 9;
    %ix/load 4, 0, 0;
    %flag_set/imm 4, 0;
    %load/vec4a v0x5bf8d8330290, 4;
    %nor/r;
    %and;
T_13.1151;
    %flag_set/vec4 8;
    %jmp/0xz  T_13.1149, 8;
    %pushi/vec4 1, 0, 2;
    %load/vec4 v0x5bf8d832dfd0_0;
    %concat/vec4; draw_concat_vec4
    %split/vec4 8;
    %store/vec4 v0x5bf8d832a4c0_0, 0, 8;
    %split/vec4 1;
    %store/vec4 v0x5bf8d832be30_0, 0, 1;
    %store/vec4 v0x5bf8d832c670_0, 0, 1;
    %pushi/vec4 1, 0, 1;
    %ix/load 4, 0, 0;
    %flag_set/imm 4, 0;
    %store/vec4a v0x5bf8d8330290, 4, 0;
T_13.1149 ;
    ; show_stmt_assign_vector: Get l-value for compressed += operand
    %load/vec4 v0x5bf8d83257e0_0;
    %pushi/vec4 1, 0, 32;
    %add;
    %cast2;
    %store/vec4 v0x5bf8d83257e0_0, 0, 32;
    %jmp T_13.1147;
T_13.1148 ;
    %end;
    .scope S_0x5bf8d8323a40;
t_94 %join;
    %jmp T_13.1142;
T_13.1141 ;
    %ix/load 4, 1, 0;
    %flag_set/imm 4, 0;
    %load/vec4a v0x5bf8d832e2f0, 4;
    %cmpi/ne 0, 0, 32;
    %jmp/0xz  T_13.1152, 4;
    %ix/load 4, 5, 0;
    %flag_set/imm 4, 0;
    %load/vec4a v0x5bf8d8331520, 4;
    %pad/u 32;
    %cmpi/ne 1, 0, 32;
    %jmp/0xz  T_13.1154, 6;
    %vpi_call/w 3 1526 "$display" {0 0 0};
    %vpi_call/w 3 1527 "$display", "%12s ***time = %0d, TEST for prev_state_r = EMPTY_EXPECTED and current_state = {R_RST,R_EN}***", "\000", $time {0 0 0};
    %vpi_call/w 3 1528 "$display" {0 0 0};
    %pushi/vec4 1, 0, 1;
    %ix/load 4, 5, 0;
    %flag_set/imm 4, 0;
    %store/vec4a v0x5bf8d83313e0, 4, 0;
T_13.1154 ;
    %fork t_97, S_0x5bf8d83258e0;
    %jmp t_96;
    .scope S_0x5bf8d83258e0;
t_97 ;
    %pushi/vec4 0, 0, 32;
    %store/vec4 v0x5bf8d8325ac0_0, 0, 32;
T_13.1156 ;
    %load/vec4 v0x5bf8d8325ac0_0;
    %cmpi/s 3, 0, 32;
    %jmp/0xz T_13.1157, 5;
    %load/vec4 v0x5bf8d8325ac0_0;
    %addi 3, 0, 32;
    %ix/vec4/s 4;
    %load/vec4a v0x5bf8d832e7d0, 4;
    %nor/r;
    %flag_set/vec4 10;
    %flag_get/vec4 10;
    %jmp/0 T_13.1161, 10;
    %ix/load 4, 1, 0;
    %flag_set/imm 4, 0;
    %load/vec4a v0x5bf8d8330290, 4;
    %nor/r;
    %and;
T_13.1161;
    %flag_set/vec4 9;
    %flag_get/vec4 9;
    %jmp/0 T_13.1160, 9;
    %ix/load 4, 1, 0;
    %flag_set/imm 4, 0;
    %load/vec4a v0x5bf8d832e2f0, 4;
    %pushi/vec4 0, 0, 32;
    %cmp/ne;
    %flag_get/vec4 4;
    %and;
T_13.1160;
    %flag_set/vec4 8;
    %jmp/0xz  T_13.1158, 8;
    %load/vec4 v0x5bf8d83308d0_0;
    %nor/r;
    %flag_set/vec4 8;
    %jmp/0xz  T_13.1162, 8;
    %pushi/vec4 2, 0, 2;
    %load/vec4 v0x5bf8d832dfd0_0;
    %concat/vec4; draw_concat_vec4
    %split/vec4 8;
    %store/vec4 v0x5bf8d832a4c0_0, 0, 8;
    %split/vec4 1;
    %store/vec4 v0x5bf8d832be30_0, 0, 1;
    %store/vec4 v0x5bf8d832c670_0, 0, 1;
    %pushi/vec4 1, 0, 1;
    %ix/load 4, 1, 0;
    %flag_set/imm 4, 0;
    %store/vec4a v0x5bf8d8330290, 4, 0;
    %jmp T_13.1163;
T_13.1162 ;
    %pushi/vec4 0, 0, 2;
    %load/vec4 v0x5bf8d832dfd0_0;
    %concat/vec4; draw_concat_vec4
    %split/vec4 8;
    %store/vec4 v0x5bf8d832a4c0_0, 0, 8;
    %split/vec4 1;
    %store/vec4 v0x5bf8d832be30_0, 0, 1;
    %store/vec4 v0x5bf8d832c670_0, 0, 1;
    %pushi/vec4 1, 0, 1;
    %ix/load 4, 1, 0;
    %flag_set/imm 4, 0;
    %store/vec4a v0x5bf8d8330290, 4, 0;
T_13.1163 ;
T_13.1158 ;
    ; show_stmt_assign_vector: Get l-value for compressed += operand
    %load/vec4 v0x5bf8d8325ac0_0;
    %pushi/vec4 1, 0, 32;
    %add;
    %cast2;
    %store/vec4 v0x5bf8d8325ac0_0, 0, 32;
    %jmp T_13.1156;
T_13.1157 ;
    %end;
    .scope S_0x5bf8d8323a40;
t_96 %join;
T_13.1152 ;
T_13.1142 ;
T_13.1136 ;
T_13.1130 ;
T_13.1128 ;
    %jmp T_13.1123;
T_13.1122 ;
    %load/vec4 v0x5bf8d8330990_0;
    %cmpi/e 1, 1, 1;
    %flag_get/vec4 6;
    %jmp/0 T_13.1164, 6;
    %vpi_func 3 1559 "$time" 64 {0 0 0};
    %cmpi/u 60, 0, 64;
    %flag_get/vec4 4;
    %flag_get/vec4 5;
    %or;
    %and;
T_13.1164;
    %pad/u 32;
    %store/vec4 v0x5bf8d832efb0_0, 0, 32;
    %load/vec4 v0x5bf8d832efb0_0;
    %cmpi/ne 0, 0, 32;
    %jmp/0xz  T_13.1165, 4;
    %pushi/vec4 2, 0, 2;
    %load/vec4 v0x5bf8d832dfd0_0;
    %concat/vec4; draw_concat_vec4
    %split/vec4 8;
    %store/vec4 v0x5bf8d832a4c0_0, 0, 8;
    %split/vec4 1;
    %store/vec4 v0x5bf8d832be30_0, 0, 1;
    %store/vec4 v0x5bf8d832c670_0, 0, 1;
    %pushi/vec4 1, 0, 1;
    %store/vec4 v0x5bf8d832f090_0, 0, 1;
    %jmp T_13.1166;
T_13.1165 ;
    %ix/load 4, 0, 0;
    %flag_set/imm 4, 0;
    %load/vec4a v0x5bf8d832f8b0, 4;
    %flag_set/vec4 8;
    %jmp/0xz  T_13.1167, 8;
    %pushi/vec4 2, 0, 2;
    %load/vec4 v0x5bf8d832dfd0_0;
    %concat/vec4; draw_concat_vec4
    %split/vec4 8;
    %store/vec4 v0x5bf8d832a4c0_0, 0, 8;
    %split/vec4 1;
    %store/vec4 v0x5bf8d832be30_0, 0, 1;
    %store/vec4 v0x5bf8d832c670_0, 0, 1;
    %jmp T_13.1168;
T_13.1167 ;
    %ix/load 4, 4, 0;
    %flag_set/imm 4, 0;
    %load/vec4a v0x5bf8d83315c0, 4;
    %pad/u 32;
    %cmpi/ne 1, 0, 32;
    %jmp/0xz  T_13.1169, 6;
    %vpi_call/w 3 1579 "$display" {0 0 0};
    %vpi_call/w 3 1580 "$display", "%12s ***time = %0d, TEST for prev_state_w = !FULL_EXPECTED and current_state = {W_RST,W_EN}***", "\000", $time {0 0 0};
    %vpi_call/w 3 1581 "$display" {0 0 0};
    %pushi/vec4 1, 0, 1;
    %ix/load 4, 4, 0;
    %flag_set/imm 4, 0;
    %store/vec4a v0x5bf8d83315c0, 4, 0;
T_13.1169 ;
    %pushi/vec4 0, 0, 1;
    %ix/load 4, 0, 0;
    %flag_set/imm 4, 0;
    %store/vec4a v0x5bf8d83303d0, 4, 0;
    %fork t_99, S_0x5bf8d8325ea0;
    %jmp t_98;
    .scope S_0x5bf8d8325ea0;
t_99 ;
    %pushi/vec4 0, 0, 32;
    %store/vec4 v0x5bf8d8326080_0, 0, 32;
T_13.1171 ;
    %load/vec4 v0x5bf8d8326080_0;
    %cmpi/s 3, 0, 32;
    %jmp/0xz T_13.1172, 5;
    %ix/getv/s 4, v0x5bf8d8326080_0;
    %load/vec4a v0x5bf8d832eef0, 4;
    %nor/r;
    %flag_set/vec4 11;
    %flag_get/vec4 11;
    %jmp/0 T_13.1177, 11;
    %ix/load 4, 0, 0;
    %flag_set/imm 4, 0;
    %load/vec4a v0x5bf8d83303d0, 4;
    %nor/r;
    %and;
T_13.1177;
    %flag_set/vec4 10;
    %flag_get/vec4 10;
    %jmp/0 T_13.1176, 10;
    %load/vec4 v0x5bf8d8330b10_0;
    %and;
T_13.1176;
    %flag_set/vec4 9;
    %flag_get/vec4 9;
    %jmp/0 T_13.1175, 9;
    %load/vec4 v0x5bf8d8330a50_0;
    %and;
T_13.1175;
    %flag_set/vec4 8;
    %jmp/0xz  T_13.1173, 8;
    %load/vec4 v0x5bf8d8330990_0;
    %flag_set/vec4 8;
    %jmp/0xz  T_13.1178, 8;
    %pushi/vec4 2, 0, 2;
    %load/vec4 v0x5bf8d832dfd0_0;
    %concat/vec4; draw_concat_vec4
    %split/vec4 8;
    %store/vec4 v0x5bf8d832a4c0_0, 0, 8;
    %split/vec4 1;
    %store/vec4 v0x5bf8d832be30_0, 0, 1;
    %store/vec4 v0x5bf8d832c670_0, 0, 1;
    %pushi/vec4 1, 0, 1;
    %ix/load 4, 0, 0;
    %flag_set/imm 4, 0;
    %store/vec4a v0x5bf8d83303d0, 4, 0;
    %jmp T_13.1179;
T_13.1178 ;
    %load/vec4 v0x5bf8d8326080_0;
    %parti/s 2, 0, 2;
    %load/vec4 v0x5bf8d832dfd0_0;
    %concat/vec4; draw_concat_vec4
    %split/vec4 8;
    %store/vec4 v0x5bf8d832a4c0_0, 0, 8;
    %split/vec4 1;
    %store/vec4 v0x5bf8d832be30_0, 0, 1;
    %store/vec4 v0x5bf8d832c670_0, 0, 1;
    %pushi/vec4 1, 0, 1;
    %ix/load 4, 0, 0;
    %flag_set/imm 4, 0;
    %store/vec4a v0x5bf8d83303d0, 4, 0;
    %pushi/vec4 1, 0, 1;
    %ix/load 4, 0, 0;
    %flag_set/imm 4, 0;
    %store/vec4a v0x5bf8d832f8b0, 4, 0;
T_13.1179 ;
T_13.1173 ;
    ; show_stmt_assign_vector: Get l-value for compressed += operand
    %load/vec4 v0x5bf8d8326080_0;
    %pushi/vec4 1, 0, 32;
    %add;
    %cast2;
    %store/vec4 v0x5bf8d8326080_0, 0, 32;
    %jmp T_13.1171;
T_13.1172 ;
    %end;
    .scope S_0x5bf8d8323a40;
t_98 %join;
T_13.1168 ;
T_13.1166 ;
    %pushi/vec4 1, 0, 32;
    %ix/load 4, 1, 0;
    %flag_set/imm 4, 0;
    %store/vec4a v0x5bf8d832ea10, 4, 0;
    %fork t_101, S_0x5bf8d8326180;
    %jmp t_100;
    .scope S_0x5bf8d8326180;
t_101 ;
    %pushi/vec4 0, 0, 32;
    %store/vec4 v0x5bf8d8326360_0, 0, 32;
T_13.1180 ;
    %load/vec4 v0x5bf8d8326360_0;
    %cmpi/s 3, 0, 32;
    %jmp/0xz T_13.1181, 5;
    %ix/getv/s 4, v0x5bf8d8326360_0;
    %load/vec4a v0x5bf8d832eef0, 4;
    %nor/r;
    %flag_set/vec4 8;
    %jmp/0xz  T_13.1182, 8;
    %pushi/vec4 0, 0, 32;
    %ix/load 4, 1, 0;
    %flag_set/imm 4, 0;
    %store/vec4a v0x5bf8d832ea10, 4, 0;
T_13.1182 ;
    ; show_stmt_assign_vector: Get l-value for compressed += operand
    %load/vec4 v0x5bf8d8326360_0;
    %pushi/vec4 1, 0, 32;
    %add;
    %cast2;
    %store/vec4 v0x5bf8d8326360_0, 0, 32;
    %jmp T_13.1180;
T_13.1181 ;
    %end;
    .scope S_0x5bf8d8323a40;
t_100 %join;
    %ix/load 4, 1, 0;
    %flag_set/imm 4, 0;
    %load/vec4a v0x5bf8d832f8b0, 4;
    %flag_set/vec4 8;
    %jmp/0xz  T_13.1184, 8;
    %pushi/vec4 2, 0, 2;
    %load/vec4 v0x5bf8d832dfd0_0;
    %concat/vec4; draw_concat_vec4
    %split/vec4 8;
    %store/vec4 v0x5bf8d832a4c0_0, 0, 8;
    %split/vec4 1;
    %store/vec4 v0x5bf8d832be30_0, 0, 1;
    %store/vec4 v0x5bf8d832c670_0, 0, 1;
    %jmp T_13.1185;
T_13.1184 ;
    %ix/load 4, 5, 0;
    %flag_set/imm 4, 0;
    %load/vec4a v0x5bf8d83315c0, 4;
    %pad/u 32;
    %cmpi/ne 1, 0, 32;
    %jmp/0xz  T_13.1186, 6;
    %vpi_call/w 3 1625 "$display" {0 0 0};
    %vpi_call/w 3 1626 "$display", "%12s ***time = %0d,TEST for prev_state_w = FULL_EXPECTED and current_state = {W_RST,W_EN}***", "\000", $time {0 0 0};
    %vpi_call/w 3 1627 "$display" {0 0 0};
    %pushi/vec4 1, 0, 1;
    %ix/load 4, 5, 0;
    %flag_set/imm 4, 0;
    %store/vec4a v0x5bf8d83315c0, 4, 0;
T_13.1186 ;
    %pushi/vec4 0, 0, 1;
    %ix/load 4, 1, 0;
    %flag_set/imm 4, 0;
    %store/vec4a v0x5bf8d83303d0, 4, 0;
    %fork t_103, S_0x5bf8d8326460;
    %jmp t_102;
    .scope S_0x5bf8d8326460;
t_103 ;
    %pushi/vec4 0, 0, 32;
    %store/vec4 v0x5bf8d8326640_0, 0, 32;
T_13.1188 ;
    %load/vec4 v0x5bf8d8326640_0;
    %cmpi/s 3, 0, 32;
    %jmp/0xz T_13.1189, 5;
    %load/vec4 v0x5bf8d8326640_0;
    %addi 3, 0, 32;
    %ix/vec4/s 4;
    %load/vec4a v0x5bf8d832eef0, 4;
    %nor/r;
    %flag_set/vec4 12;
    %flag_get/vec4 12;
    %jmp/0 T_13.1195, 12;
    %ix/load 4, 1, 0;
    %flag_set/imm 4, 0;
    %load/vec4a v0x5bf8d832ea10, 4;
    %pushi/vec4 0, 0, 32;
    %cmp/ne;
    %flag_get/vec4 4;
    %and;
T_13.1195;
    %flag_set/vec4 11;
    %flag_get/vec4 11;
    %jmp/0 T_13.1194, 11;
    %ix/load 4, 1, 0;
    %flag_set/imm 4, 0;
    %load/vec4a v0x5bf8d83303d0, 4;
    %nor/r;
    %and;
T_13.1194;
    %flag_set/vec4 10;
    %flag_get/vec4 10;
    %jmp/0 T_13.1193, 10;
    %load/vec4 v0x5bf8d8330b10_0;
    %and;
T_13.1193;
    %flag_set/vec4 9;
    %flag_get/vec4 9;
    %jmp/0 T_13.1192, 9;
    %load/vec4 v0x5bf8d8330a50_0;
    %and;
T_13.1192;
    %flag_set/vec4 8;
    %jmp/0xz  T_13.1190, 8;
    %load/vec4 v0x5bf8d8330990_0;
    %nor/r;
    %flag_set/vec4 8;
    %jmp/0xz  T_13.1196, 8;
    %pushi/vec4 1, 0, 2;
    %load/vec4 v0x5bf8d832dfd0_0;
    %concat/vec4; draw_concat_vec4
    %split/vec4 8;
    %store/vec4 v0x5bf8d832a4c0_0, 0, 8;
    %split/vec4 1;
    %store/vec4 v0x5bf8d832be30_0, 0, 1;
    %store/vec4 v0x5bf8d832c670_0, 0, 1;
    %pushi/vec4 1, 0, 1;
    %ix/load 4, 1, 0;
    %flag_set/imm 4, 0;
    %store/vec4a v0x5bf8d83303d0, 4, 0;
    %jmp T_13.1197;
T_13.1196 ;
    %load/vec4 v0x5bf8d8326640_0;
    %parti/s 2, 0, 2;
    %load/vec4 v0x5bf8d832dfd0_0;
    %concat/vec4; draw_concat_vec4
    %split/vec4 8;
    %store/vec4 v0x5bf8d832a4c0_0, 0, 8;
    %split/vec4 1;
    %store/vec4 v0x5bf8d832be30_0, 0, 1;
    %store/vec4 v0x5bf8d832c670_0, 0, 1;
    %pushi/vec4 1, 0, 1;
    %ix/load 4, 1, 0;
    %flag_set/imm 4, 0;
    %store/vec4a v0x5bf8d83303d0, 4, 0;
    %pushi/vec4 1, 0, 1;
    %ix/load 4, 1, 0;
    %flag_set/imm 4, 0;
    %store/vec4a v0x5bf8d832f8b0, 4, 0;
T_13.1197 ;
T_13.1190 ;
    ; show_stmt_assign_vector: Get l-value for compressed += operand
    %load/vec4 v0x5bf8d8326640_0;
    %pushi/vec4 1, 0, 32;
    %add;
    %cast2;
    %store/vec4 v0x5bf8d8326640_0, 0, 32;
    %jmp T_13.1188;
T_13.1189 ;
    %end;
    .scope S_0x5bf8d8323a40;
t_102 %join;
T_13.1185 ;
    %pushi/vec4 1, 0, 32;
    %ix/load 4, 2, 0;
    %flag_set/imm 4, 0;
    %store/vec4a v0x5bf8d832ea10, 4, 0;
    %fork t_105, S_0x5bf8d8326740;
    %jmp t_104;
    .scope S_0x5bf8d8326740;
t_105 ;
    %pushi/vec4 3, 0, 32;
    %store/vec4 v0x5bf8d8326920_0, 0, 32;
T_13.1198 ;
    %load/vec4 v0x5bf8d8326920_0;
    %cmpi/s 6, 0, 32;
    %jmp/0xz T_13.1199, 5;
    %ix/getv/s 4, v0x5bf8d8326920_0;
    %load/vec4a v0x5bf8d832eef0, 4;
    %nor/r;
    %flag_set/vec4 8;
    %jmp/0xz  T_13.1200, 8;
    %pushi/vec4 0, 0, 32;
    %ix/load 4, 2, 0;
    %flag_set/imm 4, 0;
    %store/vec4a v0x5bf8d832ea10, 4, 0;
T_13.1200 ;
    ; show_stmt_assign_vector: Get l-value for compressed += operand
    %load/vec4 v0x5bf8d8326920_0;
    %pushi/vec4 1, 0, 32;
    %add;
    %cast2;
    %store/vec4 v0x5bf8d8326920_0, 0, 32;
    %jmp T_13.1198;
T_13.1199 ;
    %end;
    .scope S_0x5bf8d8323a40;
t_104 %join;
    %load/vec4 v0x5bf8d8330b10_0;
    %flag_set/vec4 9;
    %flag_get/vec4 9;
    %jmp/0 T_13.1204, 9;
    %load/vec4 v0x5bf8d8330a50_0;
    %and;
T_13.1204;
    %flag_set/vec4 8;
    %jmp/0xz  T_13.1202, 8;
    %load/vec4 v0x5bf8d8330990_0;
    %load/vec4 v0x5bf8d832c670_0;
    %concat/vec4; draw_concat_vec4
    %load/vec4 v0x5bf8d832be30_0;
    %concat/vec4; draw_concat_vec4
    %cmpi/u 3, 0, 3;
    %jmp/0xz  T_13.1205, 5;
    ; show_stmt_assign_vector: Get l-value for compressed += operand
    %load/vec4 v0x5bf8d8330990_0;
    %load/vec4 v0x5bf8d832c670_0;
    %concat/vec4; draw_concat_vec4
    %load/vec4 v0x5bf8d832be30_0;
    %concat/vec4; draw_concat_vec4
    %pad/u 7;
    %ix/vec4 4;
    %flag_mov 8, 4;
    %load/vec4a v0x5bf8d832eef0, 4;
    %pushi/vec4 1, 0, 32;
    %add;
    %flag_mov 4, 8;
    %store/vec4a v0x5bf8d832eef0, 4, 0;
    %jmp T_13.1206;
T_13.1205 ;
    %load/vec4 v0x5bf8d8330990_0;
    %load/vec4 v0x5bf8d832c670_0;
    %concat/vec4; draw_concat_vec4
    %load/vec4 v0x5bf8d832be30_0;
    %concat/vec4; draw_concat_vec4
    %cmpi/u 3, 0, 3;
    %flag_or 5, 4; GT is !LE
    %flag_inv 5;
    %jmp/0xz  T_13.1207, 5;
    ; show_stmt_assign_vector: Get l-value for compressed += operand
    %load/vec4 v0x5bf8d8330990_0;
    %load/vec4 v0x5bf8d832c670_0;
    %concat/vec4; draw_concat_vec4
    %load/vec4 v0x5bf8d832be30_0;
    %concat/vec4; draw_concat_vec4
    %pad/u 32;
    %subi 1, 0, 32;
    %ix/vec4 4;
    %flag_mov 8, 4;
    %load/vec4a v0x5bf8d832eef0, 4;
    %pushi/vec4 1, 0, 32;
    %add;
    %flag_mov 4, 8;
    %store/vec4a v0x5bf8d832eef0, 4, 0;
T_13.1207 ;
T_13.1206 ;
T_13.1202 ;
    %pushi/vec4 1, 0, 32;
    %ix/load 4, 0, 0;
    %flag_set/imm 4, 0;
    %store/vec4a v0x5bf8d832ea10, 4, 0;
    %fork t_107, S_0x5bf8d8326a20;
    %jmp t_106;
    .scope S_0x5bf8d8326a20;
t_107 ;
    %pushi/vec4 0, 0, 32;
    %store/vec4 v0x5bf8d8326d10_0, 0, 32;
T_13.1209 ;
    %load/vec4 v0x5bf8d8326d10_0;
    %cmpi/s 6, 0, 32;
    %jmp/0xz T_13.1210, 5;
    %ix/getv/s 4, v0x5bf8d8326d10_0;
    %load/vec4a v0x5bf8d832eef0, 4;
    %nor/r;
    %flag_set/vec4 8;
    %jmp/0xz  T_13.1211, 8;
    %pushi/vec4 0, 0, 32;
    %ix/load 4, 0, 0;
    %flag_set/imm 4, 0;
    %store/vec4a v0x5bf8d832ea10, 4, 0;
T_13.1211 ;
    ; show_stmt_assign_vector: Get l-value for compressed += operand
    %load/vec4 v0x5bf8d8326d10_0;
    %pushi/vec4 1, 0, 32;
    %add;
    %cast2;
    %store/vec4 v0x5bf8d8326d10_0, 0, 32;
    %jmp T_13.1209;
T_13.1210 ;
    %end;
    .scope S_0x5bf8d8323a40;
t_106 %join;
    %pushi/vec4 1, 0, 1;
    %store/vec4 v0x5bf8d8330b10_0, 0, 1;
    %load/vec4 v0x5bf8d832f090_0;
    %flag_set/vec4 8;
    %jmp/1 T_13.1218, 8;
    %ix/load 4, 0, 0;
    %flag_set/imm 4, 0;
    %load/vec4a v0x5bf8d832f8b0, 4;
    %flag_set/vec4 9;
    %flag_or 8, 9;
T_13.1218;
    %jmp/1 T_13.1217, 8;
    %ix/load 4, 1, 0;
    %flag_set/imm 4, 0;
    %load/vec4a v0x5bf8d832f8b0, 4;
    %flag_set/vec4 9;
    %flag_or 8, 9;
T_13.1217;
    %jmp/1 T_13.1216, 8;
    %ix/load 4, 2, 0;
    %flag_set/imm 4, 0;
    %load/vec4a v0x5bf8d832f8b0, 4;
    %flag_set/vec4 9;
    %flag_or 8, 9;
T_13.1216;
    %jmp/1 T_13.1215, 8;
    %ix/load 4, 3, 0;
    %flag_set/imm 4, 0;
    %load/vec4a v0x5bf8d832f8b0, 4;
    %flag_set/vec4 9;
    %flag_or 8, 9;
T_13.1215;
    %jmp/0xz  T_13.1213, 8;
    %pushi/vec4 0, 0, 1;
    %store/vec4 v0x5bf8d8330b10_0, 0, 1;
T_13.1213 ;
T_13.1123 ;
T_13.1107 ;
T_13.1086 ;
T_13.1078 ;
T_13.1065 ;
T_13.1056 ;
T_13.1040 ;
T_13.1035 ;
T_13.840 ;
T_13.646 ;
    %end;
S_0x5bf8d8323c20 .scope begin, "$ivl_for_loop1" "$ivl_for_loop1" 3 527, 3 527 0, S_0x5bf8d8323a40;
 .timescale -9 -11;
v0x5bf8d8323e20_0 .var/2s "j", 31 0;
S_0x5bf8d8323f20 .scope begin, "$ivl_for_loop10" "$ivl_for_loop10" 3 1028, 3 1028 0, S_0x5bf8d8323a40;
 .timescale -9 -11;
v0x5bf8d8324120_0 .var/2s "k", 31 0;
S_0x5bf8d8324200 .scope begin, "$ivl_for_loop11" "$ivl_for_loop11" 3 1047, 3 1047 0, S_0x5bf8d8323a40;
 .timescale -9 -11;
v0x5bf8d83243e0_0 .var/2s "k", 31 0;
S_0x5bf8d83244c0 .scope begin, "$ivl_for_loop12" "$ivl_for_loop12" 3 1100, 3 1100 0, S_0x5bf8d8323a40;
 .timescale -9 -11;
v0x5bf8d83246a0_0 .var/2s "k", 31 0;
S_0x5bf8d83247a0 .scope begin, "$ivl_for_loop13" "$ivl_for_loop13" 3 1118, 3 1118 0, S_0x5bf8d8323a40;
 .timescale -9 -11;
v0x5bf8d83249d0_0 .var/2s "j", 31 0;
S_0x5bf8d8324ad0 .scope begin, "$ivl_for_loop14" "$ivl_for_loop14" 3 1146, 3 1146 0, S_0x5bf8d8323a40;
 .timescale -9 -11;
v0x5bf8d8324cb0_0 .var/2s "k", 31 0;
S_0x5bf8d8324db0 .scope begin, "$ivl_for_loop15" "$ivl_for_loop15" 3 1165, 3 1165 0, S_0x5bf8d8323a40;
 .timescale -9 -11;
v0x5bf8d8324f90_0 .var/2s "j", 31 0;
S_0x5bf8d8325090 .scope begin, "$ivl_for_loop16" "$ivl_for_loop16" 3 1187, 3 1187 0, S_0x5bf8d8323a40;
 .timescale -9 -11;
v0x5bf8d8325270_0 .var/2s "j", 31 0;
S_0x5bf8d8325370 .scope begin, "$ivl_for_loop17" "$ivl_for_loop17" 3 1508, 3 1508 0, S_0x5bf8d8323a40;
 .timescale -9 -11;
v0x5bf8d8325550_0 .var/2s "j", 31 0;
S_0x5bf8d8325650 .scope begin, "$ivl_for_loop18" "$ivl_for_loop18" 3 1512, 3 1512 0, S_0x5bf8d8323a40;
 .timescale -9 -11;
v0x5bf8d83257e0_0 .var/2s "k", 31 0;
S_0x5bf8d83258e0 .scope begin, "$ivl_for_loop19" "$ivl_for_loop19" 3 1532, 3 1532 0, S_0x5bf8d8323a40;
 .timescale -9 -11;
v0x5bf8d8325ac0_0 .var/2s "k", 31 0;
S_0x5bf8d8325bc0 .scope begin, "$ivl_for_loop2" "$ivl_for_loop2" 3 531, 3 531 0, S_0x5bf8d8323a40;
 .timescale -9 -11;
v0x5bf8d8325da0_0 .var/2s "k", 31 0;
S_0x5bf8d8325ea0 .scope begin, "$ivl_for_loop20" "$ivl_for_loop20" 3 1586, 3 1586 0, S_0x5bf8d8323a40;
 .timescale -9 -11;
v0x5bf8d8326080_0 .var/2s "k", 31 0;
S_0x5bf8d8326180 .scope begin, "$ivl_for_loop21" "$ivl_for_loop21" 3 1604, 3 1604 0, S_0x5bf8d8323a40;
 .timescale -9 -11;
v0x5bf8d8326360_0 .var/2s "j", 31 0;
S_0x5bf8d8326460 .scope begin, "$ivl_for_loop22" "$ivl_for_loop22" 3 1634, 3 1634 0, S_0x5bf8d8323a40;
 .timescale -9 -11;
v0x5bf8d8326640_0 .var/2s "k", 31 0;
S_0x5bf8d8326740 .scope begin, "$ivl_for_loop23" "$ivl_for_loop23" 3 1653, 3 1653 0, S_0x5bf8d8323a40;
 .timescale -9 -11;
v0x5bf8d8326920_0 .var/2s "j", 31 0;
S_0x5bf8d8326a20 .scope begin, "$ivl_for_loop24" "$ivl_for_loop24" 3 1675, 3 1675 0, S_0x5bf8d8323a40;
 .timescale -9 -11;
v0x5bf8d8326d10_0 .var/2s "j", 31 0;
S_0x5bf8d8326e10 .scope begin, "$ivl_for_loop3" "$ivl_for_loop3" 3 552, 3 552 0, S_0x5bf8d8323a40;
 .timescale -9 -11;
v0x5bf8d8326ff0_0 .var/2s "k", 31 0;
S_0x5bf8d83270f0 .scope begin, "$ivl_for_loop4" "$ivl_for_loop4" 3 609, 3 609 0, S_0x5bf8d8323a40;
 .timescale -9 -11;
v0x5bf8d83272d0_0 .var/2s "k", 31 0;
S_0x5bf8d83273d0 .scope begin, "$ivl_for_loop5" "$ivl_for_loop5" 3 628, 3 628 0, S_0x5bf8d8323a40;
 .timescale -9 -11;
v0x5bf8d83275b0_0 .var/2s "j", 31 0;
S_0x5bf8d83276b0 .scope begin, "$ivl_for_loop6" "$ivl_for_loop6" 3 658, 3 658 0, S_0x5bf8d8323a40;
 .timescale -9 -11;
v0x5bf8d8327890_0 .var/2s "k", 31 0;
S_0x5bf8d8327990 .scope begin, "$ivl_for_loop7" "$ivl_for_loop7" 3 677, 3 677 0, S_0x5bf8d8323a40;
 .timescale -9 -11;
v0x5bf8d8327b70_0 .var/2s "j", 31 0;
S_0x5bf8d8327c70 .scope begin, "$ivl_for_loop8" "$ivl_for_loop8" 3 699, 3 699 0, S_0x5bf8d8323a40;
 .timescale -9 -11;
v0x5bf8d8327e50_0 .var/2s "j", 31 0;
S_0x5bf8d8327f50 .scope begin, "$ivl_for_loop9" "$ivl_for_loop9" 3 1024, 3 1024 0, S_0x5bf8d8323a40;
 .timescale -9 -11;
v0x5bf8d8328130_0 .var/2s "j", 31 0;
S_0x5bf8d8328230 .scope task, "initialize" "initialize" 3 173, 3 173 0, S_0x5bf8d82f4090;
 .timescale -9 -11;
TD_tb_fifo_asynchronous.initialize ;
    %vpi_func 3 174 "$urandom_range" 32, 32'sb00000000000000000000000000100000, 32'sb00000000000000000000000001111110 {0 0 0};
    %pad/u 8;
    %store/vec4 v0x5bf8d832dfd0_0, 0, 8;
    %pushi/vec4 0, 0, 2;
    %load/vec4 v0x5bf8d832dfd0_0;
    %concat/vec4; draw_concat_vec4
    %split/vec4 8;
    %store/vec4 v0x5bf8d832a4c0_0, 0, 8;
    %split/vec4 1;
    %store/vec4 v0x5bf8d832be30_0, 0, 1;
    %store/vec4 v0x5bf8d832c670_0, 0, 1;
    %vpi_call/w 3 176 "$display", "ch=%b", v0x5bf8d832dfd0_0 {0 0 0};
    %pushi/vec4 0, 0, 2;
    %split/vec4 1;
    %store/vec4 v0x5bf8d832aef0_0, 0, 1;
    %store/vec4 v0x5bf8d832b780_0, 0, 1;
    %pushi/vec4 0, 0, 1;
    %store/vec4 v0x5bf8d832b8b0_0, 0, 1;
    %pushi/vec4 0, 0, 1;
    %store/vec4 v0x5bf8d832baa0_0, 0, 1;
    %pushi/vec4 0, 0, 1;
    %store/vec4 v0x5bf8d832b970_0, 0, 1;
    %pushi/vec4 0, 0, 32;
    %store/vec4 v0x5bf8d832bbd0_0, 0, 32;
    %pushi/vec4 0, 0, 32;
    %store/vec4 v0x5bf8d832a930_0, 0, 32;
    %pushi/vec4 0, 0, 32;
    %store/vec4 v0x5bf8d8330470_0, 0, 32;
T_14.1219 ;
    %load/vec4 v0x5bf8d8330470_0;
    %cmpi/s 48, 0, 32;
    %jmp/0xz T_14.1220, 5;
    %pushi/vec4 0, 0, 32;
    %ix/getv/s 4, v0x5bf8d8330470_0;
    %store/vec4a v0x5bf8d8331860, 4, 0;
    %pushi/vec4 0, 0, 32;
    %ix/getv/s 4, v0x5bf8d8330470_0;
    %store/vec4a v0x5bf8d83317a0, 4, 0;
    ; show_stmt_assign_vector: Get l-value for compressed += operand
    %load/vec4 v0x5bf8d8330470_0;
    %pushi/vec4 1, 0, 32;
    %add;
    %cast2;
    %store/vec4 v0x5bf8d8330470_0, 0, 32;
    %jmp T_14.1219;
T_14.1220 ;
    %pushi/vec4 0, 0, 32;
    %store/vec4 v0x5bf8d8330470_0, 0, 32;
T_14.1221 ;
    %load/vec4 v0x5bf8d8330470_0;
    %cmpi/s 49, 0, 32;
    %jmp/0xz T_14.1222, 5;
    %pushi/vec4 0, 0, 32;
    %ix/getv/s 4, v0x5bf8d8330470_0;
    %store/vec4a v0x5bf8d832eef0, 4, 0;
    %pushi/vec4 0, 0, 32;
    %ix/getv/s 4, v0x5bf8d8330470_0;
    %store/vec4a v0x5bf8d832e7d0, 4, 0;
    ; show_stmt_assign_vector: Get l-value for compressed += operand
    %load/vec4 v0x5bf8d8330470_0;
    %pushi/vec4 1, 0, 32;
    %add;
    %cast2;
    %store/vec4 v0x5bf8d8330470_0, 0, 32;
    %jmp T_14.1221;
T_14.1222 ;
    %pushi/vec4 0, 0, 32;
    %store/vec4 v0x5bf8d8331bc0_0, 0, 32;
    %pushi/vec4 0, 0, 32;
    %store/vec4 v0x5bf8d8331ae0_0, 0, 32;
    %pushi/vec4 0, 0, 1;
    %store/vec4 v0x5bf8d832e0b0_0, 0, 1;
    %vpi_call/w 3 204 "$display" {0 0 0};
    %vpi_call/w 3 205 "$display", "TEST_START-------------------------------------------------------------------------------------------------------------------------------------------------------------------------------------------------------------------------------------------------" {0 0 0};
    %vpi_call/w 3 206 "$display" {0 0 0};
    %vpi_call/w 3 207 "$display", "                     | TIME | TICK_W | W_RST | W_EN | DATA_IN | FULL | FULL_EXPECTED | ADDR_A | ADDR_A_EXPECTED | WRAP_W | W_PTR | W_PTR_EXPECTED | TICK_R | R_RST | R_EN | EMPTY | EMPTY_EXPECTED | ADDR_B | ADDR_B_EXPECTED | WRAP_R | R_PTR | R_PTR_EXPECTED | DATA_OUT | DATA_OUT_EXPECTED |" {0 0 0};
    %vpi_call/w 3 208 "$display", "-----------------------------------------------------------------------------------------------------------------------------------------------------------------------------------------------------------------------------------------------------------" {0 0 0};
    %end;
S_0x5bf8d8328410 .scope task, "random_in_r" "random_in_r" 3 3293, 3 3293 0, S_0x5bf8d82f4090;
 .timescale -9 -11;
TD_tb_fifo_asynchronous.random_in_r ;
    %vpi_func 3 3295 "$urandom_range" 32, 32'sb00000000000000000000000000000000, 32'sb00000000000000000000000000000011 {0 0 0};
    %cast2;
    %store/vec4 v0x5bf8d8330550_0, 0, 32;
    %vpi_func 3 3296 "$urandom_range" 32, 32'sb00000000000000000000000000000001, 32'sb00000000000000000000000000010100 {0 0 0};
    %cast2;
    %store/vec4 v0x5bf8d832de10_0, 0, 32;
    %load/vec4 v0x5bf8d832de10_0;
T_15.1223 %dup/vec4;
    %pushi/vec4 0, 0, 32;
    %cmp/s;
    %jmp/1xz T_15.1224, 5;
    %jmp/1 T_15.1224, 4;
    %pushi/vec4 1, 0, 32;
    %sub;
    %wait E_0x5bf8d8300590;
    %load/vec4 v0x5bf8d8330550_0;
    %dup/vec4;
    %pushi/vec4 0, 0, 32;
    %cmp/u;
    %jmp/1 T_15.1225, 6;
    %dup/vec4;
    %pushi/vec4 1, 0, 32;
    %cmp/u;
    %jmp/1 T_15.1226, 6;
    %dup/vec4;
    %pushi/vec4 2, 0, 32;
    %cmp/u;
    %jmp/1 T_15.1227, 6;
    %dup/vec4;
    %pushi/vec4 3, 0, 32;
    %cmp/u;
    %jmp/1 T_15.1228, 6;
    %jmp T_15.1229;
T_15.1225 ;
    %pushi/vec4 0, 0, 1;
    %store/vec4 v0x5bf8d832b780_0, 0, 1;
    %pushi/vec4 0, 0, 1;
    %store/vec4 v0x5bf8d832aef0_0, 0, 1;
    %jmp T_15.1229;
T_15.1226 ;
    %pushi/vec4 0, 0, 1;
    %store/vec4 v0x5bf8d832b780_0, 0, 1;
    %pushi/vec4 1, 0, 1;
    %store/vec4 v0x5bf8d832aef0_0, 0, 1;
    %jmp T_15.1229;
T_15.1227 ;
    %pushi/vec4 1, 0, 1;
    %store/vec4 v0x5bf8d832b780_0, 0, 1;
    %pushi/vec4 0, 0, 1;
    %store/vec4 v0x5bf8d832aef0_0, 0, 1;
    %jmp T_15.1229;
T_15.1228 ;
    %pushi/vec4 1, 0, 1;
    %store/vec4 v0x5bf8d832b780_0, 0, 1;
    %pushi/vec4 1, 0, 1;
    %store/vec4 v0x5bf8d832aef0_0, 0, 1;
    %jmp T_15.1229;
T_15.1229 ;
    %pop/vec4 1;
    %jmp T_15.1223;
T_15.1224 ;
    %pop/vec4 1;
    %pushi/real 1717986918, 4062; load=0.100000
    %pushi/real 1677722, 4040; load=0.100000
    %add/wr;
    %vpi_func 3 3320 "$urandom_range" 32, W<0,r>, 32'sb00000000000000000000000000001010 {0 1 0};
    %pad/u 64;
    %muli 100, 0, 64;
    %ix/vec4 4;
    %delayx 4;
    %end;
S_0x5bf8d83285f0 .scope task, "random_in_w" "random_in_w" 3 3262, 3 3262 0, S_0x5bf8d82f4090;
 .timescale -9 -11;
TD_tb_fifo_asynchronous.random_in_w ;
    %vpi_func 3 3264 "$urandom_range" 32, 32'sb00000000000000000000000000100000, 32'sb00000000000000000000000001111110 {0 0 0};
    %pad/u 8;
    %store/vec4 v0x5bf8d832dfd0_0, 0, 8;
    %vpi_func 3 3266 "$urandom_range" 32, 32'sb00000000000000000000000000000000, 32'sb00000000000000000000000000000011 {0 0 0};
    %cast2;
    %store/vec4 v0x5bf8d8330630_0, 0, 32;
    %vpi_func 3 3267 "$urandom_range" 32, 32'sb00000000000000000000000000000001, 32'sb00000000000000000000000000010100 {0 0 0};
    %cast2;
    %store/vec4 v0x5bf8d832def0_0, 0, 32;
    %load/vec4 v0x5bf8d832def0_0;
T_16.1230 %dup/vec4;
    %pushi/vec4 0, 0, 32;
    %cmp/s;
    %jmp/1xz T_16.1231, 5;
    %jmp/1 T_16.1231, 4;
    %pushi/vec4 1, 0, 32;
    %sub;
    %wait E_0x5bf8d831bab0;
    %load/vec4 v0x5bf8d8330630_0;
    %dup/vec4;
    %pushi/vec4 0, 0, 32;
    %cmp/u;
    %jmp/1 T_16.1232, 6;
    %dup/vec4;
    %pushi/vec4 1, 0, 32;
    %cmp/u;
    %jmp/1 T_16.1233, 6;
    %dup/vec4;
    %pushi/vec4 2, 0, 32;
    %cmp/u;
    %jmp/1 T_16.1234, 6;
    %dup/vec4;
    %pushi/vec4 3, 0, 32;
    %cmp/u;
    %jmp/1 T_16.1235, 6;
    %jmp T_16.1236;
T_16.1232 ;
    %pushi/vec4 0, 0, 1;
    %store/vec4 v0x5bf8d832c670_0, 0, 1;
    %pushi/vec4 0, 0, 1;
    %store/vec4 v0x5bf8d832be30_0, 0, 1;
    %load/vec4 v0x5bf8d832dfd0_0;
    %store/vec4 v0x5bf8d832a4c0_0, 0, 8;
    %jmp T_16.1236;
T_16.1233 ;
    %pushi/vec4 0, 0, 1;
    %store/vec4 v0x5bf8d832c670_0, 0, 1;
    %pushi/vec4 1, 0, 1;
    %store/vec4 v0x5bf8d832be30_0, 0, 1;
    %load/vec4 v0x5bf8d832dfd0_0;
    %store/vec4 v0x5bf8d832a4c0_0, 0, 8;
    %jmp T_16.1236;
T_16.1234 ;
    %pushi/vec4 1, 0, 1;
    %store/vec4 v0x5bf8d832c670_0, 0, 1;
    %pushi/vec4 0, 0, 1;
    %store/vec4 v0x5bf8d832be30_0, 0, 1;
    %load/vec4 v0x5bf8d832dfd0_0;
    %store/vec4 v0x5bf8d832a4c0_0, 0, 8;
    %jmp T_16.1236;
T_16.1235 ;
    %pushi/vec4 1, 0, 1;
    %store/vec4 v0x5bf8d832c670_0, 0, 1;
    %pushi/vec4 1, 0, 1;
    %store/vec4 v0x5bf8d832be30_0, 0, 1;
    %load/vec4 v0x5bf8d832dfd0_0;
    %store/vec4 v0x5bf8d832a4c0_0, 0, 8;
    %jmp T_16.1236;
T_16.1236 ;
    %pop/vec4 1;
    %jmp T_16.1230;
T_16.1231 ;
    %pop/vec4 1;
    %end;
S_0x5bf8d83288e0 .scope task, "sync2_flop_tick_r" "sync2_flop_tick_r" 3 3370, 3 3370 0, S_0x5bf8d82f4090;
 .timescale -9 -11;
TD_tb_fifo_asynchronous.sync2_flop_tick_r ;
    %load/vec4 v0x5bf8d832c2f0_0;
    %assign/vec4 v0x5bf8d832c3d0_0, 0;
    %load/vec4 v0x5bf8d832c3d0_0;
    %assign/vec4 v0x5bf8d832c4b0_0, 0;
    %load/vec4 v0x5bf8d832b260_0;
    %assign/vec4 v0x5bf8d832b400_0, 0;
    %end;
S_0x5bf8d8328ac0 .scope task, "sync2_flop_tick_w" "sync2_flop_tick_w" 3 3359, 3 3359 0, S_0x5bf8d82f4090;
 .timescale -9 -11;
TD_tb_fifo_asynchronous.sync2_flop_tick_w ;
    %load/vec4 v0x5bf8d832b400_0;
    %assign/vec4 v0x5bf8d832b4e0_0, 0;
    %load/vec4 v0x5bf8d832b4e0_0;
    %assign/vec4 v0x5bf8d832b5c0_0, 0;
    %load/vec4 v0x5bf8d832c150_0;
    %assign/vec4 v0x5bf8d832c2f0_0, 0;
    %end;
S_0x5bf8d8328ca0 .scope module, "test_dual_port_ram_asynchronous1" "dual_port_ram_asynchronous1" 3 104, 6 1 0, S_0x5bf8d82f4090;
 .timescale -9 -11;
    .port_info 0 /INPUT 1 "clk_a";
    .port_info 1 /INPUT 1 "rst_a";
    .port_info 2 /INPUT 1 "we_a";
    .port_info 3 /INPUT 4 "addr_a";
    .port_info 4 /INPUT 8 "data_in_a";
    .port_info 5 /OUTPUT 8 "data_out_a";
    .port_info 6 /INPUT 1 "clk_b";
    .port_info 7 /INPUT 1 "rst_b";
    .port_info 8 /INPUT 1 "we_b";
    .port_info 9 /INPUT 4 "addr_b";
    .port_info 10 /INPUT 8 "data_in_b";
    .port_info 11 /OUTPUT 8 "data_out_b";
P_0x5bf8d81bc200 .param/l "ADDR_WIDTH" 0 6 17, +C4<00000000000000000000000000000100>;
P_0x5bf8d81bc240 .param/l "DATA_WIDTH" 0 6 17, +C4<00000000000000000000000000001000>;
P_0x5bf8d81bc280 .param/l "MEM_DEPTH" 0 6 17, +C4<00000000000000000000000000010000>;
v0x5bf8d83290a0_0 .net "addr_a", 3 0, L_0x5bf8d8332850;  1 drivers
v0x5bf8d83291a0_0 .net "addr_b", 3 0, L_0x5bf8d8332980;  1 drivers
v0x5bf8d8329280_0 .net "clk_a", 0 0, v0x5bf8d832baa0_0;  alias, 1 drivers
v0x5bf8d8329350_0 .net "clk_b", 0 0, v0x5bf8d832b970_0;  alias, 1 drivers
v0x5bf8d83293f0_0 .net "data_in_a", 7 0, v0x5bf8d832a4c0_0;  alias, 1 drivers
L_0x7f054f3290f0 .functor BUFT 1, C4<00000000>, C4<0>, C4<0>, C4<0>;
v0x5bf8d8329530_0 .net "data_in_b", 7 0, L_0x7f054f3290f0;  1 drivers
v0x5bf8d8329610_0 .var "data_out_a", 7 0;
v0x5bf8d83296f0_0 .var "data_out_b", 7 0;
v0x5bf8d83297d0 .array "mem", 0 15, 7 0;
v0x5bf8d8329890_0 .net "rst_a", 0 0, v0x5bf8d832c670_0;  alias, 1 drivers
v0x5bf8d8329930_0 .net "rst_b", 0 0, v0x5bf8d832b780_0;  alias, 1 drivers
v0x5bf8d83299d0_0 .net "we_a", 0 0, L_0x5bf8d82ecf30;  alias, 1 drivers
L_0x7f054f3290a8 .functor BUFT 1, C4<0>, C4<0>, C4<0>, C4<0>;
v0x5bf8d8329a70_0 .net "we_b", 0 0, L_0x7f054f3290a8;  1 drivers
S_0x5bf8d8329cb0 .scope task, "vectorcount" "vectorcount" 3 3522, 3 3522 0, S_0x5bf8d82f4090;
 .timescale -9 -11;
TD_tb_fifo_asynchronous.vectorcount ;
    %load/vec4 v0x5bf8d832bbd0_0;
    %addi 1, 0, 32;
    %store/vec4 v0x5bf8d832bbd0_0, 0, 32;
    %end;
    .scope S_0x5bf8d831b740;
T_20 ;
    %wait E_0x5bf8d831bab0;
    %load/vec4 v0x5bf8d831c230_0;
    %assign/vec4 v0x5bf8d831c2f0_0, 0;
    %load/vec4 v0x5bf8d831c2f0_0;
    %assign/vec4 v0x5bf8d831c3b0_0, 0;
    %load/vec4 v0x5bf8d831c7d0_0;
    %assign/vec4 v0x5bf8d831c8b0_0, 0;
    %jmp T_20;
    .thread T_20;
    .scope S_0x5bf8d831b740;
T_21 ;
    %wait E_0x5bf8d831ba50;
    %load/vec4 v0x5bf8d831c9a0_0;
    %flag_set/vec4 8;
    %jmp/0xz  T_21.0, 8;
    %pushi/vec4 0, 0, 5;
    %assign/vec4 v0x5bf8d831c6f0_0, 0;
    %pushi/vec4 0, 0, 5;
    %assign/vec4 v0x5bf8d831c7d0_0, 0;
    %jmp T_21.1;
T_21.0 ;
    %load/vec4 v0x5bf8d831c170_0;
    %flag_set/vec4 8;
    %jmp/0xz  T_21.2, 8;
    %load/vec4 v0x5bf8d831c6f0_0;
    %addi 1, 0, 5;
    %assign/vec4 v0x5bf8d831c6f0_0, 0;
    %load/vec4 v0x5bf8d831c6f0_0;
    %pad/u 32;
    %addi 1, 0, 32;
    %load/vec4 v0x5bf8d831c6f0_0;
    %pad/u 32;
    %addi 1, 0, 32;
    %ix/load 4, 1, 0;
    %flag_set/imm 4, 0;
    %shiftr 4;
    %xor;
    %pad/u 5;
    %assign/vec4 v0x5bf8d831c7d0_0, 0;
T_21.2 ;
T_21.1 ;
    %jmp T_21;
    .thread T_21;
    .scope S_0x5bf8d831a660;
T_22 ;
    %wait E_0x5bf8d8300590;
    %load/vec4 v0x5bf8d831b1e0_0;
    %assign/vec4 v0x5bf8d831b2c0_0, 0;
    %load/vec4 v0x5bf8d831b2c0_0;
    %assign/vec4 v0x5bf8d831b3a0_0, 0;
    %load/vec4 v0x5bf8d831af60_0;
    %assign/vec4 v0x5bf8d831b040_0, 0;
    %jmp T_22;
    .thread T_22;
    .scope S_0x5bf8d831a660;
T_23 ;
    %wait E_0x5bf8d80182b0;
    %load/vec4 v0x5bf8d831b120_0;
    %flag_set/vec4 8;
    %jmp/0xz  T_23.0, 8;
    %pushi/vec4 0, 0, 5;
    %assign/vec4 v0x5bf8d831ae80_0, 0;
    %pushi/vec4 0, 0, 5;
    %assign/vec4 v0x5bf8d831af60_0, 0;
    %jmp T_23.1;
T_23.0 ;
    %load/vec4 v0x5bf8d831abf0_0;
    %flag_set/vec4 8;
    %jmp/0xz  T_23.2, 8;
    %load/vec4 v0x5bf8d831ae80_0;
    %addi 1, 0, 5;
    %assign/vec4 v0x5bf8d831ae80_0, 0;
    %load/vec4 v0x5bf8d831ae80_0;
    %pad/u 32;
    %addi 1, 0, 32;
    %load/vec4 v0x5bf8d831ae80_0;
    %pad/u 32;
    %addi 1, 0, 32;
    %ix/load 4, 1, 0;
    %flag_set/imm 4, 0;
    %shiftr 4;
    %xor;
    %pad/u 5;
    %assign/vec4 v0x5bf8d831af60_0, 0;
T_23.2 ;
T_23.1 ;
    %jmp T_23;
    .thread T_23;
    .scope S_0x5bf8d831cb60;
T_24 ;
    %wait E_0x5bf8d831bab0;
    %load/vec4 v0x5bf8d831d650_0;
    %flag_set/vec4 8;
    %jmp/0xz  T_24.0, 8;
    %pushi/vec4 0, 0, 8;
    %assign/vec4 v0x5bf8d831d3d0_0, 0;
    %jmp T_24.1;
T_24.0 ;
    %load/vec4 v0x5bf8d831d7c0_0;
    %flag_set/vec4 8;
    %jmp/0xz  T_24.2, 8;
    %load/vec4 v0x5bf8d831d220_0;
    %load/vec4 v0x5bf8d831ce70_0;
    %pad/u 6;
    %ix/vec4 3;
    %ix/load 4, 0, 0; Constant delay
    %assign/vec4/a/d v0x5bf8d831d590, 0, 4;
    %load/vec4 v0x5bf8d831ce70_0;
    %pad/u 6;
    %ix/vec4 4;
    %load/vec4a v0x5bf8d831d590, 4;
    %assign/vec4 v0x5bf8d831d3d0_0, 0;
    %jmp T_24.3;
T_24.2 ;
    %load/vec4 v0x5bf8d831ce70_0;
    %pad/u 6;
    %ix/vec4 4;
    %load/vec4a v0x5bf8d831d590, 4;
    %assign/vec4 v0x5bf8d831d3d0_0, 0;
T_24.3 ;
T_24.1 ;
    %jmp T_24;
    .thread T_24;
    .scope S_0x5bf8d831cb60;
T_25 ;
    %wait E_0x5bf8d8300590;
    %load/vec4 v0x5bf8d831d6f0_0;
    %flag_set/vec4 8;
    %jmp/0xz  T_25.0, 8;
    %pushi/vec4 0, 0, 8;
    %assign/vec4 v0x5bf8d831d4b0_0, 0;
    %jmp T_25.1;
T_25.0 ;
    %load/vec4 v0x5bf8d831d890_0;
    %flag_set/vec4 8;
    %jmp/0xz  T_25.2, 8;
    %load/vec4 v0x5bf8d831d310_0;
    %load/vec4 v0x5bf8d831cf70_0;
    %pad/u 6;
    %ix/vec4 3;
    %ix/load 4, 0, 0; Constant delay
    %assign/vec4/a/d v0x5bf8d831d590, 0, 4;
    %load/vec4 v0x5bf8d831cf70_0;
    %pad/u 6;
    %ix/vec4 4;
    %load/vec4a v0x5bf8d831d590, 4;
    %assign/vec4 v0x5bf8d831d4b0_0, 0;
    %jmp T_25.3;
T_25.2 ;
    %load/vec4 v0x5bf8d831cf70_0;
    %pad/u 6;
    %ix/vec4 4;
    %load/vec4a v0x5bf8d831d590, 4;
    %assign/vec4 v0x5bf8d831d4b0_0, 0;
T_25.3 ;
T_25.1 ;
    %jmp T_25;
    .thread T_25;
    .scope S_0x5bf8d8319a30;
T_26 ;
    %wait E_0x5bf8d831ba50;
    %load/vec4 v0x5bf8d831db80_0;
    %store/vec4 v0x5bf8d831dd20_0, 0, 5;
    %jmp T_26;
    .thread T_26;
    .scope S_0x5bf8d8319a30;
T_27 ;
    %wait E_0x5bf8d80182b0;
    %load/vec4 v0x5bf8d831da70_0;
    %store/vec4 v0x5bf8d831dc50_0, 0, 5;
    %jmp T_27;
    .thread T_27;
    .scope S_0x5bf8d8328ca0;
T_28 ;
    %wait E_0x5bf8d831bab0;
    %load/vec4 v0x5bf8d8329890_0;
    %flag_set/vec4 8;
    %jmp/0xz  T_28.0, 8;
    %pushi/vec4 0, 0, 8;
    %assign/vec4 v0x5bf8d8329610_0, 0;
    %jmp T_28.1;
T_28.0 ;
    %load/vec4 v0x5bf8d83299d0_0;
    %flag_set/vec4 8;
    %jmp/0xz  T_28.2, 8;
    %load/vec4 v0x5bf8d83293f0_0;
    %load/vec4 v0x5bf8d83290a0_0;
    %pad/u 6;
    %ix/vec4 3;
    %ix/load 4, 0, 0; Constant delay
    %assign/vec4/a/d v0x5bf8d83297d0, 0, 4;
    %load/vec4 v0x5bf8d83290a0_0;
    %pad/u 6;
    %ix/vec4 4;
    %load/vec4a v0x5bf8d83297d0, 4;
    %assign/vec4 v0x5bf8d8329610_0, 0;
    %jmp T_28.3;
T_28.2 ;
    %load/vec4 v0x5bf8d83290a0_0;
    %pad/u 6;
    %ix/vec4 4;
    %load/vec4a v0x5bf8d83297d0, 4;
    %assign/vec4 v0x5bf8d8329610_0, 0;
T_28.3 ;
T_28.1 ;
    %jmp T_28;
    .thread T_28;
    .scope S_0x5bf8d8328ca0;
T_29 ;
    %wait E_0x5bf8d8300590;
    %load/vec4 v0x5bf8d8329930_0;
    %flag_set/vec4 8;
    %jmp/0xz  T_29.0, 8;
    %pushi/vec4 0, 0, 8;
    %assign/vec4 v0x5bf8d83296f0_0, 0;
    %jmp T_29.1;
T_29.0 ;
    %load/vec4 v0x5bf8d8329a70_0;
    %flag_set/vec4 8;
    %jmp/0xz  T_29.2, 8;
    %load/vec4 v0x5bf8d8329530_0;
    %load/vec4 v0x5bf8d83291a0_0;
    %pad/u 6;
    %ix/vec4 3;
    %ix/load 4, 0, 0; Constant delay
    %assign/vec4/a/d v0x5bf8d83297d0, 0, 4;
    %load/vec4 v0x5bf8d83291a0_0;
    %pad/u 6;
    %ix/vec4 4;
    %load/vec4a v0x5bf8d83297d0, 4;
    %assign/vec4 v0x5bf8d83296f0_0, 0;
    %jmp T_29.3;
T_29.2 ;
    %load/vec4 v0x5bf8d83291a0_0;
    %pad/u 6;
    %ix/vec4 4;
    %load/vec4a v0x5bf8d83297d0, 4;
    %assign/vec4 v0x5bf8d83296f0_0, 0;
T_29.3 ;
T_29.1 ;
    %jmp T_29;
    .thread T_29;
    .scope S_0x5bf8d82f4090;
T_30 ;
    %vpi_call/w 3 114 "$dumpfile", "tb_fifo_asynchronous.vcd" {0 0 0};
    %vpi_call/w 3 115 "$dumpvars", 32'sb00000000000000000000000000000000, S_0x5bf8d82f4090 {0 0 0};
    %end;
    .thread T_30;
    .scope S_0x5bf8d82f4090;
T_31 ;
    %delay 1000, 0;
    %load/vec4 v0x5bf8d832b8b0_0;
    %inv;
    %assign/vec4 v0x5bf8d832b8b0_0, 0;
    %jmp T_31;
    .thread T_31;
    .scope S_0x5bf8d82f4090;
T_32 ;
    %delay 1000, 0;
    %load/vec4 v0x5bf8d832baa0_0;
    %inv;
    %assign/vec4 v0x5bf8d832baa0_0, 0;
    %jmp T_32;
    .thread T_32;
    .scope S_0x5bf8d82f4090;
T_33 ;
    %wait E_0x5bf8d8197250;
    %load/vec4 v0x5bf8d832e230_0;
    %flag_set/vec4 9;
    %flag_get/vec4 9;
    %jmp/0 T_33.2, 9;
    %load/vec4 v0x5bf8d832e0b0_0;
    %nor/r;
    %and;
T_33.2;
    %flag_set/vec4 8;
    %jmp/0xz  T_33.0, 8;
    %delay 1010, 0;
    %load/vec4 v0x5bf8d832b970_0;
    %inv;
    %assign/vec4 v0x5bf8d832b970_0, 0;
    %pushi/vec4 1, 0, 1;
    %store/vec4 v0x5bf8d832e890_0, 0, 1;
    %jmp T_33.1;
T_33.0 ;
    %load/vec4 v0x5bf8d832e170_0;
    %flag_set/vec4 9;
    %flag_get/vec4 9;
    %jmp/0 T_33.5, 9;
    %load/vec4 v0x5bf8d832e0b0_0;
    %nor/r;
    %and;
T_33.5;
    %flag_set/vec4 8;
    %jmp/0xz  T_33.3, 8;
    %delay 500, 0;
    %load/vec4 v0x5bf8d832b970_0;
    %inv;
    %assign/vec4 v0x5bf8d832b970_0, 0;
    %pushi/vec4 1, 0, 1;
    %store/vec4 v0x5bf8d832e950_0, 0, 1;
    %jmp T_33.4;
T_33.3 ;
    %delay 2000, 0;
    %load/vec4 v0x5bf8d832b970_0;
    %inv;
    %assign/vec4 v0x5bf8d832b970_0, 0;
T_33.4 ;
T_33.1 ;
    %jmp T_33;
    .thread T_33, $push;
    .scope S_0x5bf8d82f4090;
T_34 ;
    %fork TD_tb_fifo_asynchronous.initialize, S_0x5bf8d8328230;
    %join;
    %end;
    .thread T_34;
    .scope S_0x5bf8d82f4090;
T_35 ;
    %wait E_0x5bf8d831bab0;
    %load/vec4 v0x5bf8d832e0b0_0;
    %nor/r;
    %flag_set/vec4 8;
    %jmp/0xz  T_35.0, 8;
    %fork TD_tb_fifo_asynchronous.general_input_w, S_0x5bf8d8323a40;
    %join;
T_35.0 ;
    %jmp T_35;
    .thread T_35;
    .scope S_0x5bf8d82f4090;
T_36 ;
    %wait E_0x5bf8d831bab0;
    %fork TD_tb_fifo_asynchronous.sync2_flop_tick_w, S_0x5bf8d8328ac0;
    %join;
    %jmp T_36;
    .thread T_36;
    .scope S_0x5bf8d82f4090;
T_37 ;
    %wait E_0x5bf8d831ba50;
    %fork TD_tb_fifo_asynchronous.coverage_update, S_0x5bf8d8318ff0;
    %join;
    %load/vec4 v0x5bf8d832a300_0;
    %assign/vec4 v0x5bf8d83307f0_0, 0;
    %fork TD_tb_fifo_asynchronous.OUT_EXP_W, S_0x5bf8d83183c0;
    %join;
    %delay 10, 0;
    %fork TD_tb_fifo_asynchronous.comment_w, S_0x5bf8d8318e10;
    %join;
    %fork TD_tb_fifo_asynchronous.display_w, S_0x5bf8d8319850;
    %join;
    %fork TD_tb_fifo_asynchronous.errors_warnings_check_w, S_0x5bf8d831f070;
    %join;
    %fork TD_tb_fifo_asynchronous.vectorcount, S_0x5bf8d8329cb0;
    %join;
    %delay 10, 0;
    %load/vec4 v0x5bf8d832ab00_0;
    %store/vec4 v0x5bf8d8330990_0, 0, 1;
    %jmp T_37;
    .thread T_37;
    .scope S_0x5bf8d82f4090;
T_38 ;
    %wait E_0x5bf8d8300590;
    %load/vec4 v0x5bf8d832e0b0_0;
    %nor/r;
    %flag_set/vec4 8;
    %jmp/0xz  T_38.0, 8;
    %fork TD_tb_fifo_asynchronous.general_input_r, S_0x5bf8d831f250;
    %join;
T_38.0 ;
    %jmp T_38;
    .thread T_38;
    .scope S_0x5bf8d82f4090;
T_39 ;
    %wait E_0x5bf8d8300590;
    %fork TD_tb_fifo_asynchronous.sync2_flop_tick_r, S_0x5bf8d83288e0;
    %join;
    %jmp T_39;
    .thread T_39;
    .scope S_0x5bf8d82f4090;
T_40 ;
    %wait E_0x5bf8d80182b0;
    %load/vec4 v0x5bf8d832a0e0_0;
    %assign/vec4 v0x5bf8d8330710_0, 0;
    %fork TD_tb_fifo_asynchronous.OUT_EXP_R, S_0x5bf8d82f5040;
    %join;
    %delay 10, 0;
    %fork TD_tb_fifo_asynchronous.comment_r, S_0x5bf8d8318be0;
    %join;
    %fork TD_tb_fifo_asynchronous.display_r, S_0x5bf8d8319670;
    %join;
    %fork TD_tb_fifo_asynchronous.errors_warnings_check_r, S_0x5bf8d831ee90;
    %join;
    %fork TD_tb_fifo_asynchronous.vectorcount, S_0x5bf8d8329cb0;
    %join;
    %delay 10, 0;
    %load/vec4 v0x5bf8d832a890_0;
    %store/vec4 v0x5bf8d83308d0_0, 0, 1;
    %jmp T_40;
    .thread T_40;
    .scope S_0x5bf8d82f4090;
T_41 ;
T_41.0 ;
    %load/vec4 v0x5bf8d832e950_0;
    %cmpi/ne 1, 0, 1;
    %jmp/0xz T_41.1, 6;
    %wait E_0x5bf8d8195b40;
    %jmp T_41.0;
T_41.1 ;
    %vpi_call/w 3 3776 "$display" {0 0 0};
    %vpi_call/w 3 3777 "$display", "%13s **************************************************************************************************************************time = %0d,EOF_R_TICK_LONG **************************************************************************************************************************", "\000", $time {0 0 0};
    %vpi_call/w 3 3778 "$display" {0 0 0};
T_41.2 ;
    %load/vec4 v0x5bf8d832e890_0;
    %cmpi/ne 1, 0, 1;
    %jmp/0xz T_41.3, 6;
    %wait E_0x5bf8d8197000;
    %jmp T_41.2;
T_41.3 ;
    %vpi_call/w 3 3782 "$display" {0 0 0};
    %vpi_call/w 3 3783 "$display", "%13s **************************************************************************************************************************time = %0d,EOF_R_TICK_SHORT **************************************************************************************************************************", "\000", $time {0 0 0};
    %vpi_call/w 3 3784 "$display" {0 0 0};
T_41.4 ;
    %load/vec4 v0x5bf8d832e0b0_0;
    %cmpi/ne 1, 0, 1;
    %jmp/0xz T_41.5, 6;
    %wait E_0x5bf8d81958f0;
    %jmp T_41.4;
T_41.5 ;
    %vpi_call/w 3 3788 "$display" {0 0 0};
    %vpi_call/w 3 3789 "$display", "%13s ********************************************************************************************************************************time = %0d,EOF **************&******************************************************************************************************************", "\000", $time {0 0 0};
    %vpi_call/w 3 3790 "$display" {0 0 0};
    %pushi/vec4 0, 0, 32;
    %store/vec4 v0x5bf8d8330470_0, 0, 32;
T_41.6 ;
    %load/vec4 v0x5bf8d8330470_0;
    %cmpi/s 50, 0, 32;
    %jmp/0xz T_41.7, 5;
    %load/vec4 v0x5bf8d832aa10_0;
    %load/vec4 v0x5bf8d832c670_0;
    %concat/vec4; draw_concat_vec4
    %load/vec4 v0x5bf8d832be30_0;
    %concat/vec4; draw_concat_vec4
    %pad/u 4;
    %cmpi/e 8, 0, 4;
    %jmp/0xz  T_41.8, 4;
    %fork TD_tb_fifo_asynchronous.vectorcount, S_0x5bf8d8329cb0;
    %join;
    %fork TD_tb_fifo_asynchronous.close, S_0x5bf8d83185a0;
    %join;
    %jmp T_41.9;
T_41.8 ;
    %fork TD_tb_fifo_asynchronous.random_in_w, S_0x5bf8d83285f0;
    %join;
T_41.9 ;
    ; show_stmt_assign_vector: Get l-value for compressed += operand
    %load/vec4 v0x5bf8d8330470_0;
    %pushi/vec4 1, 0, 32;
    %add;
    %cast2;
    %store/vec4 v0x5bf8d8330470_0, 0, 32;
    %jmp T_41.6;
T_41.7 ;
    %fork TD_tb_fifo_asynchronous.close, S_0x5bf8d83185a0;
    %join;
    %end;
    .thread T_41;
    .scope S_0x5bf8d82f4090;
T_42 ;
T_42.0 ;
    %load/vec4 v0x5bf8d832e0b0_0;
    %cmpi/ne 1, 0, 1;
    %jmp/0xz T_42.1, 6;
    %wait E_0x5bf8d81958f0;
    %jmp T_42.0;
T_42.1 ;
    %pushi/vec4 0, 0, 32;
    %store/vec4 v0x5bf8d8330470_0, 0, 32;
T_42.2 ;
    %load/vec4 v0x5bf8d8330470_0;
    %cmpi/s 500, 0, 32;
    %jmp/0xz T_42.3, 5;
    %load/vec4 v0x5bf8d832a7a0_0;
    %load/vec4 v0x5bf8d832b780_0;
    %concat/vec4; draw_concat_vec4
    %load/vec4 v0x5bf8d832aef0_0;
    %concat/vec4; draw_concat_vec4
    %pad/u 4;
    %cmpi/e 8, 0, 4;
    %jmp/0xz  T_42.4, 4;
    %fork TD_tb_fifo_asynchronous.vectorcount, S_0x5bf8d8329cb0;
    %join;
    %fork TD_tb_fifo_asynchronous.close, S_0x5bf8d83185a0;
    %join;
    %jmp T_42.5;
T_42.4 ;
    %fork TD_tb_fifo_asynchronous.random_in_r, S_0x5bf8d8328410;
    %join;
T_42.5 ;
    ; show_stmt_assign_vector: Get l-value for compressed += operand
    %load/vec4 v0x5bf8d8330470_0;
    %pushi/vec4 1, 0, 32;
    %add;
    %cast2;
    %store/vec4 v0x5bf8d8330470_0, 0, 32;
    %jmp T_42.2;
T_42.3 ;
    %fork TD_tb_fifo_asynchronous.close, S_0x5bf8d83185a0;
    %join;
    %end;
    .thread T_42;
# The file index is used to find the file name in the following table.
:file_names 7;
    "N/A";
    "<interactive>";
    "-";
    "tb_fifo_asynchronous.v";
    "fifo_asynchronous.v";
    "dual_port_ram_asynchronous.v";
    "dual_port_ram_asynchronous1.v";
