#! /usr/bin/vvp
:ivl_version "12.0 (stable)";
:ivl_delay_selection "TYPICAL";
:vpi_time_precision + 0;
:vpi_module "/usr/lib/x86_64-linux-gnu/ivl/system.vpi";
:vpi_module "/usr/lib/x86_64-linux-gnu/ivl/vhdl_sys.vpi";
:vpi_module "/usr/lib/x86_64-linux-gnu/ivl/vhdl_textio.vpi";
:vpi_module "/usr/lib/x86_64-linux-gnu/ivl/v2005_math.vpi";
:vpi_module "/usr/lib/x86_64-linux-gnu/ivl/va_math.vpi";
:vpi_module "/usr/lib/x86_64-linux-gnu/ivl/v2009.vpi";
S_0x5e7851a9d200 .scope package, "$unit" "$unit" 2 1;
 .timescale 0 0;
S_0x5e7851991bf0 .scope module, "tb_lifo_synchronous" "tb_lifo_synchronous" 3 1;
 .timescale 0 0;
P_0x5e7851aa9530 .param/l "ADDR_WIDTH" 0 3 39, +C4<00000000000000000000000000000100>;
P_0x5e7851aa9570 .param/l "DATA_WIDTH" 0 3 39, +C4<00000000000000000000000000001000>;
P_0x5e7851aa95b0 .param/l "MEM_DEPTH" 0 3 39, +C4<00000000000000000000000000010000>;
P_0x5e7851aa95f0 .param/l "TICKPERIOD" 1 3 69, +C4<00000000000000000000000000010100>;
L_0x5e7851aa0ec0 .functor AND 1, v0x5e7851ac86c0_0, L_0x5e7851ae10a0, C4<1>, C4<1>;
L_0x5e7851aa1970 .functor AND 1, v0x5e7851ac8450_0, L_0x5e7851ae1280, C4<1>, C4<1>;
v0x5e7851ace2b0_0 .net "ADDR0", 4 0, v0x5e7851acc1b0_0;  1 drivers
v0x5e7851ace390_0 .var "ADDR0_EXPECTED", 4 0;
v0x5e7851ace450_0 .net "ADDR_EXPECTED", 3 0, L_0x5e7851ae1640;  1 drivers
v0x5e7851ace520_0 .var "COMMENT", 247 0;
v0x5e7851ace600_0 .net "DATA_IN", 7 0, v0x5e7851ac8290_0;  1 drivers
v0x5e7851ace7a0_0 .net "DATA_OUT", 7 0, v0x5e7851acb360_0;  1 drivers
v0x5e7851ace860_0 .net "DATA_OUT_EXPECTED", 7 0, v0x5e7851acdaa0_0;  1 drivers
v0x5e7851ace920_0 .net "EMPTY", 0 0, L_0x5e7851ae0c20;  1 drivers
v0x5e7851acea10_0 .net "EMPTY_EXPECTED", 0 0, L_0x5e7851ae18f0;  1 drivers
v0x5e7851aceb40_0 .var "ERRORS", 31 0;
v0x5e7851acec20_0 .var/i "FD", 31 0;
v0x5e7851aced00_0 .net "FULL", 0 0, L_0x5e7851ae0e70;  1 drivers
v0x5e7851aceda0_0 .net "FULL_EXPECTED", 0 0, L_0x5e7851ae1b70;  1 drivers
v0x5e7851acee60_0 .net "NEXTW", 0 0, L_0x5e7851a9e670;  1 drivers
v0x5e7851acef00_0 .net "NEXT_R", 0 0, L_0x5e7851aa1970;  1 drivers
v0x5e7851acefa0_0 .net "NEXT_W", 0 0, L_0x5e7851aa0ec0;  1 drivers
v0x5e7851acf040_0 .net "PTR", 4 0, v0x5e7851acbcb0_0;  1 drivers
v0x5e7851acf1f0_0 .var "PTR_EXPECTED", 4 0;
v0x5e7851acf2d0_0 .net "RST", 0 0, v0x5e7851ac8390_0;  1 drivers
v0x5e7851acf370_0 .net "R_EN", 0 0, v0x5e7851ac8450_0;  1 drivers
v0x5e7851acf460_0 .var "TICK", 0 0;
o0x7a182f6a9498 .functor BUFZ 1, C4<z>; HiZ drive
v0x5e7851acf500_0 .net "TICKPERIOD", 0 0, o0x7a182f6a9498;  0 drivers
v0x5e7851acf5a0_0 .var "VECTORCOUNT", 31 0;
v0x5e7851acf660_0 .net "WRAP", 0 0, L_0x5e7851ae1d00;  1 drivers
v0x5e7851acf720_0 .net "W_EN", 0 0, v0x5e7851ac86c0_0;  1 drivers
v0x5e7851acf810_0 .net *"_ivl_18", 31 0, L_0x5e7851ae16e0;  1 drivers
L_0x7a182f2ce258 .functor BUFT 1, C4<000000000000000000000000000>, C4<0>, C4<0>, C4<0>;
v0x5e7851acf8f0_0 .net *"_ivl_21", 26 0, L_0x7a182f2ce258;  1 drivers
L_0x7a182f2ce2a0 .functor BUFT 1, C4<00000000000000000000000000000000>, C4<0>, C4<0>, C4<0>;
v0x5e7851acf9d0_0 .net/2u *"_ivl_22", 31 0, L_0x7a182f2ce2a0;  1 drivers
v0x5e7851acfab0_0 .net *"_ivl_26", 31 0, L_0x5e7851ae1a30;  1 drivers
L_0x7a182f2ce2e8 .functor BUFT 1, C4<000000000000000000000000000>, C4<0>, C4<0>, C4<0>;
v0x5e7851acfb90_0 .net *"_ivl_29", 26 0, L_0x7a182f2ce2e8;  1 drivers
L_0x7a182f2ce330 .functor BUFT 1, C4<00000000000000000000000000010000>, C4<0>, C4<0>, C4<0>;
v0x5e7851acfc70_0 .net/2u *"_ivl_30", 31 0, L_0x7a182f2ce330;  1 drivers
L_0x7a182f2ce378 .functor BUFT 1, C4<10000>, C4<0>, C4<0>, C4<0>;
v0x5e7851acfd50_0 .net/2u *"_ivl_34", 4 0, L_0x7a182f2ce378;  1 drivers
v0x5e7851acfe30_0 .net *"_ivl_5", 0 0, L_0x5e7851ae10a0;  1 drivers
v0x5e7851acfef0_0 .net *"_ivl_9", 0 0, L_0x5e7851ae1280;  1 drivers
v0x5e7851acffb0_0 .net "done", 0 0, v0x5e7851ac8860_0;  1 drivers
v0x5e7851ad0050_0 .var "eof", 0 0;
v0x5e7851ad00f0_0 .var/2s "i", 31 0;
v0x5e7851ad01d0_0 .var "prev_ADDR_EXPECTED", 3 0;
v0x5e7851ad02b0_0 .var "prev_INPUT", 10 0;
v0x5e7851ad0390_0 .var "prev_state", 1 0;
v0x5e7851ad0470_0 .net "prev_state_r", 0 0, L_0x5e7851ae14d0;  1 drivers
v0x5e7851ad0510_0 .net "prev_state_w", 0 0, L_0x5e7851ae13e0;  1 drivers
v0x5e7851ad05b0 .array "state_input_coverage", 23 0, 31 0;
v0x5e7851ad0650_0 .var "wrap_coverage", 31 0;
E_0x5e7851a27d30 .event anyedge, v0x5e7851ad0050_0;
L_0x5e7851ae10a0 .reduce/nor L_0x5e7851ae1b70;
L_0x5e7851ae1280 .reduce/nor L_0x5e7851ae18f0;
L_0x5e7851ae13e0 .part v0x5e7851ad0390_0, 1, 1;
L_0x5e7851ae14d0 .part v0x5e7851ad0390_0, 0, 1;
L_0x5e7851ae1640 .part v0x5e7851acf1f0_0, 0, 4;
L_0x5e7851ae16e0 .concat [ 5 27 0 0], v0x5e7851acf1f0_0, L_0x7a182f2ce258;
L_0x5e7851ae18f0 .cmp/eq 32, L_0x5e7851ae16e0, L_0x7a182f2ce2a0;
L_0x5e7851ae1a30 .concat [ 5 27 0 0], v0x5e7851acf1f0_0, L_0x7a182f2ce2e8;
L_0x5e7851ae1b70 .cmp/eq 32, L_0x5e7851ae1a30, L_0x7a182f2ce330;
L_0x5e7851ae1d00 .cmp/eq 5, v0x5e7851acf1f0_0, L_0x7a182f2ce378;
S_0x5e7851aa4f80 .scope task, "OUT_EXP" "OUT_EXP" 3 125, 3 125 0, S_0x5e7851991bf0;
 .timescale 0 0;
TD_tb_lifo_synchronous.OUT_EXP ;
    %load/vec4 v0x5e7851acf2d0_0;
    %flag_set/vec4 8;
    %jmp/0xz  T_0.0, 8;
    %pushi/vec4 0, 0, 5;
    %assign/vec4 v0x5e7851acf1f0_0, 0;
    %jmp T_0.1;
T_0.0 ;
    %load/vec4 v0x5e7851acefa0_0;
    %load/vec4 v0x5e7851acef00_0;
    %concat/vec4; draw_concat_vec4
    %dup/vec4;
    %pushi/vec4 1, 0, 2;
    %cmp/u;
    %jmp/1 T_0.2, 6;
    %dup/vec4;
    %pushi/vec4 2, 0, 2;
    %cmp/u;
    %jmp/1 T_0.3, 6;
    %load/vec4 v0x5e7851acf1f0_0;
    %assign/vec4 v0x5e7851acf1f0_0, 0;
    %jmp T_0.5;
T_0.2 ;
    %load/vec4 v0x5e7851acf1f0_0;
    %subi 1, 0, 5;
    %assign/vec4 v0x5e7851acf1f0_0, 0;
    %jmp T_0.5;
T_0.3 ;
    %load/vec4 v0x5e7851acf1f0_0;
    %addi 1, 0, 5;
    %assign/vec4 v0x5e7851acf1f0_0, 0;
    %jmp T_0.5;
T_0.5 ;
    %pop/vec4 1;
T_0.1 ;
    %load/vec4 v0x5e7851acf1f0_0;
    %assign/vec4 v0x5e7851ace390_0, 0;
    %end;
S_0x5e7851a9cca0 .scope task, "close" "close" 3 146, 3 146 0, S_0x5e7851991bf0;
 .timescale 0 0;
TD_tb_lifo_synchronous.close ;
    %delay 10, 0;
    %vpi_call/w 3 150 "$fclose", v0x5e7851acec20_0 {0 0 0};
    %vpi_call/w 3 152 "$display" {0 0 0};
    %vpi_call/w 3 153 "$display", "COVERAGE_REPORT" {0 0 0};
    %vpi_call/w 3 154 "$display" {0 0 0};
    %vpi_call/w 3 155 "$display" {0 0 0};
    %vpi_call/w 3 156 "$display" {0 0 0};
    %load/vec4 v0x5e7851ad0650_0;
    %cmpi/e 0, 0, 32;
    %jmp/0xz  T_1.6, 4;
    %vpi_call/w 3 161 "$display", "wrap around has occured %58d times ***ERROR***", v0x5e7851ad0650_0 {0 0 0};
    %load/vec4 v0x5e7851aceb40_0;
    %addi 1, 0, 32;
    %store/vec4 v0x5e7851aceb40_0, 0, 32;
    %jmp T_1.7;
T_1.6 ;
    %vpi_call/w 3 167 "$display", "wrap around has occured %58d times", v0x5e7851ad0650_0 {0 0 0};
T_1.7 ;
    %fork t_1, S_0x5e7851a319d0;
    %jmp t_0;
    .scope S_0x5e7851a319d0;
t_1 ;
    %pushi/vec4 0, 0, 32;
    %store/vec4 v0x5e7851aa3bf0_0, 0, 32;
T_1.8 ;
    %load/vec4 v0x5e7851aa3bf0_0;
    %cmpi/s 24, 0, 32;
    %jmp/0xz T_1.9, 5;
    %ix/getv/s 4, v0x5e7851aa3bf0_0;
    %load/vec4a v0x5e7851ad05b0, 4;
    %cmpi/e 0, 0, 32;
    %jmp/0xz  T_1.10, 4;
    %vpi_call/w 3 174 "$display", "state FULL = %b, EMPTY = %b, input RST = %b, W_EN = %b, R_EN = %b has occured %d times ***ERROR***", &PV<v0x5e7851aa3bf0_0, 4, 1>, &PV<v0x5e7851aa3bf0_0, 3, 1>, &PV<v0x5e7851aa3bf0_0, 2, 1>, &PV<v0x5e7851aa3bf0_0, 1, 1>, &PV<v0x5e7851aa3bf0_0, 0, 1>, &A<v0x5e7851ad05b0, v0x5e7851aa3bf0_0 > {0 0 0};
    %load/vec4 v0x5e7851aceb40_0;
    %addi 1, 0, 32;
    %store/vec4 v0x5e7851aceb40_0, 0, 32;
    %jmp T_1.11;
T_1.10 ;
    %vpi_call/w 3 180 "$display", "state FULL = %b, EMPTY = %b, input RST = %b, W_EN = %b, R_EN = %b has occured %d times", &PV<v0x5e7851aa3bf0_0, 4, 1>, &PV<v0x5e7851aa3bf0_0, 3, 1>, &PV<v0x5e7851aa3bf0_0, 2, 1>, &PV<v0x5e7851aa3bf0_0, 1, 1>, &PV<v0x5e7851aa3bf0_0, 0, 1>, &A<v0x5e7851ad05b0, v0x5e7851aa3bf0_0 > {0 0 0};
T_1.11 ;
    ; show_stmt_assign_vector: Get l-value for compressed += operand
    %load/vec4 v0x5e7851aa3bf0_0;
    %pushi/vec4 1, 0, 32;
    %add;
    %cast2;
    %store/vec4 v0x5e7851aa3bf0_0, 0, 32;
    %jmp T_1.8;
T_1.9 ;
    %end;
    .scope S_0x5e7851a9cca0;
t_0 %join;
    %vpi_call/w 3 187 "$display" {0 0 0};
    %vpi_call/w 3 188 "$display", "VECTORCOUNT = %d", v0x5e7851acf5a0_0 {0 0 0};
    %vpi_call/w 3 189 "$display", "ERRORS = %15d", v0x5e7851aceb40_0 {0 0 0};
    %vpi_call/w 3 190 "$display" {0 0 0};
    %vpi_call/w 3 191 "$display", "TEST_END--------------------------------------------------------------------------------------------------------------------------" {0 0 0};
    %vpi_call/w 3 192 "$display" {0 0 0};
    %vpi_call/w 3 194 "$finish" {0 0 0};
    %end;
S_0x5e7851a319d0 .scope begin, "$ivl_for_loop0" "$ivl_for_loop0" 3 171, 3 171 0, S_0x5e7851a9cca0;
 .timescale 0 0;
v0x5e7851aa3bf0_0 .var/2s "j", 31 0;
S_0x5e7851ac3ef0 .scope task, "comment" "comment" 3 109, 3 109 0, S_0x5e7851991bf0;
 .timescale 0 0;
TD_tb_lifo_synchronous.comment ;
    %load/vec4 v0x5e7851aceda0_0;
    %load/vec4 v0x5e7851acea10_0;
    %concat/vec4; draw_concat_vec4
    %dup/vec4;
    %pushi/vec4 0, 0, 2;
    %cmp/u;
    %jmp/1 T_2.12, 6;
    %dup/vec4;
    %pushi/vec4 1, 0, 2;
    %cmp/u;
    %jmp/1 T_2.13, 6;
    %dup/vec4;
    %pushi/vec4 2, 0, 2;
    %cmp/u;
    %jmp/1 T_2.14, 6;
    %pushi/vec4 0, 0, 32; draw_string_vec4
    %pushi/vec4 0, 0, 32; draw_string_vec4
    %concat/vec4; draw_string_vec4
    %pushi/vec4 0, 0, 32; draw_string_vec4
    %concat/vec4; draw_string_vec4
    %pushi/vec4 0, 0, 32; draw_string_vec4
    %concat/vec4; draw_string_vec4
    %pushi/vec4 0, 0, 32; draw_string_vec4
    %concat/vec4; draw_string_vec4
    %pushi/vec4 0, 0, 32; draw_string_vec4
    %concat/vec4; draw_string_vec4
    %pushi/vec4 1229737029, 0, 32; draw_string_vec4
    %concat/vec4; draw_string_vec4
    %pushi/vec4 4669772, 0, 24; draw_string_vec4
    %concat/vec4; draw_string_vec4
    %store/vec4 v0x5e7851ace520_0, 0, 248;
    %jmp T_2.16;
T_2.12 ;
    %pushi/vec4 0, 0, 32; draw_string_vec4
    %pushi/vec4 0, 0, 32; draw_string_vec4
    %concat/vec4; draw_string_vec4
    %pushi/vec4 0, 0, 32; draw_string_vec4
    %concat/vec4; draw_string_vec4
    %pushi/vec4 0, 0, 32; draw_string_vec4
    %concat/vec4; draw_string_vec4
    %pushi/vec4 0, 0, 32; draw_string_vec4
    %concat/vec4; draw_string_vec4
    %pushi/vec4 78, 0, 32; draw_string_vec4
    %concat/vec4; draw_string_vec4
    %pushi/vec4 1330929478, 0, 32; draw_string_vec4
    %concat/vec4; draw_string_vec4
    %pushi/vec4 5590092, 0, 24; draw_string_vec4
    %concat/vec4; draw_string_vec4
    %store/vec4 v0x5e7851ace520_0, 0, 248;
    %jmp T_2.16;
T_2.13 ;
    %pushi/vec4 0, 0, 32; draw_string_vec4
    %pushi/vec4 0, 0, 32; draw_string_vec4
    %concat/vec4; draw_string_vec4
    %pushi/vec4 0, 0, 32; draw_string_vec4
    %concat/vec4; draw_string_vec4
    %pushi/vec4 0, 0, 32; draw_string_vec4
    %concat/vec4; draw_string_vec4
    %pushi/vec4 0, 0, 32; draw_string_vec4
    %concat/vec4; draw_string_vec4
    %pushi/vec4 0, 0, 32; draw_string_vec4
    %concat/vec4; draw_string_vec4
    %pushi/vec4 17741, 0, 32; draw_string_vec4
    %concat/vec4; draw_string_vec4
    %pushi/vec4 5264473, 0, 24; draw_string_vec4
    %concat/vec4; draw_string_vec4
    %store/vec4 v0x5e7851ace520_0, 0, 248;
    %jmp T_2.16;
T_2.14 ;
    %pushi/vec4 0, 0, 32; draw_string_vec4
    %pushi/vec4 0, 0, 32; draw_string_vec4
    %concat/vec4; draw_string_vec4
    %pushi/vec4 0, 0, 32; draw_string_vec4
    %concat/vec4; draw_string_vec4
    %pushi/vec4 0, 0, 32; draw_string_vec4
    %concat/vec4; draw_string_vec4
    %pushi/vec4 0, 0, 32; draw_string_vec4
    %concat/vec4; draw_string_vec4
    %pushi/vec4 0, 0, 32; draw_string_vec4
    %concat/vec4; draw_string_vec4
    %pushi/vec4 70, 0, 32; draw_string_vec4
    %concat/vec4; draw_string_vec4
    %pushi/vec4 5590092, 0, 24; draw_string_vec4
    %concat/vec4; draw_string_vec4
    %store/vec4 v0x5e7851ace520_0, 0, 248;
    %jmp T_2.16;
T_2.16 ;
    %pop/vec4 1;
    %end;
S_0x5e7851ac40d0 .scope task, "coverage_update" "coverage_update" 3 223, 3 223 0, S_0x5e7851991bf0;
 .timescale 0 0;
TD_tb_lifo_synchronous.coverage_update ;
    ; show_stmt_assign_vector: Get l-value for compressed += operand
    %load/vec4 v0x5e7851ad0390_0;
    %load/vec4 v0x5e7851acf2d0_0;
    %concat/vec4; draw_concat_vec4
    %load/vec4 v0x5e7851acf720_0;
    %concat/vec4; draw_concat_vec4
    %load/vec4 v0x5e7851acf370_0;
    %concat/vec4; draw_concat_vec4
    %pad/u 6;
    %ix/vec4 4;
    %flag_mov 8, 4;
    %load/vec4a v0x5e7851ad05b0, 4;
    %pushi/vec4 1, 0, 32;
    %add;
    %flag_mov 4, 8;
    %store/vec4a v0x5e7851ad05b0, 4, 0;
    %fork t_3, S_0x5e7851ac42b0;
    %jmp t_2;
    .scope S_0x5e7851ac42b0;
t_3 ;
    %pushi/vec4 0, 0, 32;
    %store/vec4 v0x5e7851a9e790_0, 0, 32;
T_3.17 ;
    %load/vec4 v0x5e7851a9e790_0;
    %cmpi/s 3, 0, 32;
    %jmp/0xz T_3.18, 5;
    %load/vec4 v0x5e7851ad0390_0;
    %load/vec4 v0x5e7851a9e790_0;
    %parti/s 2, 0, 2;
    %cmp/e;
    %flag_get/vec4 4;
    %jmp/0 T_3.21, 4;
    %load/vec4 v0x5e7851acf2d0_0;
    %load/vec4 v0x5e7851acf720_0;
    %concat/vec4; draw_concat_vec4
    %load/vec4 v0x5e7851acf370_0;
    %concat/vec4; draw_concat_vec4
    %pushi/vec4 7, 0, 3;
    %cmp/e;
    %flag_get/vec4 4;
    %and;
T_3.21;
    %flag_set/vec4 8;
    %jmp/0xz  T_3.19, 8;
    %fork t_5, S_0x5e7851ac4490;
    %jmp t_4;
    .scope S_0x5e7851ac4490;
t_5 ;
    %pushi/vec4 6, 0, 32;
    %store/vec4 v0x5e7851aa24a0_0, 0, 32;
T_3.22 ;
    %load/vec4 v0x5e7851aa24a0_0;
    %cmpi/s 3, 0, 32;
    %flag_or 5, 4; GT is !LE
    %flag_inv 5;
    %jmp/0xz T_3.23, 5;
    ; show_stmt_assign_vector: Get l-value for compressed += operand
    %load/vec4 v0x5e7851a9e790_0;
    %parti/s 2, 0, 2;
    %load/vec4 v0x5e7851aa24a0_0;
    %parti/s 3, 0, 2;
    %concat/vec4; draw_concat_vec4
    %pad/u 6;
    %ix/vec4 4;
    %flag_mov 8, 4;
    %load/vec4a v0x5e7851ad05b0, 4;
    %pushi/vec4 1, 0, 32;
    %add;
    %flag_mov 4, 8;
    %store/vec4a v0x5e7851ad05b0, 4, 0;
    ; show_stmt_assign_vector: Get l-value for compressed -= operand
    %load/vec4 v0x5e7851aa24a0_0;
    %pushi/vec4 1, 0, 32;
    %sub;
    %cast2;
    %store/vec4 v0x5e7851aa24a0_0, 0, 32;
    %jmp T_3.22;
T_3.23 ;
    %end;
    .scope S_0x5e7851ac42b0;
t_4 %join;
T_3.19 ;
    ; show_stmt_assign_vector: Get l-value for compressed += operand
    %load/vec4 v0x5e7851a9e790_0;
    %pushi/vec4 1, 0, 32;
    %add;
    %cast2;
    %store/vec4 v0x5e7851a9e790_0, 0, 32;
    %jmp T_3.17;
T_3.18 ;
    %end;
    .scope S_0x5e7851ac40d0;
t_2 %join;
    %load/vec4 v0x5e7851acf660_0;
    %flag_set/vec4 8;
    %jmp/0xz  T_3.24, 8;
    ; show_stmt_assign_vector: Get l-value for compressed += operand
    %load/vec4 v0x5e7851ad0650_0;
    %pushi/vec4 1, 0, 32;
    %add;
    %store/vec4 v0x5e7851ad0650_0, 0, 32;
T_3.24 ;
    %end;
S_0x5e7851ac42b0 .scope begin, "$ivl_for_loop1" "$ivl_for_loop1" 3 227, 3 227 0, S_0x5e7851ac40d0;
 .timescale 0 0;
v0x5e7851a9e790_0 .var/2s "j", 31 0;
S_0x5e7851ac4490 .scope begin, "$ivl_for_loop2" "$ivl_for_loop2" 3 231, 3 231 0, S_0x5e7851ac42b0;
 .timescale 0 0;
v0x5e7851aa24a0_0 .var/2s "k", 31 0;
S_0x5e7851ac4750 .scope task, "display_file" "display_file" 3 212, 3 212 0, S_0x5e7851991bf0;
 .timescale 0 0;
TD_tb_lifo_synchronous.display_file ;
    %vpi_call/w 3 214 "$display", "%10d %9s | %4d | %2b  | %2b   | %2b  | %4c    | %5b  | %10b      | %4b    | %2b   | %7b       | %3b   | %7b        | %5b | %9b      | %4c     | %9c         |", v0x5e7851acf5a0_0, v0x5e7851ace520_0, $time, v0x5e7851acf2d0_0, v0x5e7851acf720_0, v0x5e7851acf370_0, v0x5e7851ace600_0, &PV<v0x5e7851ace2b0_0, 0, 4>, &PV<v0x5e7851ace390_0, 0, 4>, v0x5e7851acf660_0, v0x5e7851aced00_0, v0x5e7851aceda0_0, v0x5e7851ace920_0, v0x5e7851acea10_0, v0x5e7851acf040_0, v0x5e7851acf1f0_0, v0x5e7851ace7a0_0, v0x5e7851ace860_0 {0 0 0};
    %end;
S_0x5e7851ac4980 .scope module, "dut_input_lifo" "input_lifo" 3 44, 4 1 0, S_0x5e7851991bf0;
 .timescale 0 0;
    .port_info 0 /INPUT 1 "TICKPERIOD";
    .port_info 1 /INPUT 1 "TICK";
    .port_info 2 /INPUT 1 "prev_state_w";
    .port_info 3 /INPUT 1 "prev_state_r";
    .port_info 4 /OUTPUT 1 "RST";
    .port_info 5 /OUTPUT 1 "W_EN";
    .port_info 6 /OUTPUT 1 "R_EN";
    .port_info 7 /OUTPUT 8 "DATA_IN";
    .port_info 8 /OUTPUT 1 "done";
P_0x5e7851aa9090 .param/l "ADDR_WIDTH" 0 4 28, +C4<00000000000000000000000000000100>;
P_0x5e7851aa90d0 .param/l "DATA_WIDTH" 0 4 28, +C4<00000000000000000000000000001000>;
v0x5e7851ac8290_0 .var "DATA_IN", 7 0;
v0x5e7851ac8390_0 .var "RST", 0 0;
v0x5e7851ac8450_0 .var "R_EN", 0 0;
v0x5e7851ac84f0_0 .net "TICK", 0 0, v0x5e7851acf460_0;  1 drivers
v0x5e7851ac85b0_0 .net "TICKPERIOD", 0 0, o0x7a182f6a9498;  alias, 0 drivers
v0x5e7851ac86c0_0 .var "W_EN", 0 0;
v0x5e7851ac8780_0 .var "ch", 7 0;
v0x5e7851ac8860_0 .var "done", 0 0;
v0x5e7851ac8920_0 .var "eof", 0 0;
v0x5e7851ac89e0 .array "flag_group_r_all", 3 0, 31 0;
v0x5e7851ac8aa0_0 .var "flag_group_r_all_stress", 31 0;
v0x5e7851ac8b80 .array "flag_group_r_count", 31 0, 31 0;
v0x5e7851ac8c40 .array "flag_group_w_all", 3 0, 31 0;
v0x5e7851ac8d00_0 .var "flag_group_w_all_stress", 31 0;
v0x5e7851ac8de0 .array "flag_group_w_count", 32 0, 31 0;
v0x5e7851ac8ea0_0 .var "flag_group_w_init", 31 0;
v0x5e7851ac8f80_0 .var "flag_init", 0 0;
v0x5e7851ac9040 .array "flag_rst_r", 32 0, 0 0;
v0x5e7851ac90e0_0 .var "flag_rst_r_interrupt", 0 0;
v0x5e7851ac91a0 .array "flag_rst_w", 32 0, 0 0;
v0x5e7851ac9240_0 .var "flag_rst_w_interrupt", 0 0;
v0x5e7851ac9300 .array "flag_start_stress_r", 2 0, 0 0;
v0x5e7851ac93a0 .array "flag_x_prevr", 1 0, 0 0;
v0x5e7851ac9440 .array "flag_x_prevw", 1 0, 0 0;
v0x5e7851ac94e0 .array "flag_x_r", 2 0, 0 0;
v0x5e7851ac9580 .array "flag_x_w", 2 0, 0 0;
v0x5e7851ac9620_0 .net "prev_state_r", 0 0, L_0x5e7851ae14d0;  alias, 1 drivers
v0x5e7851ac96e0_0 .net "prev_state_w", 0 0, L_0x5e7851ae13e0;  alias, 1 drivers
v0x5e7851ac97a0_0 .var "rstsync_en_r", 0 0;
v0x5e7851ac9860_0 .var "rstsync_en_w", 0 0;
v0x5e7851ac9920 .array "start_test_r", 31 0, 0 0;
v0x5e7851ac99c0 .array "start_test_w", 31 0, 0 0;
E_0x5e7851a27980 .event anyedge, v0x5e7851ac8920_0;
S_0x5e7851ac4d50 .scope begin, "$ivl_for_loop19" "$ivl_for_loop19" 4 920, 4 920 0, S_0x5e7851ac4980;
 .timescale 0 0;
v0x5e7851aa0fe0_0 .var/2s "i", 31 0;
S_0x5e7851ac4fb0 .scope task, "general_input_r" "general_input_r" 4 445, 4 445 0, S_0x5e7851ac4980;
 .timescale 0 0;
E_0x5e7851a27bd0 .event posedge, v0x5e7851ac84f0_0;
TD_tb_lifo_synchronous.dut_input_lifo.general_input_r ;
    %pushi/vec4 1, 0, 1;
    %store/vec4 v0x5e7851ac97a0_0, 0, 1;
    %ix/load 4, 0, 0;
    %flag_set/imm 4, 0;
    %load/vec4a v0x5e7851ac9040, 4;
    %flag_set/vec4 8;
    %jmp/1 T_5.29, 8;
    %ix/load 4, 1, 0;
    %flag_set/imm 4, 0;
    %load/vec4a v0x5e7851ac9040, 4;
    %flag_set/vec4 9;
    %flag_or 8, 9;
T_5.29;
    %jmp/1 T_5.28, 8;
    %ix/load 4, 2, 0;
    %flag_set/imm 4, 0;
    %load/vec4a v0x5e7851ac9040, 4;
    %flag_set/vec4 9;
    %flag_or 8, 9;
T_5.28;
    %jmp/0xz  T_5.26, 8;
    %pushi/vec4 0, 0, 1;
    %store/vec4 v0x5e7851ac97a0_0, 0, 1;
T_5.26 ;
    %load/vec4 v0x5e7851ac90e0_0;
    %flag_set/vec4 9;
    %flag_get/vec4 9;
    %jmp/0 T_5.32, 9;
    %ix/load 4, 3, 0;
    %flag_set/imm 4, 0;
    %load/vec4a v0x5e7851ac9040, 4;
    %pad/u 32;
    %pushi/vec4 0, 0, 32;
    %cmp/e;
    %flag_get/vec4 4;
    %and;
T_5.32;
    %flag_set/vec4 8;
    %jmp/0xz  T_5.30, 8;
    %ix/load 4, 5, 0;
    %flag_set/imm 4, 0;
    %load/vec4a v0x5e7851ac91a0, 4;
    %flag_set/vec4 9;
    %flag_get/vec4 9;
    %jmp/0 T_5.35, 9;
    %load/vec4 v0x5e7851ac8390_0;
    %and;
T_5.35;
    %flag_set/vec4 8;
    %jmp/0xz  T_5.33, 8;
    %pushi/vec4 2, 0, 2;
    %split/vec4 1;
    %store/vec4 v0x5e7851ac8450_0, 0, 1;
    %store/vec4 v0x5e7851ac8390_0, 0, 1;
    %pushi/vec4 0, 0, 1;
    %ix/load 4, 5, 0;
    %flag_set/imm 4, 0;
    %store/vec4a v0x5e7851ac91a0, 4, 0;
    %pushi/vec4 1, 0, 1;
    %store/vec4 v0x5e7851ac8920_0, 0, 1;
T_5.33 ;
    %jmp T_5.31;
T_5.30 ;
    %load/vec4 v0x5e7851ac9240_0;
    %flag_set/vec4 9;
    %flag_get/vec4 9;
    %jmp/0 T_5.38, 9;
    %ix/load 4, 3, 0;
    %flag_set/imm 4, 0;
    %load/vec4a v0x5e7851ac91a0, 4;
    %pad/u 32;
    %pushi/vec4 0, 0, 32;
    %cmp/e;
    %flag_get/vec4 4;
    %and;
T_5.38;
    %flag_set/vec4 8;
    %jmp/0xz  T_5.36, 8;
    %ix/load 4, 1, 0;
    %flag_set/imm 4, 0;
    %load/vec4a v0x5e7851ac9920, 4;
    %pad/u 32;
    %cmpi/ne 1, 0, 32;
    %jmp/0xz  T_5.39, 6;
    %vpi_call/w 4 476 "$display" {0 0 0};
    %vpi_call/w 4 477 "$display", "%12s ***time = %0d,SHARP INTERRUPT OF RST TEST***", "\000", $time {0 0 0};
    %vpi_call/w 4 478 "$display", "%12s ***(interrupt with  between posedges of TICK)***", "\000" {0 0 0};
    %vpi_call/w 4 479 "$display" {0 0 0};
    %pushi/vec4 1, 0, 1;
    %ix/load 4, 1, 0;
    %flag_set/imm 4, 0;
    %store/vec4a v0x5e7851ac9920, 4, 0;
T_5.39 ;
    %ix/load 4, 3, 0;
    %flag_set/imm 4, 0;
    %load/vec4a v0x5e7851ac9040, 4;
    %flag_set/vec4 8;
    %jmp/0xz  T_5.41, 8;
    %pushi/vec4 2, 0, 2;
    %split/vec4 1;
    %assign/vec4 v0x5e7851ac8450_0, 0;
    %assign/vec4 v0x5e7851ac8390_0, 0;
    %jmp T_5.42;
T_5.41 ;
    %ix/load 4, 1, 0;
    %flag_set/imm 4, 0;
    %load/vec4a v0x5e7851ac9300, 4;
    %flag_set/vec4 8;
    %jmp/0xz  T_5.43, 8;
    %pushi/vec4 1, 0, 1;
    %assign/vec4 v0x5e7851ac8450_0, 0;
    %wait E_0x5e7851a27bd0;
    %delay 0, 0;
    %pushi/vec4 0, 0, 1;
    %assign/vec4 v0x5e7851ac8450_0, 0;
    %pushi/vec4 1, 0, 1;
    %ix/load 3, 3, 0;
    %flag_set/imm 4, 0;
    %ix/load 4, 0, 0; Constant delay
    %assign/vec4/a/d v0x5e7851ac9040, 0, 4;
    %jmp T_5.44;
T_5.43 ;
    %pushi/vec4 0, 0, 2;
    %split/vec4 1;
    %assign/vec4 v0x5e7851ac8450_0, 0;
    %assign/vec4 v0x5e7851ac8390_0, 0;
T_5.44 ;
T_5.42 ;
    %jmp T_5.37;
T_5.36 ;
    %load/vec4 v0x5e7851ac8aa0_0;
    %cmpi/ne 0, 0, 32;
    %flag_get/vec4 4;
    %jmp/0 T_5.48, 4;
    %ix/load 4, 2, 0;
    %flag_set/imm 4, 0;
    %load/vec4a v0x5e7851ac9040, 4;
    %pad/u 32;
    %pushi/vec4 0, 0, 32;
    %cmp/e;
    %flag_get/vec4 4;
    %and;
T_5.48;
    %flag_set/vec4 9;
    %flag_get/vec4 9;
    %jmp/0 T_5.47, 9;
    %load/vec4 v0x5e7851ac9240_0;
    %pad/u 32;
    %pushi/vec4 1, 0, 32;
    %cmp/ne;
    %flag_get/vec4 6;
    %and;
T_5.47;
    %flag_set/vec4 8;
    %jmp/0xz  T_5.45, 8;
    %ix/load 4, 1, 0;
    %flag_set/imm 4, 0;
    %load/vec4a v0x5e7851ac99c0, 4;
    %pad/u 32;
    %cmpi/ne 1, 0, 32;
    %jmp/0xz  T_5.49, 6;
    %vpi_call/w 4 513 "$display" {0 0 0};
    %vpi_call/w 4 514 "$display", "%12s ***time = %0d,SHARP INTERRUPT OF RST TEST***", "\000", $time {0 0 0};
    %vpi_call/w 4 515 "$display", "%12s ***(interrupt with RST between posedges of TICK)***", "\000" {0 0 0};
    %vpi_call/w 4 516 "$display" {0 0 0};
    %pushi/vec4 1, 0, 1;
    %ix/load 4, 1, 0;
    %flag_set/imm 4, 0;
    %store/vec4a v0x5e7851ac99c0, 4, 0;
T_5.49 ;
    %ix/load 4, 3, 0;
    %flag_set/imm 4, 0;
    %load/vec4a v0x5e7851ac91a0, 4;
    %flag_set/vec4 8;
    %jmp/0xz  T_5.51, 8;
    %ix/load 4, 3, 0;
    %flag_set/imm 4, 0;
    %load/vec4a v0x5e7851ac91a0, 4;
    %flag_set/vec4 9;
    %flag_get/vec4 9;
    %jmp/0 T_5.55, 9;
    %load/vec4 v0x5e7851ac8390_0;
    %and;
T_5.55;
    %flag_set/vec4 8;
    %jmp/0xz  T_5.53, 8;
    %pushi/vec4 0, 0, 1;
    %store/vec4 v0x5e7851ac8450_0, 0, 1;
    %pushi/vec4 0, 0, 1;
    %ix/load 4, 3, 0;
    %flag_set/imm 4, 0;
    %store/vec4a v0x5e7851ac91a0, 4, 0;
    %pushi/vec4 1, 0, 1;
    %store/vec4 v0x5e7851ac9240_0, 0, 1;
    %jmp T_5.54;
T_5.53 ;
    %pushi/vec4 0, 0, 1;
    %store/vec4 v0x5e7851ac8450_0, 0, 1;
T_5.54 ;
T_5.51 ;
    %jmp T_5.46;
T_5.45 ;
    %ix/load 4, 0, 0;
    %flag_set/imm 4, 0;
    %load/vec4a v0x5e7851ac8c40, 4;
    %cmpi/ne 0, 0, 32;
    %flag_get/vec4 4;
    %jmp/0 T_5.60, 4;
    %ix/load 4, 0, 0;
    %flag_set/imm 4, 0;
    %load/vec4a v0x5e7851ac89e0, 4;
    %pushi/vec4 0, 0, 32;
    %cmp/ne;
    %flag_get/vec4 4;
    %and;
T_5.60;
    %flag_set/vec4 10;
    %flag_get/vec4 10;
    %jmp/0 T_5.59, 10;
    %load/vec4 v0x5e7851ac8d00_0;
    %pushi/vec4 0, 0, 32;
    %cmp/ne;
    %flag_get/vec4 4;
    %and;
T_5.59;
    %flag_set/vec4 9;
    %flag_get/vec4 9;
    %jmp/0 T_5.58, 9;
    %ix/load 4, 2, 0;
    %flag_set/imm 4, 0;
    %load/vec4a v0x5e7851ac91a0, 4;
    %pad/u 32;
    %pushi/vec4 0, 0, 32;
    %cmp/e;
    %flag_get/vec4 4;
    %and;
T_5.58;
    %flag_set/vec4 8;
    %jmp/0xz  T_5.56, 8;
    %ix/load 4, 2, 0;
    %flag_set/imm 4, 0;
    %load/vec4a v0x5e7851ac9920, 4;
    %pad/u 32;
    %cmpi/ne 1, 0, 32;
    %jmp/0xz  T_5.61, 6;
    %vpi_call/w 4 543 "$display" {0 0 0};
    %vpi_call/w 4 544 "$display", "%12s ***time = %0d,READ STRESS TEST***", "\000", $time {0 0 0};
    %vpi_call/w 4 545 "$display", "%12s ***(READ FROM FULL UNTIL EMPTY)***", "\000" {0 0 0};
    %vpi_call/w 4 546 "$display" {0 0 0};
    %pushi/vec4 1, 0, 1;
    %ix/load 4, 2, 0;
    %flag_set/imm 4, 0;
    %store/vec4a v0x5e7851ac9920, 4, 0;
T_5.61 ;
    %ix/load 4, 2, 0;
    %flag_set/imm 4, 0;
    %load/vec4a v0x5e7851ac9040, 4;
    %flag_set/vec4 8;
    %jmp/0xz  T_5.63, 8;
    %pushi/vec4 2, 0, 2;
    %split/vec4 1;
    %store/vec4 v0x5e7851ac8450_0, 0, 1;
    %store/vec4 v0x5e7851ac8390_0, 0, 1;
    %jmp T_5.64;
T_5.63 ;
    %ix/load 4, 0, 0;
    %flag_set/imm 4, 0;
    %load/vec4a v0x5e7851ac9300, 4;
    %flag_set/vec4 10;
    %flag_get/vec4 10;
    %jmp/0 T_5.68, 10;
    %load/vec4 v0x5e7851ac9860_0;
    %and;
T_5.68;
    %flag_set/vec4 9;
    %flag_get/vec4 9;
    %jmp/0 T_5.67, 9;
    %load/vec4 v0x5e7851ac97a0_0;
    %and;
T_5.67;
    %flag_set/vec4 8;
    %jmp/0xz  T_5.65, 8;
    %pushi/vec4 1, 0, 2;
    %split/vec4 1;
    %store/vec4 v0x5e7851ac8450_0, 0, 1;
    %store/vec4 v0x5e7851ac8390_0, 0, 1;
    %load/vec4 v0x5e7851ac9620_0;
    %flag_set/vec4 8;
    %jmp/0xz  T_5.69, 8;
    %pushi/vec4 0, 0, 2;
    %split/vec4 1;
    %store/vec4 v0x5e7851ac8450_0, 0, 1;
    %store/vec4 v0x5e7851ac8390_0, 0, 1;
    %pushi/vec4 1, 0, 1;
    %ix/load 4, 2, 0;
    %flag_set/imm 4, 0;
    %store/vec4a v0x5e7851ac9040, 4, 0;
    %pushi/vec4 0, 0, 1;
    %ix/load 4, 0, 0;
    %flag_set/imm 4, 0;
    %store/vec4a v0x5e7851ac9300, 4, 0;
T_5.69 ;
    %jmp T_5.66;
T_5.65 ;
    %pushi/vec4 0, 0, 2;
    %split/vec4 1;
    %store/vec4 v0x5e7851ac8450_0, 0, 1;
    %store/vec4 v0x5e7851ac8390_0, 0, 1;
T_5.66 ;
T_5.64 ;
    %jmp T_5.57;
T_5.56 ;
    %ix/load 4, 0, 0;
    %flag_set/imm 4, 0;
    %load/vec4a v0x5e7851ac8c40, 4;
    %cmpi/ne 0, 0, 32;
    %flag_get/vec4 4;
    %jmp/0 T_5.74, 4;
    %ix/load 4, 0, 0;
    %flag_set/imm 4, 0;
    %load/vec4a v0x5e7851ac89e0, 4;
    %pushi/vec4 0, 0, 32;
    %cmp/ne;
    %flag_get/vec4 4;
    %and;
T_5.74;
    %flag_set/vec4 9;
    %flag_get/vec4 9;
    %jmp/0 T_5.73, 9;
    %ix/load 4, 1, 0;
    %flag_set/imm 4, 0;
    %load/vec4a v0x5e7851ac9040, 4;
    %pad/u 32;
    %pushi/vec4 0, 0, 32;
    %cmp/e;
    %flag_get/vec4 4;
    %and;
T_5.73;
    %flag_set/vec4 8;
    %jmp/0xz  T_5.71, 8;
    %ix/load 4, 2, 0;
    %flag_set/imm 4, 0;
    %load/vec4a v0x5e7851ac99c0, 4;
    %pad/u 32;
    %cmpi/ne 1, 0, 32;
    %jmp/0xz  T_5.75, 6;
    %vpi_call/w 4 586 "$display" {0 0 0};
    %vpi_call/w 4 587 "$display", "%12s ***time = %0d,WRITE STRESS TEST***", "\000", $time {0 0 0};
    %vpi_call/w 4 588 "$display", "%12s ***(WRITE FROM EMPTY UNTIL FULL)***", "\000" {0 0 0};
    %vpi_call/w 4 589 "$display" {0 0 0};
    %pushi/vec4 1, 0, 1;
    %ix/load 4, 2, 0;
    %flag_set/imm 4, 0;
    %store/vec4a v0x5e7851ac99c0, 4, 0;
T_5.75 ;
    %ix/load 4, 2, 0;
    %flag_set/imm 4, 0;
    %load/vec4a v0x5e7851ac91a0, 4;
    %flag_set/vec4 9;
    %flag_get/vec4 9;
    %jmp/0 T_5.79, 9;
    %load/vec4 v0x5e7851ac8390_0;
    %load/vec4 v0x5e7851ac86c0_0;
    %concat/vec4; draw_concat_vec4
    %pushi/vec4 2, 0, 2;
    %cmp/e;
    %flag_get/vec4 4;
    %and;
T_5.79;
    %flag_set/vec4 8;
    %jmp/0xz  T_5.77, 8;
    %pushi/vec4 0, 0, 1;
    %store/vec4 v0x5e7851ac8450_0, 0, 1;
    %pushi/vec4 0, 0, 1;
    %ix/load 4, 2, 0;
    %flag_set/imm 4, 0;
    %store/vec4a v0x5e7851ac91a0, 4, 0;
    %pushi/vec4 1, 0, 32;
    %store/vec4 v0x5e7851ac8d00_0, 0, 32;
    %jmp T_5.78;
T_5.77 ;
    %pushi/vec4 0, 0, 2;
    %split/vec4 1;
    %store/vec4 v0x5e7851ac8450_0, 0, 1;
    %store/vec4 v0x5e7851ac8390_0, 0, 1;
T_5.78 ;
    %jmp T_5.72;
T_5.71 ;
    %ix/load 4, 0, 0;
    %flag_set/imm 4, 0;
    %load/vec4a v0x5e7851ac8c40, 4;
    %cmpi/ne 0, 0, 32;
    %jmp/0xz  T_5.80, 4;
    %ix/load 4, 1, 0;
    %flag_set/imm 4, 0;
    %load/vec4a v0x5e7851ac91a0, 4;
    %flag_set/vec4 8;
    %jmp/0xz  T_5.82, 8;
    %ix/load 4, 1, 0;
    %flag_set/imm 4, 0;
    %load/vec4a v0x5e7851ac91a0, 4;
    %flag_set/vec4 8;
    %jmp/0xz  T_5.84, 8;
    %pushi/vec4 2, 0, 2;
    %split/vec4 1;
    %store/vec4 v0x5e7851ac8450_0, 0, 1;
    %store/vec4 v0x5e7851ac8390_0, 0, 1;
    %pushi/vec4 0, 0, 1;
    %ix/load 4, 1, 0;
    %flag_set/imm 4, 0;
    %store/vec4a v0x5e7851ac91a0, 4, 0;
    %jmp T_5.85;
T_5.84 ;
    %pushi/vec4 0, 0, 2;
    %split/vec4 1;
    %store/vec4 v0x5e7851ac8450_0, 0, 1;
    %store/vec4 v0x5e7851ac8390_0, 0, 1;
    %pushi/vec4 1, 0, 1;
    %ix/load 4, 1, 0;
    %flag_set/imm 4, 0;
    %store/vec4a v0x5e7851ac91a0, 4, 0;
T_5.85 ;
T_5.82 ;
    %ix/load 4, 3, 0;
    %flag_set/imm 4, 0;
    %load/vec4a v0x5e7851ac9920, 4;
    %pad/u 32;
    %cmpi/ne 1, 0, 32;
    %jmp/0xz  T_5.86, 6;
    %vpi_call/w 4 627 "$display" {0 0 0};
    %vpi_call/w 4 628 "$display", "%12s ***time = %0d,GENERAL_READ_TEST***", "\000", $time {0 0 0};
    %vpi_call/w 4 629 "$display" {0 0 0};
    %pushi/vec4 1, 0, 1;
    %ix/load 4, 3, 0;
    %flag_set/imm 4, 0;
    %store/vec4a v0x5e7851ac9920, 4, 0;
T_5.86 ;
    %ix/load 4, 1, 0;
    %flag_set/imm 4, 0;
    %load/vec4a v0x5e7851ac89e0, 4;
    %cmpi/ne 1, 0, 32;
    %jmp/0xz  T_5.88, 6;
    %ix/load 4, 4, 0;
    %flag_set/imm 4, 0;
    %load/vec4a v0x5e7851ac9920, 4;
    %pad/u 32;
    %cmpi/ne 1, 0, 32;
    %jmp/0xz  T_5.90, 6;
    %vpi_call/w 4 640 "$display" {0 0 0};
    %vpi_call/w 4 641 "$display", "%12s ***time = %0d,TEST for prev_state_r = !EMPTY_EXPECTED and current_state = {RST,R_EN}***", "\000", $time {0 0 0};
    %vpi_call/w 4 642 "$display" {0 0 0};
    %pushi/vec4 1, 0, 1;
    %ix/load 4, 4, 0;
    %flag_set/imm 4, 0;
    %store/vec4a v0x5e7851ac9920, 4, 0;
T_5.90 ;
    %ix/load 4, 0, 0;
    %flag_set/imm 4, 0;
    %load/vec4a v0x5e7851ac9040, 4;
    %flag_set/vec4 8;
    %jmp/0xz  T_5.92, 8;
    %pushi/vec4 2, 0, 2;
    %split/vec4 1;
    %store/vec4 v0x5e7851ac8450_0, 0, 1;
    %store/vec4 v0x5e7851ac8390_0, 0, 1;
    %jmp T_5.93;
T_5.92 ;
    %pushi/vec4 0, 0, 1;
    %ix/load 4, 0, 0;
    %flag_set/imm 4, 0;
    %store/vec4a v0x5e7851ac94e0, 4, 0;
    %fork t_7, S_0x5e7851ac51d0;
    %jmp t_6;
    .scope S_0x5e7851ac51d0;
t_7 ;
    %pushi/vec4 0, 0, 32;
    %store/vec4 v0x5e7851aa1a90_0, 0, 32;
T_5.94 ;
    %load/vec4 v0x5e7851aa1a90_0;
    %cmpi/s 3, 0, 32;
    %jmp/0xz T_5.95, 5;
    %ix/getv/s 4, v0x5e7851aa1a90_0;
    %load/vec4a v0x5e7851ac8b80, 4;
    %nor/r;
    %flag_set/vec4 11;
    %flag_get/vec4 11;
    %jmp/0 T_5.100, 11;
    %ix/load 4, 0, 0;
    %flag_set/imm 4, 0;
    %load/vec4a v0x5e7851ac94e0, 4;
    %nor/r;
    %and;
T_5.100;
    %flag_set/vec4 10;
    %flag_get/vec4 10;
    %jmp/0 T_5.99, 10;
    %load/vec4 v0x5e7851ac97a0_0;
    %and;
T_5.99;
    %flag_set/vec4 9;
    %flag_get/vec4 9;
    %jmp/0 T_5.98, 9;
    %load/vec4 v0x5e7851ac9860_0;
    %and;
T_5.98;
    %flag_set/vec4 8;
    %jmp/0xz  T_5.96, 8;
    %load/vec4 v0x5e7851ac9620_0;
    %flag_set/vec4 8;
    %jmp/0xz  T_5.101, 8;
    %pushi/vec4 0, 0, 2;
    %split/vec4 1;
    %store/vec4 v0x5e7851ac8450_0, 0, 1;
    %store/vec4 v0x5e7851ac8390_0, 0, 1;
    %pushi/vec4 1, 0, 1;
    %ix/load 4, 0, 0;
    %flag_set/imm 4, 0;
    %store/vec4a v0x5e7851ac94e0, 4, 0;
    %jmp T_5.102;
T_5.101 ;
    %load/vec4 v0x5e7851aa1a90_0;
    %parti/s 2, 0, 2;
    %split/vec4 1;
    %store/vec4 v0x5e7851ac8450_0, 0, 1;
    %store/vec4 v0x5e7851ac8390_0, 0, 1;
    %pushi/vec4 1, 0, 1;
    %ix/load 4, 0, 0;
    %flag_set/imm 4, 0;
    %store/vec4a v0x5e7851ac94e0, 4, 0;
    %pushi/vec4 1, 0, 1;
    %ix/load 4, 0, 0;
    %flag_set/imm 4, 0;
    %store/vec4a v0x5e7851ac9040, 4, 0;
T_5.102 ;
T_5.96 ;
    ; show_stmt_assign_vector: Get l-value for compressed += operand
    %load/vec4 v0x5e7851aa1a90_0;
    %pushi/vec4 1, 0, 32;
    %add;
    %cast2;
    %store/vec4 v0x5e7851aa1a90_0, 0, 32;
    %jmp T_5.94;
T_5.95 ;
    %end;
    .scope S_0x5e7851ac4fb0;
t_6 %join;
T_5.93 ;
    %pushi/vec4 1, 0, 32;
    %ix/load 4, 1, 0;
    %flag_set/imm 4, 0;
    %store/vec4a v0x5e7851ac89e0, 4, 0;
    %fork t_9, S_0x5e7851ac5430;
    %jmp t_8;
    .scope S_0x5e7851ac5430;
t_9 ;
    %pushi/vec4 0, 0, 32;
    %store/vec4 v0x5e7851a9aeb0_0, 0, 32;
T_5.103 ;
    %load/vec4 v0x5e7851a9aeb0_0;
    %cmpi/s 3, 0, 32;
    %jmp/0xz T_5.104, 5;
    %ix/getv/s 4, v0x5e7851a9aeb0_0;
    %load/vec4a v0x5e7851ac8b80, 4;
    %nor/r;
    %flag_set/vec4 8;
    %jmp/0xz  T_5.105, 8;
    %pushi/vec4 0, 0, 32;
    %ix/load 4, 1, 0;
    %flag_set/imm 4, 0;
    %store/vec4a v0x5e7851ac89e0, 4, 0;
T_5.105 ;
    ; show_stmt_assign_vector: Get l-value for compressed += operand
    %load/vec4 v0x5e7851a9aeb0_0;
    %pushi/vec4 1, 0, 32;
    %add;
    %cast2;
    %store/vec4 v0x5e7851a9aeb0_0, 0, 32;
    %jmp T_5.103;
T_5.104 ;
    %end;
    .scope S_0x5e7851ac4fb0;
t_8 %join;
T_5.88 ;
    %ix/load 4, 1, 0;
    %flag_set/imm 4, 0;
    %load/vec4a v0x5e7851ac89e0, 4;
    %cmpi/ne 0, 0, 32;
    %jmp/0xz  T_5.107, 4;
    %ix/load 4, 5, 0;
    %flag_set/imm 4, 0;
    %load/vec4a v0x5e7851ac9920, 4;
    %pad/u 32;
    %cmpi/ne 1, 0, 32;
    %jmp/0xz  T_5.109, 6;
    %vpi_call/w 4 696 "$display" {0 0 0};
    %vpi_call/w 4 697 "$display", "%12s ***time = %0d, TEST for prev_state_r = EMPTY_EXPECTED and current_state = {RST,R_EN}***", "\000", $time {0 0 0};
    %vpi_call/w 4 698 "$display" {0 0 0};
    %pushi/vec4 1, 0, 1;
    %ix/load 4, 5, 0;
    %flag_set/imm 4, 0;
    %store/vec4a v0x5e7851ac9920, 4, 0;
T_5.109 ;
    %ix/load 4, 1, 0;
    %flag_set/imm 4, 0;
    %load/vec4a v0x5e7851ac9040, 4;
    %flag_set/vec4 8;
    %jmp/0xz  T_5.111, 8;
    %pushi/vec4 2, 0, 2;
    %split/vec4 1;
    %store/vec4 v0x5e7851ac8450_0, 0, 1;
    %store/vec4 v0x5e7851ac8390_0, 0, 1;
    %jmp T_5.112;
T_5.111 ;
    %pushi/vec4 0, 0, 1;
    %ix/load 4, 1, 0;
    %flag_set/imm 4, 0;
    %store/vec4a v0x5e7851ac94e0, 4, 0;
    %fork t_11, S_0x5e7851ac5670;
    %jmp t_10;
    .scope S_0x5e7851ac5670;
t_11 ;
    %pushi/vec4 0, 0, 32;
    %store/vec4 v0x5e7851a4a930_0, 0, 32;
T_5.113 ;
    %load/vec4 v0x5e7851a4a930_0;
    %cmpi/s 3, 0, 32;
    %jmp/0xz T_5.114, 5;
    %load/vec4 v0x5e7851a4a930_0;
    %addi 3, 0, 32;
    %ix/vec4/s 4;
    %load/vec4a v0x5e7851ac8b80, 4;
    %nor/r;
    %flag_set/vec4 12;
    %flag_get/vec4 12;
    %jmp/0 T_5.120, 12;
    %ix/load 4, 1, 0;
    %flag_set/imm 4, 0;
    %load/vec4a v0x5e7851ac89e0, 4;
    %pushi/vec4 0, 0, 32;
    %cmp/ne;
    %flag_get/vec4 4;
    %and;
T_5.120;
    %flag_set/vec4 11;
    %flag_get/vec4 11;
    %jmp/0 T_5.119, 11;
    %ix/load 4, 1, 0;
    %flag_set/imm 4, 0;
    %load/vec4a v0x5e7851ac94e0, 4;
    %nor/r;
    %and;
T_5.119;
    %flag_set/vec4 10;
    %flag_get/vec4 10;
    %jmp/0 T_5.118, 10;
    %load/vec4 v0x5e7851ac97a0_0;
    %and;
T_5.118;
    %flag_set/vec4 9;
    %flag_get/vec4 9;
    %jmp/0 T_5.117, 9;
    %load/vec4 v0x5e7851ac9860_0;
    %and;
T_5.117;
    %flag_set/vec4 8;
    %jmp/0xz  T_5.115, 8;
    %load/vec4 v0x5e7851ac9620_0;
    %nor/r;
    %flag_set/vec4 8;
    %jmp/0xz  T_5.121, 8;
    %pushi/vec4 2, 0, 2;
    %split/vec4 1;
    %store/vec4 v0x5e7851ac8450_0, 0, 1;
    %store/vec4 v0x5e7851ac8390_0, 0, 1;
    %pushi/vec4 1, 0, 1;
    %ix/load 4, 1, 0;
    %flag_set/imm 4, 0;
    %store/vec4a v0x5e7851ac94e0, 4, 0;
    %jmp T_5.122;
T_5.121 ;
    %load/vec4 v0x5e7851a4a930_0;
    %parti/s 2, 0, 2;
    %split/vec4 1;
    %store/vec4 v0x5e7851ac8450_0, 0, 1;
    %store/vec4 v0x5e7851ac8390_0, 0, 1;
    %pushi/vec4 1, 0, 1;
    %ix/load 4, 1, 0;
    %flag_set/imm 4, 0;
    %store/vec4a v0x5e7851ac94e0, 4, 0;
    %pushi/vec4 1, 0, 1;
    %ix/load 4, 1, 0;
    %flag_set/imm 4, 0;
    %store/vec4a v0x5e7851ac9040, 4, 0;
T_5.122 ;
T_5.115 ;
    ; show_stmt_assign_vector: Get l-value for compressed += operand
    %load/vec4 v0x5e7851a4a930_0;
    %pushi/vec4 1, 0, 32;
    %add;
    %cast2;
    %store/vec4 v0x5e7851a4a930_0, 0, 32;
    %jmp T_5.113;
T_5.114 ;
    %end;
    .scope S_0x5e7851ac4fb0;
t_10 %join;
T_5.112 ;
    %pushi/vec4 1, 0, 32;
    %ix/load 4, 2, 0;
    %flag_set/imm 4, 0;
    %store/vec4a v0x5e7851ac89e0, 4, 0;
    %fork t_13, S_0x5e7851ac58c0;
    %jmp t_12;
    .scope S_0x5e7851ac58c0;
t_13 ;
    %pushi/vec4 3, 0, 32;
    %store/vec4 v0x5e7851ac5aa0_0, 0, 32;
T_5.123 ;
    %load/vec4 v0x5e7851ac5aa0_0;
    %cmpi/s 6, 0, 32;
    %jmp/0xz T_5.124, 5;
    %ix/getv/s 4, v0x5e7851ac5aa0_0;
    %load/vec4a v0x5e7851ac8b80, 4;
    %nor/r;
    %flag_set/vec4 8;
    %jmp/0xz  T_5.125, 8;
    %pushi/vec4 0, 0, 32;
    %ix/load 4, 2, 0;
    %flag_set/imm 4, 0;
    %store/vec4a v0x5e7851ac89e0, 4, 0;
T_5.125 ;
    ; show_stmt_assign_vector: Get l-value for compressed += operand
    %load/vec4 v0x5e7851ac5aa0_0;
    %pushi/vec4 1, 0, 32;
    %add;
    %cast2;
    %store/vec4 v0x5e7851ac5aa0_0, 0, 32;
    %jmp T_5.123;
T_5.124 ;
    %end;
    .scope S_0x5e7851ac4fb0;
t_12 %join;
T_5.107 ;
    %load/vec4 v0x5e7851ac97a0_0;
    %flag_set/vec4 9;
    %flag_get/vec4 9;
    %jmp/0 T_5.129, 9;
    %load/vec4 v0x5e7851ac9860_0;
    %and;
T_5.129;
    %flag_set/vec4 8;
    %jmp/0xz  T_5.127, 8;
    %load/vec4 v0x5e7851ac9620_0;
    %load/vec4 v0x5e7851ac8390_0;
    %concat/vec4; draw_concat_vec4
    %load/vec4 v0x5e7851ac8450_0;
    %concat/vec4; draw_concat_vec4
    %cmpi/u 3, 0, 3;
    %jmp/0xz  T_5.130, 5;
    ; show_stmt_assign_vector: Get l-value for compressed += operand
    %load/vec4 v0x5e7851ac9620_0;
    %load/vec4 v0x5e7851ac8390_0;
    %concat/vec4; draw_concat_vec4
    %load/vec4 v0x5e7851ac8450_0;
    %concat/vec4; draw_concat_vec4
    %pad/u 7;
    %ix/vec4 4;
    %flag_mov 8, 4;
    %load/vec4a v0x5e7851ac8b80, 4;
    %pushi/vec4 1, 0, 32;
    %add;
    %flag_mov 4, 8;
    %store/vec4a v0x5e7851ac8b80, 4, 0;
    %jmp T_5.131;
T_5.130 ;
    %load/vec4 v0x5e7851ac9620_0;
    %load/vec4 v0x5e7851ac8390_0;
    %concat/vec4; draw_concat_vec4
    %load/vec4 v0x5e7851ac8450_0;
    %concat/vec4; draw_concat_vec4
    %cmpi/u 3, 0, 3;
    %flag_or 5, 4; GT is !LE
    %flag_inv 5;
    %jmp/0xz  T_5.132, 5;
    ; show_stmt_assign_vector: Get l-value for compressed += operand
    %load/vec4 v0x5e7851ac9620_0;
    %load/vec4 v0x5e7851ac8390_0;
    %concat/vec4; draw_concat_vec4
    %load/vec4 v0x5e7851ac8450_0;
    %concat/vec4; draw_concat_vec4
    %pad/u 32;
    %subi 1, 0, 32;
    %ix/vec4 4;
    %flag_mov 8, 4;
    %load/vec4a v0x5e7851ac8b80, 4;
    %pushi/vec4 1, 0, 32;
    %add;
    %flag_mov 4, 8;
    %store/vec4a v0x5e7851ac8b80, 4, 0;
T_5.132 ;
T_5.131 ;
T_5.127 ;
    %pushi/vec4 1, 0, 32;
    %ix/load 4, 0, 0;
    %flag_set/imm 4, 0;
    %store/vec4a v0x5e7851ac89e0, 4, 0;
    %fork t_15, S_0x5e7851ac5ba0;
    %jmp t_14;
    .scope S_0x5e7851ac5ba0;
t_15 ;
    %pushi/vec4 0, 0, 32;
    %store/vec4 v0x5e7851ac5dd0_0, 0, 32;
T_5.134 ;
    %load/vec4 v0x5e7851ac5dd0_0;
    %cmpi/s 6, 0, 32;
    %jmp/0xz T_5.135, 5;
    %ix/getv/s 4, v0x5e7851ac5dd0_0;
    %load/vec4a v0x5e7851ac8b80, 4;
    %nor/r;
    %flag_set/vec4 8;
    %jmp/0xz  T_5.136, 8;
    %pushi/vec4 0, 0, 32;
    %ix/load 4, 0, 0;
    %flag_set/imm 4, 0;
    %store/vec4a v0x5e7851ac89e0, 4, 0;
T_5.136 ;
    ; show_stmt_assign_vector: Get l-value for compressed += operand
    %load/vec4 v0x5e7851ac5dd0_0;
    %pushi/vec4 1, 0, 32;
    %add;
    %cast2;
    %store/vec4 v0x5e7851ac5dd0_0, 0, 32;
    %jmp T_5.134;
T_5.135 ;
    %end;
    .scope S_0x5e7851ac4fb0;
t_14 %join;
    %pushi/vec4 1, 0, 1;
    %store/vec4 v0x5e7851ac97a0_0, 0, 1;
    %ix/load 4, 0, 0;
    %flag_set/imm 4, 0;
    %load/vec4a v0x5e7851ac9040, 4;
    %flag_set/vec4 8;
    %jmp/1 T_5.141, 8;
    %ix/load 4, 1, 0;
    %flag_set/imm 4, 0;
    %load/vec4a v0x5e7851ac9040, 4;
    %flag_set/vec4 9;
    %flag_or 8, 9;
T_5.141;
    %jmp/1 T_5.140, 8;
    %ix/load 4, 2, 0;
    %flag_set/imm 4, 0;
    %load/vec4a v0x5e7851ac9040, 4;
    %flag_set/vec4 9;
    %flag_or 8, 9;
T_5.140;
    %jmp/0xz  T_5.138, 8;
    %pushi/vec4 0, 0, 1;
    %store/vec4 v0x5e7851ac97a0_0, 0, 1;
T_5.138 ;
    %jmp T_5.81;
T_5.80 ;
    %ix/load 4, 3, 0;
    %flag_set/imm 4, 0;
    %load/vec4a v0x5e7851ac99c0, 4;
    %pad/u 32;
    %cmpi/ne 1, 0, 32;
    %jmp/0xz  T_5.142, 6;
    %vpi_call/w 4 786 "$display" {0 0 0};
    %vpi_call/w 4 787 "$display", "%12s ***time = %0d,GENERAL_WRITE_TEST***", "\000", $time {0 0 0};
    %vpi_call/w 4 788 "$display" {0 0 0};
    %pushi/vec4 1, 0, 1;
    %ix/load 4, 3, 0;
    %flag_set/imm 4, 0;
    %store/vec4a v0x5e7851ac99c0, 4, 0;
T_5.142 ;
    %load/vec4 v0x5e7851ac8f80_0;
    %flag_set/vec4 8;
    %jmp/0xz  T_5.144, 8;
    %load/vec4 v0x5e7851ac8f80_0;
    %flag_set/vec4 9;
    %flag_get/vec4 9;
    %jmp/0 T_5.148, 9;
    %load/vec4 v0x5e7851ac8390_0;
    %load/vec4 v0x5e7851ac86c0_0;
    %concat/vec4; draw_concat_vec4
    %pushi/vec4 2, 0, 2;
    %cmp/e;
    %flag_get/vec4 4;
    %and;
T_5.148;
    %flag_set/vec4 8;
    %jmp/0xz  T_5.146, 8;
    %pushi/vec4 0, 0, 1;
    %store/vec4 v0x5e7851ac8450_0, 0, 1;
    %pushi/vec4 0, 0, 1;
    %store/vec4 v0x5e7851ac8f80_0, 0, 1;
    %jmp T_5.147;
T_5.146 ;
    %pushi/vec4 0, 0, 1;
    %store/vec4 v0x5e7851ac8450_0, 0, 1;
    %pushi/vec4 1, 0, 1;
    %store/vec4 v0x5e7851ac8f80_0, 0, 1;
T_5.147 ;
    %jmp T_5.145;
T_5.144 ;
    %ix/load 4, 0, 0;
    %flag_set/imm 4, 0;
    %load/vec4a v0x5e7851ac91a0, 4;
    %flag_set/vec4 8;
    %jmp/0xz  T_5.149, 8;
    %ix/load 4, 0, 0;
    %flag_set/imm 4, 0;
    %load/vec4a v0x5e7851ac91a0, 4;
    %flag_set/vec4 9;
    %flag_get/vec4 9;
    %jmp/0 T_5.153, 9;
    %load/vec4 v0x5e7851ac8390_0;
    %load/vec4 v0x5e7851ac86c0_0;
    %concat/vec4; draw_concat_vec4
    %pushi/vec4 2, 0, 2;
    %cmp/e;
    %flag_get/vec4 4;
    %and;
T_5.153;
    %flag_set/vec4 8;
    %jmp/0xz  T_5.151, 8;
    %pushi/vec4 0, 0, 1;
    %store/vec4 v0x5e7851ac8450_0, 0, 1;
    %pushi/vec4 0, 0, 1;
    %ix/load 4, 0, 0;
    %flag_set/imm 4, 0;
    %store/vec4a v0x5e7851ac91a0, 4, 0;
    %jmp T_5.152;
T_5.151 ;
    %pushi/vec4 0, 0, 1;
    %store/vec4 v0x5e7851ac8450_0, 0, 1;
    %pushi/vec4 1, 0, 1;
    %ix/load 4, 0, 0;
    %flag_set/imm 4, 0;
    %store/vec4a v0x5e7851ac91a0, 4, 0;
T_5.152 ;
    %jmp T_5.150;
T_5.149 ;
    %ix/load 4, 1, 0;
    %flag_set/imm 4, 0;
    %load/vec4a v0x5e7851ac91a0, 4;
    %flag_set/vec4 8;
    %jmp/0xz  T_5.154, 8;
    %ix/load 4, 1, 0;
    %flag_set/imm 4, 0;
    %load/vec4a v0x5e7851ac91a0, 4;
    %flag_set/vec4 9;
    %flag_get/vec4 9;
    %jmp/0 T_5.158, 9;
    %load/vec4 v0x5e7851ac8390_0;
    %load/vec4 v0x5e7851ac86c0_0;
    %concat/vec4; draw_concat_vec4
    %pushi/vec4 2, 0, 2;
    %cmp/e;
    %flag_get/vec4 4;
    %and;
T_5.158;
    %flag_set/vec4 8;
    %jmp/0xz  T_5.156, 8;
    %pushi/vec4 0, 0, 1;
    %store/vec4 v0x5e7851ac8450_0, 0, 1;
    %pushi/vec4 0, 0, 1;
    %ix/load 4, 1, 0;
    %flag_set/imm 4, 0;
    %store/vec4a v0x5e7851ac91a0, 4, 0;
    %jmp T_5.157;
T_5.156 ;
    %pushi/vec4 0, 0, 1;
    %store/vec4 v0x5e7851ac8450_0, 0, 1;
    %pushi/vec4 1, 0, 1;
    %ix/load 4, 1, 0;
    %flag_set/imm 4, 0;
    %store/vec4a v0x5e7851ac91a0, 4, 0;
T_5.157 ;
    %jmp T_5.155;
T_5.154 ;
    %fork t_17, S_0x5e7851ac5ed0;
    %jmp t_16;
    .scope S_0x5e7851ac5ed0;
t_17 ;
    %pushi/vec4 0, 0, 32;
    %store/vec4 v0x5e7851ac60b0_0, 0, 32;
T_5.159 ;
    %load/vec4 v0x5e7851ac60b0_0;
    %cmpi/s 3, 0, 32;
    %jmp/0xz T_5.160, 5;
    %pushi/vec4 0, 0, 1;
    %ix/getv/s 4, v0x5e7851ac60b0_0;
    %store/vec4a v0x5e7851ac93a0, 4, 0;
    ; show_stmt_assign_vector: Get l-value for compressed += operand
    %load/vec4 v0x5e7851ac60b0_0;
    %pushi/vec4 1, 0, 32;
    %add;
    %cast2;
    %store/vec4 v0x5e7851ac60b0_0, 0, 32;
    %jmp T_5.159;
T_5.160 ;
    %end;
    .scope S_0x5e7851ac4fb0;
t_16 %join;
    %ix/load 4, 1, 0;
    %flag_set/imm 4, 0;
    %load/vec4a v0x5e7851ac8c40, 4;
    %cmpi/ne 1, 0, 32;
    %jmp/0xz  T_5.161, 6;
    %ix/load 4, 4, 0;
    %flag_set/imm 4, 0;
    %load/vec4a v0x5e7851ac99c0, 4;
    %pad/u 32;
    %cmpi/ne 1, 0, 32;
    %jmp/0xz  T_5.163, 6;
    %vpi_call/w 4 841 "$display" {0 0 0};
    %vpi_call/w 4 842 "$display", "%12s ***time = %0d, TEST for prev_state_w = !FULL_EXPECTED and current_state = {RST,W_EN}***", "\000", $time {0 0 0};
    %vpi_call/w 4 843 "$display" {0 0 0};
    %pushi/vec4 1, 0, 1;
    %ix/load 4, 4, 0;
    %flag_set/imm 4, 0;
    %store/vec4a v0x5e7851ac99c0, 4, 0;
T_5.163 ;
    %fork t_19, S_0x5e7851ac61b0;
    %jmp t_18;
    .scope S_0x5e7851ac61b0;
t_19 ;
    %pushi/vec4 0, 0, 32;
    %store/vec4 v0x5e7851ac6390_0, 0, 32;
T_5.165 ;
    %load/vec4 v0x5e7851ac6390_0;
    %cmpi/s 3, 0, 32;
    %jmp/0xz T_5.166, 5;
    %ix/getv/s 4, v0x5e7851ac6390_0;
    %load/vec4a v0x5e7851ac8de0, 4;
    %nor/r;
    %flag_set/vec4 9;
    %flag_get/vec4 9;
    %jmp/0 T_5.169, 9;
    %ix/load 4, 0, 0;
    %flag_set/imm 4, 0;
    %load/vec4a v0x5e7851ac93a0, 4;
    %nor/r;
    %and;
T_5.169;
    %flag_set/vec4 8;
    %jmp/0xz  T_5.167, 8;
    %load/vec4 v0x5e7851ac96e0_0;
    %flag_set/vec4 8;
    %jmp/0xz  T_5.170, 8;
    %pushi/vec4 1, 0, 1;
    %store/vec4 v0x5e7851ac8450_0, 0, 1;
    %pushi/vec4 1, 0, 1;
    %ix/load 4, 0, 0;
    %flag_set/imm 4, 0;
    %store/vec4a v0x5e7851ac93a0, 4, 0;
    %jmp T_5.171;
T_5.170 ;
    %pushi/vec4 0, 0, 1;
    %store/vec4 v0x5e7851ac8450_0, 0, 1;
    %pushi/vec4 1, 0, 1;
    %ix/load 4, 0, 0;
    %flag_set/imm 4, 0;
    %store/vec4a v0x5e7851ac93a0, 4, 0;
T_5.171 ;
T_5.167 ;
    ; show_stmt_assign_vector: Get l-value for compressed += operand
    %load/vec4 v0x5e7851ac6390_0;
    %pushi/vec4 1, 0, 32;
    %add;
    %cast2;
    %store/vec4 v0x5e7851ac6390_0, 0, 32;
    %jmp T_5.165;
T_5.166 ;
    %end;
    .scope S_0x5e7851ac4fb0;
t_18 %join;
    %jmp T_5.162;
T_5.161 ;
    %ix/load 4, 1, 0;
    %flag_set/imm 4, 0;
    %load/vec4a v0x5e7851ac8c40, 4;
    %cmpi/ne 0, 0, 32;
    %jmp/0xz  T_5.172, 4;
    %ix/load 4, 5, 0;
    %flag_set/imm 4, 0;
    %load/vec4a v0x5e7851ac99c0, 4;
    %pad/u 32;
    %cmpi/ne 1, 0, 32;
    %jmp/0xz  T_5.174, 6;
    %vpi_call/w 4 866 "$display" {0 0 0};
    %vpi_call/w 4 867 "$display", "%12s ***time = %0d,TEST for prev_state_w = FULL_EXPECTED and current_state = {RST,W_EN}***", "\000", $time {0 0 0};
    %vpi_call/w 4 868 "$display" {0 0 0};
    %pushi/vec4 1, 0, 1;
    %ix/load 4, 5, 0;
    %flag_set/imm 4, 0;
    %store/vec4a v0x5e7851ac99c0, 4, 0;
T_5.174 ;
    %fork t_21, S_0x5e7851ac6490;
    %jmp t_20;
    .scope S_0x5e7851ac6490;
t_21 ;
    %pushi/vec4 0, 0, 32;
    %store/vec4 v0x5e7851ac6670_0, 0, 32;
T_5.176 ;
    %load/vec4 v0x5e7851ac6670_0;
    %cmpi/s 3, 0, 32;
    %jmp/0xz T_5.177, 5;
    %load/vec4 v0x5e7851ac6670_0;
    %addi 3, 0, 32;
    %ix/vec4/s 4;
    %load/vec4a v0x5e7851ac8de0, 4;
    %nor/r;
    %flag_set/vec4 10;
    %flag_get/vec4 10;
    %jmp/0 T_5.181, 10;
    %ix/load 4, 1, 0;
    %flag_set/imm 4, 0;
    %load/vec4a v0x5e7851ac93a0, 4;
    %nor/r;
    %and;
T_5.181;
    %flag_set/vec4 9;
    %flag_get/vec4 9;
    %jmp/0 T_5.180, 9;
    %ix/load 4, 1, 0;
    %flag_set/imm 4, 0;
    %load/vec4a v0x5e7851ac8c40, 4;
    %pushi/vec4 0, 0, 32;
    %cmp/ne;
    %flag_get/vec4 4;
    %and;
T_5.180;
    %flag_set/vec4 8;
    %jmp/0xz  T_5.178, 8;
    %pushi/vec4 0, 0, 1;
    %store/vec4 v0x5e7851ac8450_0, 0, 1;
    %pushi/vec4 1, 0, 1;
    %ix/load 4, 1, 0;
    %flag_set/imm 4, 0;
    %store/vec4a v0x5e7851ac93a0, 4, 0;
T_5.178 ;
    ; show_stmt_assign_vector: Get l-value for compressed += operand
    %load/vec4 v0x5e7851ac6670_0;
    %pushi/vec4 1, 0, 32;
    %add;
    %cast2;
    %store/vec4 v0x5e7851ac6670_0, 0, 32;
    %jmp T_5.176;
T_5.177 ;
    %end;
    .scope S_0x5e7851ac4fb0;
t_20 %join;
T_5.172 ;
T_5.162 ;
T_5.155 ;
T_5.150 ;
T_5.145 ;
T_5.81 ;
T_5.72 ;
T_5.57 ;
T_5.46 ;
T_5.37 ;
T_5.31 ;
    %end;
S_0x5e7851ac51d0 .scope begin, "$ivl_for_loop11" "$ivl_for_loop11" 4 659, 4 659 0, S_0x5e7851ac4fb0;
 .timescale 0 0;
v0x5e7851aa1a90_0 .var/2s "k", 31 0;
S_0x5e7851ac5430 .scope begin, "$ivl_for_loop12" "$ivl_for_loop12" 4 682, 4 682 0, S_0x5e7851ac4fb0;
 .timescale 0 0;
v0x5e7851a9aeb0_0 .var/2s "j", 31 0;
S_0x5e7851ac5670 .scope begin, "$ivl_for_loop13" "$ivl_for_loop13" 4 715, 4 715 0, S_0x5e7851ac4fb0;
 .timescale 0 0;
v0x5e7851a4a930_0 .var/2s "k", 31 0;
S_0x5e7851ac58c0 .scope begin, "$ivl_for_loop14" "$ivl_for_loop14" 4 737, 4 737 0, S_0x5e7851ac4fb0;
 .timescale 0 0;
v0x5e7851ac5aa0_0 .var/2s "j", 31 0;
S_0x5e7851ac5ba0 .scope begin, "$ivl_for_loop15" "$ivl_for_loop15" 4 762, 4 762 0, S_0x5e7851ac4fb0;
 .timescale 0 0;
v0x5e7851ac5dd0_0 .var/2s "j", 31 0;
S_0x5e7851ac5ed0 .scope begin, "$ivl_for_loop16" "$ivl_for_loop16" 4 833, 4 833 0, S_0x5e7851ac4fb0;
 .timescale 0 0;
v0x5e7851ac60b0_0 .var/2s "j", 31 0;
S_0x5e7851ac61b0 .scope begin, "$ivl_for_loop17" "$ivl_for_loop17" 4 847, 4 847 0, S_0x5e7851ac4fb0;
 .timescale 0 0;
v0x5e7851ac6390_0 .var/2s "k", 31 0;
S_0x5e7851ac6490 .scope begin, "$ivl_for_loop18" "$ivl_for_loop18" 4 873, 4 873 0, S_0x5e7851ac4fb0;
 .timescale 0 0;
v0x5e7851ac6670_0 .var/2s "k", 31 0;
S_0x5e7851ac6770 .scope task, "general_input_w" "general_input_w" 4 30, 4 30 0, S_0x5e7851ac4980;
 .timescale 0 0;
TD_tb_lifo_synchronous.dut_input_lifo.general_input_w ;
    %pushi/vec4 1, 0, 1;
    %store/vec4 v0x5e7851ac9860_0, 0, 1;
    %ix/load 4, 0, 0;
    %flag_set/imm 4, 0;
    %load/vec4a v0x5e7851ac91a0, 4;
    %flag_set/vec4 8;
    %jmp/1 T_6.186, 8;
    %ix/load 4, 1, 0;
    %flag_set/imm 4, 0;
    %load/vec4a v0x5e7851ac91a0, 4;
    %flag_set/vec4 9;
    %flag_or 8, 9;
T_6.186;
    %jmp/1 T_6.185, 8;
    %ix/load 4, 2, 0;
    %flag_set/imm 4, 0;
    %load/vec4a v0x5e7851ac91a0, 4;
    %flag_set/vec4 9;
    %flag_or 8, 9;
T_6.185;
    %jmp/1 T_6.184, 8;
    %ix/load 4, 3, 0;
    %flag_set/imm 4, 0;
    %load/vec4a v0x5e7851ac91a0, 4;
    %flag_set/vec4 9;
    %flag_or 8, 9;
T_6.184;
    %jmp/0xz  T_6.182, 8;
    %pushi/vec4 0, 0, 1;
    %store/vec4 v0x5e7851ac9860_0, 0, 1;
T_6.182 ;
    %load/vec4 v0x5e7851ac90e0_0;
    %flag_set/vec4 9;
    %flag_get/vec4 9;
    %jmp/0 T_6.189, 9;
    %ix/load 4, 3, 0;
    %flag_set/imm 4, 0;
    %load/vec4a v0x5e7851ac9040, 4;
    %pad/u 32;
    %pushi/vec4 0, 0, 32;
    %cmp/e;
    %flag_get/vec4 4;
    %and;
T_6.189;
    %flag_set/vec4 8;
    %jmp/0xz  T_6.187, 8;
    %load/vec4 v0x5e7851ac8920_0;
    %pad/u 32;
    %cmpi/ne 1, 0, 32;
    %jmp/0xz  T_6.190, 6;
    %pushi/vec4 2, 0, 2;
    %load/vec4 v0x5e7851ac8780_0;
    %concat/vec4; draw_concat_vec4
    %split/vec4 8;
    %store/vec4 v0x5e7851ac8290_0, 0, 8;
    %split/vec4 1;
    %store/vec4 v0x5e7851ac86c0_0, 0, 1;
    %store/vec4 v0x5e7851ac8390_0, 0, 1;
    %pushi/vec4 1, 0, 1;
    %ix/load 4, 5, 0;
    %flag_set/imm 4, 0;
    %store/vec4a v0x5e7851ac91a0, 4, 0;
T_6.190 ;
    %jmp T_6.188;
T_6.187 ;
    %load/vec4 v0x5e7851ac9240_0;
    %flag_set/vec4 9;
    %flag_get/vec4 9;
    %jmp/0 T_6.194, 9;
    %ix/load 4, 3, 0;
    %flag_set/imm 4, 0;
    %load/vec4a v0x5e7851ac91a0, 4;
    %pad/u 32;
    %pushi/vec4 0, 0, 32;
    %cmp/e;
    %flag_get/vec4 4;
    %and;
T_6.194;
    %flag_set/vec4 8;
    %jmp/0xz  T_6.192, 8;
    %ix/load 4, 1, 0;
    %flag_set/imm 4, 0;
    %load/vec4a v0x5e7851ac9920, 4;
    %pad/u 32;
    %cmpi/ne 1, 0, 32;
    %jmp/0xz  T_6.195, 6;
    %vpi_call/w 4 57 "$display" {0 0 0};
    %vpi_call/w 4 58 "$display", "%12s ***time = %0d,SHARP INTERRUPT OF RST TEST***", "\000", $time {0 0 0};
    %vpi_call/w 4 59 "$display", "%12s ***(interrupt with RST between posedges of TICK)***", "\000" {0 0 0};
    %vpi_call/w 4 60 "$display" {0 0 0};
    %pushi/vec4 1, 0, 1;
    %ix/load 4, 1, 0;
    %flag_set/imm 4, 0;
    %store/vec4a v0x5e7851ac9920, 4, 0;
T_6.195 ;
    %ix/load 4, 3, 0;
    %flag_set/imm 4, 0;
    %load/vec4a v0x5e7851ac9040, 4;
    %flag_set/vec4 8;
    %jmp/0xz  T_6.197, 8;
    %ix/load 4, 3, 0;
    %flag_set/imm 4, 0;
    %load/vec4a v0x5e7851ac9040, 4;
    %flag_set/vec4 9;
    %flag_get/vec4 9;
    %jmp/0 T_6.201, 9;
    %load/vec4 v0x5e7851ac8390_0;
    %load/vec4 v0x5e7851ac8450_0;
    %concat/vec4; draw_concat_vec4
    %pushi/vec4 2, 0, 2;
    %cmp/e;
    %flag_get/vec4 4;
    %and;
T_6.201;
    %flag_set/vec4 8;
    %jmp/0xz  T_6.199, 8;
    %pushi/vec4 0, 0, 1;
    %load/vec4 v0x5e7851ac8780_0;
    %concat/vec4; draw_concat_vec4
    %split/vec4 8;
    %store/vec4 v0x5e7851ac8290_0, 0, 8;
    %store/vec4 v0x5e7851ac86c0_0, 0, 1;
    %pushi/vec4 0, 0, 1;
    %ix/load 4, 3, 0;
    %flag_set/imm 4, 0;
    %store/vec4a v0x5e7851ac9040, 4, 0;
    %pushi/vec4 1, 0, 1;
    %store/vec4 v0x5e7851ac90e0_0, 0, 1;
    %jmp T_6.200;
T_6.199 ;
    %pushi/vec4 0, 0, 1;
    %load/vec4 v0x5e7851ac8780_0;
    %concat/vec4; draw_concat_vec4
    %split/vec4 8;
    %store/vec4 v0x5e7851ac8290_0, 0, 8;
    %store/vec4 v0x5e7851ac86c0_0, 0, 1;
T_6.200 ;
    %jmp T_6.198;
T_6.197 ;
    %pushi/vec4 1, 0, 1;
    %load/vec4 v0x5e7851ac8780_0;
    %concat/vec4; draw_concat_vec4
    %split/vec4 8;
    %assign/vec4 v0x5e7851ac8290_0, 0;
    %assign/vec4 v0x5e7851ac86c0_0, 0;
    %load/vec4 v0x5e7851ac9620_0;
    %nor/r;
    %flag_set/vec4 8;
    %jmp/0xz  T_6.202, 8;
    %pushi/vec4 0, 0, 1;
    %load/vec4 v0x5e7851ac8780_0;
    %concat/vec4; draw_concat_vec4
    %split/vec4 8;
    %assign/vec4 v0x5e7851ac8290_0, 0;
    %assign/vec4 v0x5e7851ac86c0_0, 0;
    %pushi/vec4 1, 0, 1;
    %ix/load 3, 1, 0;
    %flag_set/imm 4, 0;
    %ix/load 4, 0, 0; Constant delay
    %assign/vec4/a/d v0x5e7851ac9300, 0, 4;
T_6.202 ;
T_6.198 ;
    %jmp T_6.193;
T_6.192 ;
    %load/vec4 v0x5e7851ac8aa0_0;
    %cmpi/ne 0, 0, 32;
    %flag_get/vec4 4;
    %jmp/0 T_6.207, 4;
    %ix/load 4, 2, 0;
    %flag_set/imm 4, 0;
    %load/vec4a v0x5e7851ac9040, 4;
    %pad/u 32;
    %pushi/vec4 0, 0, 32;
    %cmp/e;
    %flag_get/vec4 4;
    %and;
T_6.207;
    %flag_set/vec4 9;
    %flag_get/vec4 9;
    %jmp/0 T_6.206, 9;
    %load/vec4 v0x5e7851ac9240_0;
    %pad/u 32;
    %pushi/vec4 1, 0, 32;
    %cmp/ne;
    %flag_get/vec4 6;
    %and;
T_6.206;
    %flag_set/vec4 8;
    %jmp/0xz  T_6.204, 8;
    %ix/load 4, 1, 0;
    %flag_set/imm 4, 0;
    %load/vec4a v0x5e7851ac99c0, 4;
    %pad/u 32;
    %cmpi/ne 1, 0, 32;
    %jmp/0xz  T_6.208, 6;
    %vpi_call/w 4 94 "$display" {0 0 0};
    %vpi_call/w 4 95 "$display", "%12s ***time = %0d,SHARP INTERRUPT OF RST TEST***", "\000", $time {0 0 0};
    %vpi_call/w 4 96 "$display", "%12s ***(interrupt with RST between posedges of TICK)***", "\000" {0 0 0};
    %vpi_call/w 4 97 "$display" {0 0 0};
    %pushi/vec4 1, 0, 1;
    %ix/load 4, 1, 0;
    %flag_set/imm 4, 0;
    %store/vec4a v0x5e7851ac99c0, 4, 0;
T_6.208 ;
    %ix/load 4, 3, 0;
    %flag_set/imm 4, 0;
    %load/vec4a v0x5e7851ac91a0, 4;
    %flag_set/vec4 8;
    %jmp/0xz  T_6.210, 8;
    %pushi/vec4 2, 0, 2;
    %load/vec4 v0x5e7851ac8780_0;
    %concat/vec4; draw_concat_vec4
    %split/vec4 8;
    %assign/vec4 v0x5e7851ac8290_0, 0;
    %split/vec4 1;
    %assign/vec4 v0x5e7851ac86c0_0, 0;
    %assign/vec4 v0x5e7851ac8390_0, 0;
    %jmp T_6.211;
T_6.210 ;
    %pushi/vec4 1, 0, 2;
    %load/vec4 v0x5e7851ac8780_0;
    %concat/vec4; draw_concat_vec4
    %split/vec4 8;
    %assign/vec4 v0x5e7851ac8290_0, 0;
    %split/vec4 1;
    %assign/vec4 v0x5e7851ac86c0_0, 0;
    %assign/vec4 v0x5e7851ac8390_0, 0;
    %wait E_0x5e7851a27bd0;
    %delay 0, 0;
    %pushi/vec4 2, 0, 2;
    %load/vec4 v0x5e7851ac8780_0;
    %concat/vec4; draw_concat_vec4
    %split/vec4 8;
    %assign/vec4 v0x5e7851ac8290_0, 0;
    %split/vec4 1;
    %assign/vec4 v0x5e7851ac86c0_0, 0;
    %assign/vec4 v0x5e7851ac8390_0, 0;
    %pushi/vec4 1, 0, 1;
    %ix/load 3, 3, 0;
    %flag_set/imm 4, 0;
    %ix/load 4, 0, 0; Constant delay
    %assign/vec4/a/d v0x5e7851ac91a0, 0, 4;
T_6.211 ;
    %jmp T_6.205;
T_6.204 ;
    %ix/load 4, 0, 0;
    %flag_set/imm 4, 0;
    %load/vec4a v0x5e7851ac8c40, 4;
    %cmpi/ne 0, 0, 32;
    %flag_get/vec4 4;
    %jmp/0 T_6.216, 4;
    %ix/load 4, 0, 0;
    %flag_set/imm 4, 0;
    %load/vec4a v0x5e7851ac89e0, 4;
    %pushi/vec4 0, 0, 32;
    %cmp/ne;
    %flag_get/vec4 4;
    %and;
T_6.216;
    %flag_set/vec4 10;
    %flag_get/vec4 10;
    %jmp/0 T_6.215, 10;
    %load/vec4 v0x5e7851ac8d00_0;
    %pushi/vec4 0, 0, 32;
    %cmp/ne;
    %flag_get/vec4 4;
    %and;
T_6.215;
    %flag_set/vec4 9;
    %flag_get/vec4 9;
    %jmp/0 T_6.214, 9;
    %ix/load 4, 2, 0;
    %flag_set/imm 4, 0;
    %load/vec4a v0x5e7851ac91a0, 4;
    %pad/u 32;
    %pushi/vec4 0, 0, 32;
    %cmp/e;
    %flag_get/vec4 4;
    %and;
T_6.214;
    %flag_set/vec4 8;
    %jmp/0xz  T_6.212, 8;
    %ix/load 4, 2, 0;
    %flag_set/imm 4, 0;
    %load/vec4a v0x5e7851ac9920, 4;
    %pad/u 32;
    %cmpi/ne 1, 0, 32;
    %jmp/0xz  T_6.217, 6;
    %vpi_call/w 4 121 "$display" {0 0 0};
    %vpi_call/w 4 122 "$display", "%12s ***time = %0d,READ STRESS TEST***", "\000", $time {0 0 0};
    %vpi_call/w 4 123 "$display", "%12s ***(READ FROM FULL UNTIL EMPTY)***", "\000" {0 0 0};
    %vpi_call/w 4 124 "$display" {0 0 0};
    %pushi/vec4 1, 0, 1;
    %ix/load 4, 2, 0;
    %flag_set/imm 4, 0;
    %store/vec4a v0x5e7851ac9920, 4, 0;
T_6.217 ;
    %ix/load 4, 2, 0;
    %flag_set/imm 4, 0;
    %load/vec4a v0x5e7851ac9040, 4;
    %flag_set/vec4 8;
    %jmp/0xz  T_6.219, 8;
    %ix/load 4, 2, 0;
    %flag_set/imm 4, 0;
    %load/vec4a v0x5e7851ac9040, 4;
    %flag_set/vec4 9;
    %flag_get/vec4 9;
    %jmp/0 T_6.223, 9;
    %load/vec4 v0x5e7851ac8390_0;
    %load/vec4 v0x5e7851ac8450_0;
    %concat/vec4; draw_concat_vec4
    %pushi/vec4 2, 0, 2;
    %cmp/e;
    %flag_get/vec4 4;
    %and;
T_6.223;
    %flag_set/vec4 8;
    %jmp/0xz  T_6.221, 8;
    %pushi/vec4 0, 0, 1;
    %load/vec4 v0x5e7851ac8780_0;
    %concat/vec4; draw_concat_vec4
    %split/vec4 8;
    %store/vec4 v0x5e7851ac8290_0, 0, 8;
    %store/vec4 v0x5e7851ac86c0_0, 0, 1;
    %pushi/vec4 0, 0, 1;
    %ix/load 4, 2, 0;
    %flag_set/imm 4, 0;
    %store/vec4a v0x5e7851ac9040, 4, 0;
    %pushi/vec4 1, 0, 32;
    %store/vec4 v0x5e7851ac8aa0_0, 0, 32;
    %jmp T_6.222;
T_6.221 ;
    %pushi/vec4 0, 0, 1;
    %load/vec4 v0x5e7851ac8780_0;
    %concat/vec4; draw_concat_vec4
    %split/vec4 8;
    %store/vec4 v0x5e7851ac8290_0, 0, 8;
    %store/vec4 v0x5e7851ac86c0_0, 0, 1;
T_6.222 ;
    %jmp T_6.220;
T_6.219 ;
    %load/vec4 v0x5e7851ac9860_0;
    %flag_set/vec4 9;
    %flag_get/vec4 9;
    %jmp/0 T_6.226, 9;
    %load/vec4 v0x5e7851ac97a0_0;
    %and;
T_6.226;
    %flag_set/vec4 8;
    %jmp/0xz  T_6.224, 8;
    %load/vec4 v0x5e7851ac96e0_0;
    %nor/r;
    %flag_set/vec4 9;
    %flag_get/vec4 9;
    %jmp/0 T_6.229, 9;
    %ix/load 4, 0, 0;
    %flag_set/imm 4, 0;
    %load/vec4a v0x5e7851ac9300, 4;
    %pad/u 32;
    %pushi/vec4 1, 0, 32;
    %cmp/ne;
    %flag_get/vec4 6;
    %and;
T_6.229;
    %flag_set/vec4 8;
    %jmp/0xz  T_6.227, 8;
    %pushi/vec4 1, 0, 1;
    %load/vec4 v0x5e7851ac8780_0;
    %concat/vec4; draw_concat_vec4
    %split/vec4 8;
    %store/vec4 v0x5e7851ac8290_0, 0, 8;
    %store/vec4 v0x5e7851ac86c0_0, 0, 1;
    %jmp T_6.228;
T_6.227 ;
    %load/vec4 v0x5e7851ac96e0_0;
    %flag_set/vec4 8;
    %jmp/0xz  T_6.230, 8;
    %pushi/vec4 0, 0, 1;
    %load/vec4 v0x5e7851ac8780_0;
    %concat/vec4; draw_concat_vec4
    %split/vec4 8;
    %store/vec4 v0x5e7851ac8290_0, 0, 8;
    %store/vec4 v0x5e7851ac86c0_0, 0, 1;
    %pushi/vec4 1, 0, 1;
    %ix/load 4, 0, 0;
    %flag_set/imm 4, 0;
    %store/vec4a v0x5e7851ac9300, 4, 0;
T_6.230 ;
T_6.228 ;
T_6.224 ;
T_6.220 ;
    %jmp T_6.213;
T_6.212 ;
    %ix/load 4, 0, 0;
    %flag_set/imm 4, 0;
    %load/vec4a v0x5e7851ac8c40, 4;
    %cmpi/ne 0, 0, 32;
    %flag_get/vec4 4;
    %jmp/0 T_6.235, 4;
    %ix/load 4, 0, 0;
    %flag_set/imm 4, 0;
    %load/vec4a v0x5e7851ac89e0, 4;
    %pushi/vec4 0, 0, 32;
    %cmp/ne;
    %flag_get/vec4 4;
    %and;
T_6.235;
    %flag_set/vec4 9;
    %flag_get/vec4 9;
    %jmp/0 T_6.234, 9;
    %ix/load 4, 1, 0;
    %flag_set/imm 4, 0;
    %load/vec4a v0x5e7851ac9040, 4;
    %pad/u 32;
    %pushi/vec4 0, 0, 32;
    %cmp/e;
    %flag_get/vec4 4;
    %and;
T_6.234;
    %flag_set/vec4 8;
    %jmp/0xz  T_6.232, 8;
    %ix/load 4, 2, 0;
    %flag_set/imm 4, 0;
    %load/vec4a v0x5e7851ac99c0, 4;
    %pad/u 32;
    %cmpi/ne 1, 0, 32;
    %jmp/0xz  T_6.236, 6;
    %vpi_call/w 4 166 "$display" {0 0 0};
    %vpi_call/w 4 167 "$display", "%12s ***time = %0d,WRITE STRESS TEST***", "\000", $time {0 0 0};
    %vpi_call/w 4 168 "$display", "%12s ***(WRITE FROM EMPTY UNTIL FULL)***", "\000" {0 0 0};
    %vpi_call/w 4 169 "$display" {0 0 0};
    %pushi/vec4 1, 0, 1;
    %ix/load 4, 2, 0;
    %flag_set/imm 4, 0;
    %store/vec4a v0x5e7851ac99c0, 4, 0;
T_6.236 ;
    %ix/load 4, 2, 0;
    %flag_set/imm 4, 0;
    %load/vec4a v0x5e7851ac91a0, 4;
    %flag_set/vec4 8;
    %jmp/0xz  T_6.238, 8;
    %pushi/vec4 0, 0, 2;
    %load/vec4 v0x5e7851ac8780_0;
    %concat/vec4; draw_concat_vec4
    %split/vec4 8;
    %store/vec4 v0x5e7851ac8290_0, 0, 8;
    %split/vec4 1;
    %store/vec4 v0x5e7851ac86c0_0, 0, 1;
    %store/vec4 v0x5e7851ac8390_0, 0, 1;
    %jmp T_6.239;
T_6.238 ;
    %load/vec4 v0x5e7851ac9860_0;
    %flag_set/vec4 10;
    %flag_get/vec4 10;
    %jmp/0 T_6.243, 10;
    %load/vec4 v0x5e7851ac97a0_0;
    %and;
T_6.243;
    %flag_set/vec4 9;
    %flag_get/vec4 9;
    %jmp/0 T_6.242, 9;
    %load/vec4 v0x5e7851ac8d00_0;
    %pushi/vec4 1, 0, 32;
    %cmp/ne;
    %flag_get/vec4 6;
    %and;
T_6.242;
    %flag_set/vec4 8;
    %jmp/0xz  T_6.240, 8;
    %load/vec4 v0x5e7851ac96e0_0;
    %nor/r;
    %flag_set/vec4 8;
    %jmp/0xz  T_6.244, 8;
    %pushi/vec4 1, 0, 2;
    %load/vec4 v0x5e7851ac8780_0;
    %concat/vec4; draw_concat_vec4
    %split/vec4 8;
    %store/vec4 v0x5e7851ac8290_0, 0, 8;
    %split/vec4 1;
    %store/vec4 v0x5e7851ac86c0_0, 0, 1;
    %store/vec4 v0x5e7851ac8390_0, 0, 1;
    %jmp T_6.245;
T_6.244 ;
    %load/vec4 v0x5e7851ac96e0_0;
    %flag_set/vec4 8;
    %jmp/0xz  T_6.246, 8;
    %pushi/vec4 0, 0, 2;
    %load/vec4 v0x5e7851ac8780_0;
    %concat/vec4; draw_concat_vec4
    %split/vec4 8;
    %store/vec4 v0x5e7851ac8290_0, 0, 8;
    %split/vec4 1;
    %store/vec4 v0x5e7851ac86c0_0, 0, 1;
    %store/vec4 v0x5e7851ac8390_0, 0, 1;
    %pushi/vec4 1, 0, 1;
    %ix/load 4, 2, 0;
    %flag_set/imm 4, 0;
    %store/vec4a v0x5e7851ac91a0, 4, 0;
T_6.246 ;
T_6.245 ;
T_6.240 ;
T_6.239 ;
    %jmp T_6.233;
T_6.232 ;
    %ix/load 4, 0, 0;
    %flag_set/imm 4, 0;
    %load/vec4a v0x5e7851ac8c40, 4;
    %cmpi/ne 0, 0, 32;
    %flag_get/vec4 4;
    %jmp/0 T_6.250, 4;
    %ix/load 4, 1, 0;
    %flag_set/imm 4, 0;
    %load/vec4a v0x5e7851ac91a0, 4;
    %pad/u 32;
    %pushi/vec4 0, 0, 32;
    %cmp/e;
    %flag_get/vec4 4;
    %and;
T_6.250;
    %flag_set/vec4 8;
    %jmp/0xz  T_6.248, 8;
    %ix/load 4, 3, 0;
    %flag_set/imm 4, 0;
    %load/vec4a v0x5e7851ac9920, 4;
    %pad/u 32;
    %cmpi/ne 1, 0, 32;
    %jmp/0xz  T_6.251, 6;
    %vpi_call/w 4 204 "$display" {0 0 0};
    %vpi_call/w 4 205 "$display", "%12s ***time = %0d,GENERAL_READ_TEST***", "\000", $time {0 0 0};
    %vpi_call/w 4 206 "$display" {0 0 0};
    %pushi/vec4 1, 0, 1;
    %ix/load 4, 3, 0;
    %flag_set/imm 4, 0;
    %store/vec4a v0x5e7851ac9920, 4, 0;
T_6.251 ;
    %ix/load 4, 1, 0;
    %flag_set/imm 4, 0;
    %load/vec4a v0x5e7851ac91a0, 4;
    %flag_set/vec4 8;
    %jmp/0xz  T_6.253, 8;
    %pushi/vec4 0, 0, 1;
    %load/vec4 v0x5e7851ac8780_0;
    %concat/vec4; draw_concat_vec4
    %split/vec4 8;
    %store/vec4 v0x5e7851ac8290_0, 0, 8;
    %store/vec4 v0x5e7851ac86c0_0, 0, 1;
    %jmp T_6.254;
T_6.253 ;
    %ix/load 4, 0, 0;
    %flag_set/imm 4, 0;
    %load/vec4a v0x5e7851ac9040, 4;
    %flag_set/vec4 8;
    %jmp/0xz  T_6.255, 8;
    %ix/load 4, 0, 0;
    %flag_set/imm 4, 0;
    %load/vec4a v0x5e7851ac9040, 4;
    %flag_set/vec4 9;
    %flag_get/vec4 9;
    %jmp/0 T_6.259, 9;
    %load/vec4 v0x5e7851ac8390_0;
    %load/vec4 v0x5e7851ac8450_0;
    %concat/vec4; draw_concat_vec4
    %pushi/vec4 2, 0, 2;
    %cmp/e;
    %flag_get/vec4 4;
    %and;
T_6.259;
    %flag_set/vec4 8;
    %jmp/0xz  T_6.257, 8;
    %pushi/vec4 0, 0, 1;
    %load/vec4 v0x5e7851ac8780_0;
    %concat/vec4; draw_concat_vec4
    %split/vec4 8;
    %store/vec4 v0x5e7851ac8290_0, 0, 8;
    %store/vec4 v0x5e7851ac86c0_0, 0, 1;
    %pushi/vec4 0, 0, 1;
    %ix/load 4, 0, 0;
    %flag_set/imm 4, 0;
    %store/vec4a v0x5e7851ac9040, 4, 0;
    %jmp T_6.258;
T_6.257 ;
    %pushi/vec4 0, 0, 1;
    %load/vec4 v0x5e7851ac8780_0;
    %concat/vec4; draw_concat_vec4
    %split/vec4 8;
    %store/vec4 v0x5e7851ac8290_0, 0, 8;
    %store/vec4 v0x5e7851ac86c0_0, 0, 1;
T_6.258 ;
    %jmp T_6.256;
T_6.255 ;
    %ix/load 4, 1, 0;
    %flag_set/imm 4, 0;
    %load/vec4a v0x5e7851ac9040, 4;
    %flag_set/vec4 8;
    %jmp/0xz  T_6.260, 8;
    %ix/load 4, 1, 0;
    %flag_set/imm 4, 0;
    %load/vec4a v0x5e7851ac9040, 4;
    %flag_set/vec4 9;
    %flag_get/vec4 9;
    %jmp/0 T_6.264, 9;
    %load/vec4 v0x5e7851ac8390_0;
    %load/vec4 v0x5e7851ac8450_0;
    %concat/vec4; draw_concat_vec4
    %pushi/vec4 2, 0, 2;
    %cmp/e;
    %flag_get/vec4 4;
    %and;
T_6.264;
    %flag_set/vec4 8;
    %jmp/0xz  T_6.262, 8;
    %pushi/vec4 0, 0, 1;
    %load/vec4 v0x5e7851ac8780_0;
    %concat/vec4; draw_concat_vec4
    %split/vec4 8;
    %store/vec4 v0x5e7851ac8290_0, 0, 8;
    %store/vec4 v0x5e7851ac86c0_0, 0, 1;
    %pushi/vec4 0, 0, 1;
    %ix/load 4, 1, 0;
    %flag_set/imm 4, 0;
    %store/vec4a v0x5e7851ac9040, 4, 0;
    %jmp T_6.263;
T_6.262 ;
    %pushi/vec4 0, 0, 1;
    %load/vec4 v0x5e7851ac8780_0;
    %concat/vec4; draw_concat_vec4
    %split/vec4 8;
    %store/vec4 v0x5e7851ac8290_0, 0, 8;
    %store/vec4 v0x5e7851ac86c0_0, 0, 1;
T_6.263 ;
    %jmp T_6.261;
T_6.260 ;
    %ix/load 4, 1, 0;
    %flag_set/imm 4, 0;
    %load/vec4a v0x5e7851ac89e0, 4;
    %cmpi/ne 1, 0, 32;
    %jmp/0xz  T_6.265, 6;
    %ix/load 4, 4, 0;
    %flag_set/imm 4, 0;
    %load/vec4a v0x5e7851ac9920, 4;
    %pad/u 32;
    %cmpi/ne 1, 0, 32;
    %jmp/0xz  T_6.267, 6;
    %vpi_call/w 4 247 "$display" {0 0 0};
    %vpi_call/w 4 248 "$display", "%12s ***time = %0d,TEST for prev_state_r = !EMPTY_EXPECTED and current_state = {RST,R_EN}***", "\000", $time {0 0 0};
    %vpi_call/w 4 249 "$display" {0 0 0};
    %pushi/vec4 1, 0, 1;
    %ix/load 4, 4, 0;
    %flag_set/imm 4, 0;
    %store/vec4a v0x5e7851ac9920, 4, 0;
T_6.267 ;
    %fork t_23, S_0x5e7851ac6c30;
    %jmp t_22;
    .scope S_0x5e7851ac6c30;
t_23 ;
    %pushi/vec4 0, 0, 32;
    %store/vec4 v0x5e7851ac6e30_0, 0, 32;
T_6.269 ;
    %load/vec4 v0x5e7851ac6e30_0;
    %cmpi/s 3, 0, 32;
    %jmp/0xz T_6.270, 5;
    %pushi/vec4 0, 0, 1;
    %ix/getv/s 4, v0x5e7851ac6e30_0;
    %store/vec4a v0x5e7851ac9440, 4, 0;
    ; show_stmt_assign_vector: Get l-value for compressed += operand
    %load/vec4 v0x5e7851ac6e30_0;
    %pushi/vec4 1, 0, 32;
    %add;
    %cast2;
    %store/vec4 v0x5e7851ac6e30_0, 0, 32;
    %jmp T_6.269;
T_6.270 ;
    %end;
    .scope S_0x5e7851ac6770;
t_22 %join;
    %fork t_25, S_0x5e7851ac6f10;
    %jmp t_24;
    .scope S_0x5e7851ac6f10;
t_25 ;
    %pushi/vec4 0, 0, 32;
    %store/vec4 v0x5e7851ac7120_0, 0, 32;
T_6.271 ;
    %load/vec4 v0x5e7851ac7120_0;
    %cmpi/s 3, 0, 32;
    %jmp/0xz T_6.272, 5;
    %ix/getv/s 4, v0x5e7851ac7120_0;
    %load/vec4a v0x5e7851ac8b80, 4;
    %nor/r;
    %flag_set/vec4 9;
    %flag_get/vec4 9;
    %jmp/0 T_6.275, 9;
    %ix/load 4, 0, 0;
    %flag_set/imm 4, 0;
    %load/vec4a v0x5e7851ac9440, 4;
    %nor/r;
    %and;
T_6.275;
    %flag_set/vec4 8;
    %jmp/0xz  T_6.273, 8;
    %pushi/vec4 1, 0, 1;
    %load/vec4 v0x5e7851ac8780_0;
    %concat/vec4; draw_concat_vec4
    %split/vec4 8;
    %store/vec4 v0x5e7851ac8290_0, 0, 8;
    %store/vec4 v0x5e7851ac86c0_0, 0, 1;
    %pushi/vec4 1, 0, 1;
    %ix/load 4, 0, 0;
    %flag_set/imm 4, 0;
    %store/vec4a v0x5e7851ac9440, 4, 0;
T_6.273 ;
    ; show_stmt_assign_vector: Get l-value for compressed += operand
    %load/vec4 v0x5e7851ac7120_0;
    %pushi/vec4 1, 0, 32;
    %add;
    %cast2;
    %store/vec4 v0x5e7851ac7120_0, 0, 32;
    %jmp T_6.271;
T_6.272 ;
    %end;
    .scope S_0x5e7851ac6770;
t_24 %join;
    %jmp T_6.266;
T_6.265 ;
    %ix/load 4, 1, 0;
    %flag_set/imm 4, 0;
    %load/vec4a v0x5e7851ac89e0, 4;
    %cmpi/ne 0, 0, 32;
    %jmp/0xz  T_6.276, 4;
    %ix/load 4, 5, 0;
    %flag_set/imm 4, 0;
    %load/vec4a v0x5e7851ac9920, 4;
    %pad/u 32;
    %cmpi/ne 1, 0, 32;
    %jmp/0xz  T_6.278, 6;
    %vpi_call/w 4 271 "$display" {0 0 0};
    %vpi_call/w 4 272 "$display", "%12s ***time = %0d, TEST for prev_state_r = EMPTY_EXPECTED and current_state = {RST,R_EN}***", "\000", $time {0 0 0};
    %vpi_call/w 4 273 "$display" {0 0 0};
    %pushi/vec4 1, 0, 1;
    %ix/load 4, 5, 0;
    %flag_set/imm 4, 0;
    %store/vec4a v0x5e7851ac9920, 4, 0;
T_6.278 ;
    %fork t_27, S_0x5e7851ac7200;
    %jmp t_26;
    .scope S_0x5e7851ac7200;
t_27 ;
    %pushi/vec4 0, 0, 32;
    %store/vec4 v0x5e7851ac73e0_0, 0, 32;
T_6.280 ;
    %load/vec4 v0x5e7851ac73e0_0;
    %cmpi/s 3, 0, 32;
    %jmp/0xz T_6.281, 5;
    %load/vec4 v0x5e7851ac73e0_0;
    %addi 3, 0, 32;
    %ix/vec4/s 4;
    %load/vec4a v0x5e7851ac8b80, 4;
    %nor/r;
    %flag_set/vec4 10;
    %flag_get/vec4 10;
    %jmp/0 T_6.285, 10;
    %ix/load 4, 1, 0;
    %flag_set/imm 4, 0;
    %load/vec4a v0x5e7851ac9440, 4;
    %nor/r;
    %and;
T_6.285;
    %flag_set/vec4 9;
    %flag_get/vec4 9;
    %jmp/0 T_6.284, 9;
    %ix/load 4, 1, 0;
    %flag_set/imm 4, 0;
    %load/vec4a v0x5e7851ac89e0, 4;
    %pushi/vec4 0, 0, 32;
    %cmp/ne;
    %flag_get/vec4 4;
    %and;
T_6.284;
    %flag_set/vec4 8;
    %jmp/0xz  T_6.282, 8;
    %load/vec4 v0x5e7851ac9620_0;
    %nor/r;
    %flag_set/vec4 8;
    %jmp/0xz  T_6.286, 8;
    %pushi/vec4 0, 0, 1;
    %load/vec4 v0x5e7851ac8780_0;
    %concat/vec4; draw_concat_vec4
    %split/vec4 8;
    %store/vec4 v0x5e7851ac8290_0, 0, 8;
    %store/vec4 v0x5e7851ac86c0_0, 0, 1;
    %pushi/vec4 1, 0, 1;
    %ix/load 4, 1, 0;
    %flag_set/imm 4, 0;
    %store/vec4a v0x5e7851ac9440, 4, 0;
    %jmp T_6.287;
T_6.286 ;
    %pushi/vec4 0, 0, 1;
    %load/vec4 v0x5e7851ac8780_0;
    %concat/vec4; draw_concat_vec4
    %split/vec4 8;
    %store/vec4 v0x5e7851ac8290_0, 0, 8;
    %store/vec4 v0x5e7851ac86c0_0, 0, 1;
    %pushi/vec4 1, 0, 1;
    %ix/load 4, 1, 0;
    %flag_set/imm 4, 0;
    %store/vec4a v0x5e7851ac9440, 4, 0;
T_6.287 ;
T_6.282 ;
    ; show_stmt_assign_vector: Get l-value for compressed += operand
    %load/vec4 v0x5e7851ac73e0_0;
    %pushi/vec4 1, 0, 32;
    %add;
    %cast2;
    %store/vec4 v0x5e7851ac73e0_0, 0, 32;
    %jmp T_6.280;
T_6.281 ;
    %end;
    .scope S_0x5e7851ac6770;
t_26 %join;
T_6.276 ;
T_6.266 ;
T_6.261 ;
T_6.256 ;
T_6.254 ;
    %jmp T_6.249;
T_6.248 ;
    %load/vec4 v0x5e7851ac96e0_0;
    %cmpi/e 1, 1, 1;
    %flag_get/vec4 6;
    %jmp/0 T_6.288, 6;
    %vpi_func 4 304 "$time" 64 {0 0 0};
    %load/vec4 v0x5e7851ac85b0_0;
    %pad/u 64;
    %muli 6, 0, 64;
    %pushi/vec4 2, 0, 64;
    %div;
    %cmp/u;
    %flag_get/vec4 4;
    %flag_get/vec4 5;
    %or;
    %and;
T_6.288;
    %pad/u 32;
    %store/vec4 v0x5e7851ac8ea0_0, 0, 32;
    %load/vec4 v0x5e7851ac8ea0_0;
    %cmpi/ne 0, 0, 32;
    %jmp/0xz  T_6.289, 4;
    %pushi/vec4 2, 0, 2;
    %load/vec4 v0x5e7851ac8780_0;
    %concat/vec4; draw_concat_vec4
    %split/vec4 8;
    %store/vec4 v0x5e7851ac8290_0, 0, 8;
    %split/vec4 1;
    %store/vec4 v0x5e7851ac86c0_0, 0, 1;
    %store/vec4 v0x5e7851ac8390_0, 0, 1;
    %pushi/vec4 1, 0, 1;
    %store/vec4 v0x5e7851ac8f80_0, 0, 1;
    %jmp T_6.290;
T_6.289 ;
    %ix/load 4, 0, 0;
    %flag_set/imm 4, 0;
    %load/vec4a v0x5e7851ac91a0, 4;
    %flag_set/vec4 8;
    %jmp/0xz  T_6.291, 8;
    %pushi/vec4 2, 0, 2;
    %load/vec4 v0x5e7851ac8780_0;
    %concat/vec4; draw_concat_vec4
    %split/vec4 8;
    %store/vec4 v0x5e7851ac8290_0, 0, 8;
    %split/vec4 1;
    %store/vec4 v0x5e7851ac86c0_0, 0, 1;
    %store/vec4 v0x5e7851ac8390_0, 0, 1;
    %jmp T_6.292;
T_6.291 ;
    %ix/load 4, 4, 0;
    %flag_set/imm 4, 0;
    %load/vec4a v0x5e7851ac99c0, 4;
    %pad/u 32;
    %cmpi/ne 1, 0, 32;
    %jmp/0xz  T_6.293, 6;
    %vpi_call/w 4 324 "$display" {0 0 0};
    %vpi_call/w 4 325 "$display", "%12s ***time = %0d, TEST for prev_state_w = !FULL_EXPECTED and current_state = {RST,W_EN}***", "\000", $time {0 0 0};
    %vpi_call/w 4 326 "$display" {0 0 0};
    %pushi/vec4 1, 0, 1;
    %ix/load 4, 4, 0;
    %flag_set/imm 4, 0;
    %store/vec4a v0x5e7851ac99c0, 4, 0;
T_6.293 ;
    %pushi/vec4 0, 0, 1;
    %ix/load 4, 0, 0;
    %flag_set/imm 4, 0;
    %store/vec4a v0x5e7851ac9580, 4, 0;
    %fork t_29, S_0x5e7851ac74e0;
    %jmp t_28;
    .scope S_0x5e7851ac74e0;
t_29 ;
    %pushi/vec4 0, 0, 32;
    %store/vec4 v0x5e7851ac7710_0, 0, 32;
T_6.295 ;
    %load/vec4 v0x5e7851ac7710_0;
    %cmpi/s 3, 0, 32;
    %jmp/0xz T_6.296, 5;
    %ix/getv/s 4, v0x5e7851ac7710_0;
    %load/vec4a v0x5e7851ac8de0, 4;
    %nor/r;
    %flag_set/vec4 11;
    %flag_get/vec4 11;
    %jmp/0 T_6.301, 11;
    %ix/load 4, 0, 0;
    %flag_set/imm 4, 0;
    %load/vec4a v0x5e7851ac9580, 4;
    %nor/r;
    %and;
T_6.301;
    %flag_set/vec4 10;
    %flag_get/vec4 10;
    %jmp/0 T_6.300, 10;
    %load/vec4 v0x5e7851ac9860_0;
    %and;
T_6.300;
    %flag_set/vec4 9;
    %flag_get/vec4 9;
    %jmp/0 T_6.299, 9;
    %load/vec4 v0x5e7851ac97a0_0;
    %and;
T_6.299;
    %flag_set/vec4 8;
    %jmp/0xz  T_6.297, 8;
    %load/vec4 v0x5e7851ac96e0_0;
    %flag_set/vec4 8;
    %jmp/0xz  T_6.302, 8;
    %pushi/vec4 2, 0, 2;
    %load/vec4 v0x5e7851ac8780_0;
    %concat/vec4; draw_concat_vec4
    %split/vec4 8;
    %store/vec4 v0x5e7851ac8290_0, 0, 8;
    %split/vec4 1;
    %store/vec4 v0x5e7851ac86c0_0, 0, 1;
    %store/vec4 v0x5e7851ac8390_0, 0, 1;
    %pushi/vec4 1, 0, 1;
    %ix/load 4, 0, 0;
    %flag_set/imm 4, 0;
    %store/vec4a v0x5e7851ac9580, 4, 0;
    %jmp T_6.303;
T_6.302 ;
    %load/vec4 v0x5e7851ac7710_0;
    %parti/s 2, 0, 2;
    %load/vec4 v0x5e7851ac8780_0;
    %concat/vec4; draw_concat_vec4
    %split/vec4 8;
    %store/vec4 v0x5e7851ac8290_0, 0, 8;
    %split/vec4 1;
    %store/vec4 v0x5e7851ac86c0_0, 0, 1;
    %store/vec4 v0x5e7851ac8390_0, 0, 1;
    %pushi/vec4 1, 0, 1;
    %ix/load 4, 0, 0;
    %flag_set/imm 4, 0;
    %store/vec4a v0x5e7851ac9580, 4, 0;
    %pushi/vec4 1, 0, 1;
    %ix/load 4, 0, 0;
    %flag_set/imm 4, 0;
    %store/vec4a v0x5e7851ac91a0, 4, 0;
T_6.303 ;
T_6.297 ;
    ; show_stmt_assign_vector: Get l-value for compressed += operand
    %load/vec4 v0x5e7851ac7710_0;
    %pushi/vec4 1, 0, 32;
    %add;
    %cast2;
    %store/vec4 v0x5e7851ac7710_0, 0, 32;
    %jmp T_6.295;
T_6.296 ;
    %end;
    .scope S_0x5e7851ac6770;
t_28 %join;
T_6.292 ;
T_6.290 ;
    %pushi/vec4 1, 0, 32;
    %ix/load 4, 1, 0;
    %flag_set/imm 4, 0;
    %store/vec4a v0x5e7851ac8c40, 4, 0;
    %fork t_31, S_0x5e7851ac7810;
    %jmp t_30;
    .scope S_0x5e7851ac7810;
t_31 ;
    %pushi/vec4 0, 0, 32;
    %store/vec4 v0x5e7851ac79f0_0, 0, 32;
T_6.304 ;
    %load/vec4 v0x5e7851ac79f0_0;
    %cmpi/s 3, 0, 32;
    %jmp/0xz T_6.305, 5;
    %ix/getv/s 4, v0x5e7851ac79f0_0;
    %load/vec4a v0x5e7851ac8de0, 4;
    %nor/r;
    %flag_set/vec4 8;
    %jmp/0xz  T_6.306, 8;
    %pushi/vec4 0, 0, 32;
    %ix/load 4, 1, 0;
    %flag_set/imm 4, 0;
    %store/vec4a v0x5e7851ac8c40, 4, 0;
T_6.306 ;
    ; show_stmt_assign_vector: Get l-value for compressed += operand
    %load/vec4 v0x5e7851ac79f0_0;
    %pushi/vec4 1, 0, 32;
    %add;
    %cast2;
    %store/vec4 v0x5e7851ac79f0_0, 0, 32;
    %jmp T_6.304;
T_6.305 ;
    %end;
    .scope S_0x5e7851ac6770;
t_30 %join;
    %ix/load 4, 1, 0;
    %flag_set/imm 4, 0;
    %load/vec4a v0x5e7851ac91a0, 4;
    %flag_set/vec4 8;
    %jmp/0xz  T_6.308, 8;
    %pushi/vec4 2, 0, 2;
    %load/vec4 v0x5e7851ac8780_0;
    %concat/vec4; draw_concat_vec4
    %split/vec4 8;
    %store/vec4 v0x5e7851ac8290_0, 0, 8;
    %split/vec4 1;
    %store/vec4 v0x5e7851ac86c0_0, 0, 1;
    %store/vec4 v0x5e7851ac8390_0, 0, 1;
    %jmp T_6.309;
T_6.308 ;
    %ix/load 4, 5, 0;
    %flag_set/imm 4, 0;
    %load/vec4a v0x5e7851ac99c0, 4;
    %pad/u 32;
    %cmpi/ne 1, 0, 32;
    %jmp/0xz  T_6.310, 6;
    %vpi_call/w 4 370 "$display" {0 0 0};
    %vpi_call/w 4 371 "$display", "%12s ***time = %0d,TEST for prev_state_w = FULL_EXPECTED and current_state = {RST,W_EN}***", "\000", $time {0 0 0};
    %vpi_call/w 4 372 "$display" {0 0 0};
    %pushi/vec4 1, 0, 1;
    %ix/load 4, 5, 0;
    %flag_set/imm 4, 0;
    %store/vec4a v0x5e7851ac99c0, 4, 0;
T_6.310 ;
    %pushi/vec4 0, 0, 1;
    %ix/load 4, 1, 0;
    %flag_set/imm 4, 0;
    %store/vec4a v0x5e7851ac9580, 4, 0;
    %fork t_33, S_0x5e7851ac7af0;
    %jmp t_32;
    .scope S_0x5e7851ac7af0;
t_33 ;
    %pushi/vec4 0, 0, 32;
    %store/vec4 v0x5e7851ac7cd0_0, 0, 32;
T_6.312 ;
    %load/vec4 v0x5e7851ac7cd0_0;
    %cmpi/s 3, 0, 32;
    %jmp/0xz T_6.313, 5;
    %load/vec4 v0x5e7851ac7cd0_0;
    %addi 3, 0, 32;
    %ix/vec4/s 4;
    %load/vec4a v0x5e7851ac8de0, 4;
    %nor/r;
    %flag_set/vec4 12;
    %flag_get/vec4 12;
    %jmp/0 T_6.319, 12;
    %ix/load 4, 1, 0;
    %flag_set/imm 4, 0;
    %load/vec4a v0x5e7851ac8c40, 4;
    %pushi/vec4 0, 0, 32;
    %cmp/ne;
    %flag_get/vec4 4;
    %and;
T_6.319;
    %flag_set/vec4 11;
    %flag_get/vec4 11;
    %jmp/0 T_6.318, 11;
    %ix/load 4, 1, 0;
    %flag_set/imm 4, 0;
    %load/vec4a v0x5e7851ac9580, 4;
    %nor/r;
    %and;
T_6.318;
    %flag_set/vec4 10;
    %flag_get/vec4 10;
    %jmp/0 T_6.317, 10;
    %load/vec4 v0x5e7851ac9860_0;
    %and;
T_6.317;
    %flag_set/vec4 9;
    %flag_get/vec4 9;
    %jmp/0 T_6.316, 9;
    %load/vec4 v0x5e7851ac97a0_0;
    %and;
T_6.316;
    %flag_set/vec4 8;
    %jmp/0xz  T_6.314, 8;
    %load/vec4 v0x5e7851ac96e0_0;
    %nor/r;
    %flag_set/vec4 8;
    %jmp/0xz  T_6.320, 8;
    %pushi/vec4 1, 0, 2;
    %load/vec4 v0x5e7851ac8780_0;
    %concat/vec4; draw_concat_vec4
    %split/vec4 8;
    %store/vec4 v0x5e7851ac8290_0, 0, 8;
    %split/vec4 1;
    %store/vec4 v0x5e7851ac86c0_0, 0, 1;
    %store/vec4 v0x5e7851ac8390_0, 0, 1;
    %pushi/vec4 1, 0, 1;
    %ix/load 4, 1, 0;
    %flag_set/imm 4, 0;
    %store/vec4a v0x5e7851ac9580, 4, 0;
    %jmp T_6.321;
T_6.320 ;
    %load/vec4 v0x5e7851ac7cd0_0;
    %parti/s 2, 0, 2;
    %load/vec4 v0x5e7851ac8780_0;
    %concat/vec4; draw_concat_vec4
    %split/vec4 8;
    %store/vec4 v0x5e7851ac8290_0, 0, 8;
    %split/vec4 1;
    %store/vec4 v0x5e7851ac86c0_0, 0, 1;
    %store/vec4 v0x5e7851ac8390_0, 0, 1;
    %pushi/vec4 1, 0, 1;
    %ix/load 4, 1, 0;
    %flag_set/imm 4, 0;
    %store/vec4a v0x5e7851ac9580, 4, 0;
    %pushi/vec4 1, 0, 1;
    %ix/load 4, 1, 0;
    %flag_set/imm 4, 0;
    %store/vec4a v0x5e7851ac91a0, 4, 0;
T_6.321 ;
T_6.314 ;
    ; show_stmt_assign_vector: Get l-value for compressed += operand
    %load/vec4 v0x5e7851ac7cd0_0;
    %pushi/vec4 1, 0, 32;
    %add;
    %cast2;
    %store/vec4 v0x5e7851ac7cd0_0, 0, 32;
    %jmp T_6.312;
T_6.313 ;
    %end;
    .scope S_0x5e7851ac6770;
t_32 %join;
T_6.309 ;
    %pushi/vec4 1, 0, 32;
    %ix/load 4, 2, 0;
    %flag_set/imm 4, 0;
    %store/vec4a v0x5e7851ac8c40, 4, 0;
    %fork t_35, S_0x5e7851ac7dd0;
    %jmp t_34;
    .scope S_0x5e7851ac7dd0;
t_35 ;
    %pushi/vec4 3, 0, 32;
    %store/vec4 v0x5e7851ac7fb0_0, 0, 32;
T_6.322 ;
    %load/vec4 v0x5e7851ac7fb0_0;
    %cmpi/s 6, 0, 32;
    %jmp/0xz T_6.323, 5;
    %ix/getv/s 4, v0x5e7851ac7fb0_0;
    %load/vec4a v0x5e7851ac8de0, 4;
    %nor/r;
    %flag_set/vec4 8;
    %jmp/0xz  T_6.324, 8;
    %pushi/vec4 0, 0, 32;
    %ix/load 4, 2, 0;
    %flag_set/imm 4, 0;
    %store/vec4a v0x5e7851ac8c40, 4, 0;
T_6.324 ;
    ; show_stmt_assign_vector: Get l-value for compressed += operand
    %load/vec4 v0x5e7851ac7fb0_0;
    %pushi/vec4 1, 0, 32;
    %add;
    %cast2;
    %store/vec4 v0x5e7851ac7fb0_0, 0, 32;
    %jmp T_6.322;
T_6.323 ;
    %end;
    .scope S_0x5e7851ac6770;
t_34 %join;
    %load/vec4 v0x5e7851ac9860_0;
    %flag_set/vec4 9;
    %flag_get/vec4 9;
    %jmp/0 T_6.328, 9;
    %load/vec4 v0x5e7851ac97a0_0;
    %and;
T_6.328;
    %flag_set/vec4 8;
    %jmp/0xz  T_6.326, 8;
    %load/vec4 v0x5e7851ac96e0_0;
    %load/vec4 v0x5e7851ac8390_0;
    %concat/vec4; draw_concat_vec4
    %load/vec4 v0x5e7851ac86c0_0;
    %concat/vec4; draw_concat_vec4
    %cmpi/u 3, 0, 3;
    %jmp/0xz  T_6.329, 5;
    ; show_stmt_assign_vector: Get l-value for compressed += operand
    %load/vec4 v0x5e7851ac96e0_0;
    %load/vec4 v0x5e7851ac8390_0;
    %concat/vec4; draw_concat_vec4
    %load/vec4 v0x5e7851ac86c0_0;
    %concat/vec4; draw_concat_vec4
    %pad/u 7;
    %ix/vec4 4;
    %flag_mov 8, 4;
    %load/vec4a v0x5e7851ac8de0, 4;
    %pushi/vec4 1, 0, 32;
    %add;
    %flag_mov 4, 8;
    %store/vec4a v0x5e7851ac8de0, 4, 0;
    %jmp T_6.330;
T_6.329 ;
    %load/vec4 v0x5e7851ac96e0_0;
    %load/vec4 v0x5e7851ac8390_0;
    %concat/vec4; draw_concat_vec4
    %load/vec4 v0x5e7851ac86c0_0;
    %concat/vec4; draw_concat_vec4
    %cmpi/u 3, 0, 3;
    %flag_or 5, 4; GT is !LE
    %flag_inv 5;
    %jmp/0xz  T_6.331, 5;
    ; show_stmt_assign_vector: Get l-value for compressed += operand
    %load/vec4 v0x5e7851ac96e0_0;
    %load/vec4 v0x5e7851ac8390_0;
    %concat/vec4; draw_concat_vec4
    %load/vec4 v0x5e7851ac86c0_0;
    %concat/vec4; draw_concat_vec4
    %pad/u 32;
    %subi 1, 0, 32;
    %ix/vec4 4;
    %flag_mov 8, 4;
    %load/vec4a v0x5e7851ac8de0, 4;
    %pushi/vec4 1, 0, 32;
    %add;
    %flag_mov 4, 8;
    %store/vec4a v0x5e7851ac8de0, 4, 0;
T_6.331 ;
T_6.330 ;
T_6.326 ;
    %pushi/vec4 1, 0, 32;
    %ix/load 4, 0, 0;
    %flag_set/imm 4, 0;
    %store/vec4a v0x5e7851ac8c40, 4, 0;
    %fork t_37, S_0x5e7851ac6950;
    %jmp t_36;
    .scope S_0x5e7851ac6950;
t_37 ;
    %pushi/vec4 0, 0, 32;
    %store/vec4 v0x5e7851ac6b30_0, 0, 32;
T_6.333 ;
    %load/vec4 v0x5e7851ac6b30_0;
    %cmpi/s 6, 0, 32;
    %jmp/0xz T_6.334, 5;
    %ix/getv/s 4, v0x5e7851ac6b30_0;
    %load/vec4a v0x5e7851ac8de0, 4;
    %nor/r;
    %flag_set/vec4 8;
    %jmp/0xz  T_6.335, 8;
    %pushi/vec4 0, 0, 32;
    %ix/load 4, 0, 0;
    %flag_set/imm 4, 0;
    %store/vec4a v0x5e7851ac8c40, 4, 0;
T_6.335 ;
    ; show_stmt_assign_vector: Get l-value for compressed += operand
    %load/vec4 v0x5e7851ac6b30_0;
    %pushi/vec4 1, 0, 32;
    %add;
    %cast2;
    %store/vec4 v0x5e7851ac6b30_0, 0, 32;
    %jmp T_6.333;
T_6.334 ;
    %end;
    .scope S_0x5e7851ac6770;
t_36 %join;
    %pushi/vec4 1, 0, 1;
    %store/vec4 v0x5e7851ac9860_0, 0, 1;
    %load/vec4 v0x5e7851ac8f80_0;
    %flag_set/vec4 8;
    %jmp/1 T_6.342, 8;
    %ix/load 4, 0, 0;
    %flag_set/imm 4, 0;
    %load/vec4a v0x5e7851ac91a0, 4;
    %flag_set/vec4 9;
    %flag_or 8, 9;
T_6.342;
    %jmp/1 T_6.341, 8;
    %ix/load 4, 1, 0;
    %flag_set/imm 4, 0;
    %load/vec4a v0x5e7851ac91a0, 4;
    %flag_set/vec4 9;
    %flag_or 8, 9;
T_6.341;
    %jmp/1 T_6.340, 8;
    %ix/load 4, 2, 0;
    %flag_set/imm 4, 0;
    %load/vec4a v0x5e7851ac91a0, 4;
    %flag_set/vec4 9;
    %flag_or 8, 9;
T_6.340;
    %jmp/1 T_6.339, 8;
    %ix/load 4, 3, 0;
    %flag_set/imm 4, 0;
    %load/vec4a v0x5e7851ac91a0, 4;
    %flag_set/vec4 9;
    %flag_or 8, 9;
T_6.339;
    %jmp/0xz  T_6.337, 8;
    %pushi/vec4 0, 0, 1;
    %store/vec4 v0x5e7851ac9860_0, 0, 1;
T_6.337 ;
T_6.249 ;
T_6.233 ;
T_6.213 ;
T_6.205 ;
T_6.193 ;
T_6.188 ;
    %end;
S_0x5e7851ac6950 .scope begin, "$ivl_for_loop10" "$ivl_for_loop10" 4 420, 4 420 0, S_0x5e7851ac6770;
 .timescale 0 0;
v0x5e7851ac6b30_0 .var/2s "j", 31 0;
S_0x5e7851ac6c30 .scope begin, "$ivl_for_loop3" "$ivl_for_loop3" 4 253, 4 253 0, S_0x5e7851ac6770;
 .timescale 0 0;
v0x5e7851ac6e30_0 .var/2s "j", 31 0;
S_0x5e7851ac6f10 .scope begin, "$ivl_for_loop4" "$ivl_for_loop4" 4 257, 4 257 0, S_0x5e7851ac6770;
 .timescale 0 0;
v0x5e7851ac7120_0 .var/2s "k", 31 0;
S_0x5e7851ac7200 .scope begin, "$ivl_for_loop5" "$ivl_for_loop5" 4 277, 4 277 0, S_0x5e7851ac6770;
 .timescale 0 0;
v0x5e7851ac73e0_0 .var/2s "k", 31 0;
S_0x5e7851ac74e0 .scope begin, "$ivl_for_loop6" "$ivl_for_loop6" 4 331, 4 331 0, S_0x5e7851ac6770;
 .timescale 0 0;
v0x5e7851ac7710_0 .var/2s "k", 31 0;
S_0x5e7851ac7810 .scope begin, "$ivl_for_loop7" "$ivl_for_loop7" 4 349, 4 349 0, S_0x5e7851ac6770;
 .timescale 0 0;
v0x5e7851ac79f0_0 .var/2s "j", 31 0;
S_0x5e7851ac7af0 .scope begin, "$ivl_for_loop8" "$ivl_for_loop8" 4 379, 4 379 0, S_0x5e7851ac6770;
 .timescale 0 0;
v0x5e7851ac7cd0_0 .var/2s "k", 31 0;
S_0x5e7851ac7dd0 .scope begin, "$ivl_for_loop9" "$ivl_for_loop9" 4 398, 4 398 0, S_0x5e7851ac6770;
 .timescale 0 0;
v0x5e7851ac7fb0_0 .var/2s "j", 31 0;
S_0x5e7851ac80b0 .scope task, "random_in" "random_in" 4 891, 4 891 0, S_0x5e7851ac4980;
 .timescale 0 0;
TD_tb_lifo_synchronous.dut_input_lifo.random_in ;
    %vpi_func 4 893 "$urandom" 32 {0 0 0};
    %pushi/vec4 2, 0, 32;
    %mod;
    %pad/u 1;
    %store/vec4 v0x5e7851ac8390_0, 0, 1;
    %vpi_func 4 894 "$urandom" 32 {0 0 0};
    %pushi/vec4 2, 0, 32;
    %mod;
    %pad/u 1;
    %store/vec4 v0x5e7851ac8450_0, 0, 1;
    %vpi_func 4 895 "$urandom" 32 {0 0 0};
    %pushi/vec4 2, 0, 32;
    %mod;
    %pad/u 1;
    %store/vec4 v0x5e7851ac86c0_0, 0, 1;
    %pushi/real 1717986918, 4062; load=0.100000
    %pushi/real 1677722, 4040; load=0.100000
    %add/wr;
    %vpi_func 4 898 "$urandom_range" 32, W<0,r>, 32'sb00000000000000000000000000001010 {0 1 0};
    %pad/u 64;
    %muli 1, 0, 64;
    %ix/vec4 4;
    %delayx 4;
    %end;
S_0x5e7851ac9b80 .scope module, "dut_lifo" "lifo" 3 47, 5 1 0, S_0x5e7851991bf0;
 .timescale 0 0;
    .port_info 0 /INPUT 1 "clk";
    .port_info 1 /INPUT 1 "rst";
    .port_info 2 /INPUT 1 "w_en";
    .port_info 3 /INPUT 1 "r_en";
    .port_info 4 /INPUT 8 "data_in";
    .port_info 5 /OUTPUT 1 "full";
    .port_info 6 /OUTPUT 1 "empty";
    .port_info 7 /OUTPUT 5 "ptr";
    .port_info 8 /OUTPUT 8 "data_out";
    .port_info 9 /OUTPUT 5 "addr0";
    .port_info 10 /OUTPUT 1 "nextw";
P_0x5e7851ac9d10 .param/l "addr_width" 0 5 13, +C4<00000000000000000000000000000100>;
L_0x5e7851aa3ad0 .functor AND 1, v0x5e7851ac86c0_0, L_0x5e7851ad0710, C4<1>, C4<1>;
L_0x5e7851aa2380 .functor AND 1, v0x5e7851ac8450_0, L_0x5e7851ad0870, C4<1>, C4<1>;
L_0x5e7851a9e670 .functor BUFZ 1, L_0x5e7851aa3ad0, C4<0>, C4<0>, C4<0>;
v0x5e7851acbf20_0 .net *"_ivl_1", 0 0, L_0x5e7851ad0710;  1 drivers
v0x5e7851acc000_0 .net *"_ivl_5", 0 0, L_0x5e7851ad0870;  1 drivers
v0x5e7851acc0c0_0 .net "addr", 3 0, L_0x5e7851ad0a20;  1 drivers
v0x5e7851acc1b0_0 .var "addr0", 4 0;
v0x5e7851acc290_0 .net "clk", 0 0, v0x5e7851acf460_0;  alias, 1 drivers
v0x5e7851acc380_0 .net "data_in", 7 0, v0x5e7851ac8290_0;  alias, 1 drivers
v0x5e7851acc490_0 .net "data_out", 7 0, v0x5e7851acb360_0;  alias, 1 drivers
v0x5e7851acc550_0 .net "empty", 0 0, L_0x5e7851ae0c20;  alias, 1 drivers
v0x5e7851acc5f0_0 .net "full", 0 0, L_0x5e7851ae0e70;  alias, 1 drivers
v0x5e7851acc720_0 .net "next_r", 0 0, L_0x5e7851aa2380;  1 drivers
v0x5e7851acc7c0_0 .net "next_w", 0 0, L_0x5e7851aa3ad0;  1 drivers
v0x5e7851acc860_0 .net "nextw", 0 0, L_0x5e7851a9e670;  alias, 1 drivers
v0x5e7851acc900_0 .net "ptr", 4 0, v0x5e7851acbcb0_0;  alias, 1 drivers
v0x5e7851acc9f0_0 .net "r_en", 0 0, v0x5e7851ac8450_0;  alias, 1 drivers
v0x5e7851acca90_0 .net "rst", 0 0, v0x5e7851ac8390_0;  alias, 1 drivers
v0x5e7851accb30_0 .net "w_en", 0 0, v0x5e7851ac86c0_0;  alias, 1 drivers
L_0x5e7851ad0710 .reduce/nor L_0x5e7851ae0e70;
L_0x5e7851ad0870 .reduce/nor L_0x5e7851ae0c20;
L_0x5e7851ad0a20 .part v0x5e7851acbcb0_0, 0, 4;
S_0x5e7851ac9ec0 .scope module, "dut_compare_and_status_section" "compare_and_status_section" 5 40, 5 55 0, S_0x5e7851ac9b80;
 .timescale 0 0;
    .port_info 0 /INPUT 5 "ptr";
    .port_info 1 /OUTPUT 1 "empty";
    .port_info 2 /OUTPUT 1 "full";
P_0x5e7851aca0c0 .param/l "mem_DEPTH" 0 5 62, +C4<00000000000000000000000000010000>;
v0x5e7851aca200_0 .net *"_ivl_0", 31 0, L_0x5e7851ad0b50;  1 drivers
L_0x7a182f2ce0a8 .functor BUFT 1, C4<000000000000000000000000000>, C4<0>, C4<0>, C4<0>;
v0x5e7851aca300_0 .net *"_ivl_11", 26 0, L_0x7a182f2ce0a8;  1 drivers
L_0x7a182f2ce0f0 .functor BUFT 1, C4<00000000000000000000000000010000>, C4<0>, C4<0>, C4<0>;
v0x5e7851aca3e0_0 .net/2u *"_ivl_12", 31 0, L_0x7a182f2ce0f0;  1 drivers
L_0x7a182f2ce018 .functor BUFT 1, C4<000000000000000000000000000>, C4<0>, C4<0>, C4<0>;
v0x5e7851aca4d0_0 .net *"_ivl_3", 26 0, L_0x7a182f2ce018;  1 drivers
L_0x7a182f2ce060 .functor BUFT 1, C4<00000000000000000000000000000000>, C4<0>, C4<0>, C4<0>;
v0x5e7851aca5b0_0 .net/2u *"_ivl_4", 31 0, L_0x7a182f2ce060;  1 drivers
v0x5e7851aca6e0_0 .net *"_ivl_8", 31 0, L_0x5e7851ae0d50;  1 drivers
v0x5e7851aca7c0_0 .net "empty", 0 0, L_0x5e7851ae0c20;  alias, 1 drivers
v0x5e7851aca880_0 .net "full", 0 0, L_0x5e7851ae0e70;  alias, 1 drivers
v0x5e7851aca940_0 .net "ptr", 4 0, v0x5e7851acbcb0_0;  alias, 1 drivers
L_0x5e7851ad0b50 .concat [ 5 27 0 0], v0x5e7851acbcb0_0, L_0x7a182f2ce018;
L_0x5e7851ae0c20 .cmp/eq 32, L_0x5e7851ad0b50, L_0x7a182f2ce060;
L_0x5e7851ae0d50 .concat [ 5 27 0 0], v0x5e7851acbcb0_0, L_0x7a182f2ce0a8;
L_0x5e7851ae0e70 .cmp/eq 32, L_0x5e7851ae0d50, L_0x7a182f2ce0f0;
S_0x5e7851acaaa0 .scope module, "dut_dual_port_ram_synchronous" "dual_port_ram_synchronous" 5 46, 6 1 0, S_0x5e7851ac9b80;
 .timescale 0 0;
    .port_info 0 /INPUT 1 "clk";
    .port_info 1 /INPUT 1 "rst";
    .port_info 2 /INPUT 1 "we_a";
    .port_info 3 /INPUT 4 "addr_a";
    .port_info 4 /INPUT 8 "data_in_a";
    .port_info 5 /OUTPUT 8 "data_out_a";
    .port_info 6 /INPUT 1 "we_b";
    .port_info 7 /INPUT 4 "addr_b";
    .port_info 8 /INPUT 8 "data_in_b";
    .port_info 9 /OUTPUT 8 "data_out_b";
P_0x5e7851a52a10 .param/l "ADDR_WIDTH" 0 6 15, +C4<00000000000000000000000000000100>;
P_0x5e7851a52a50 .param/l "DATA_WIDTH" 0 6 15, +C4<00000000000000000000000000001000>;
P_0x5e7851a52a90 .param/l "MEM_DEPTH" 0 6 15, +C4<00000000000000000000000000010000>;
v0x5e7851acae10_0 .net "addr_a", 3 0, L_0x5e7851ad0a20;  alias, 1 drivers
v0x5e7851acaef0_0 .net "addr_b", 3 0, L_0x5e7851ad0a20;  alias, 1 drivers
v0x5e7851acafe0_0 .net "clk", 0 0, v0x5e7851acf460_0;  alias, 1 drivers
v0x5e7851acb0e0_0 .net "data_in_a", 7 0, v0x5e7851ac8290_0;  alias, 1 drivers
L_0x7a182f2ce180 .functor BUFT 1, C4<00000000>, C4<0>, C4<0>, C4<0>;
v0x5e7851acb1b0_0 .net "data_in_b", 7 0, L_0x7a182f2ce180;  1 drivers
v0x5e7851acb2a0_0 .var "data_out_a", 7 0;
v0x5e7851acb360_0 .var "data_out_b", 7 0;
v0x5e7851acb440 .array "mem", 0 15, 7 0;
v0x5e7851acb500_0 .net "rst", 0 0, v0x5e7851ac8390_0;  alias, 1 drivers
v0x5e7851acb5a0_0 .net "we_a", 0 0, L_0x5e7851aa3ad0;  alias, 1 drivers
L_0x7a182f2ce138 .functor BUFT 1, C4<0>, C4<0>, C4<0>, C4<0>;
v0x5e7851acb640_0 .net "we_b", 0 0, L_0x7a182f2ce138;  1 drivers
S_0x5e7851acb840 .scope module, "dut_ptr_section" "ptr_section" 5 35, 5 75 0, S_0x5e7851ac9b80;
 .timescale 0 0;
    .port_info 0 /INPUT 1 "clk";
    .port_info 1 /INPUT 1 "rst";
    .port_info 2 /INPUT 1 "next_w";
    .port_info 3 /INPUT 1 "next_r";
    .port_info 4 /OUTPUT 5 "ptr";
v0x5e7851acba30_0 .net "clk", 0 0, v0x5e7851acf460_0;  alias, 1 drivers
v0x5e7851acbb20_0 .net "next_r", 0 0, L_0x5e7851aa2380;  alias, 1 drivers
v0x5e7851acbbe0_0 .net "next_w", 0 0, L_0x5e7851aa3ad0;  alias, 1 drivers
v0x5e7851acbcb0_0 .var "ptr", 4 0;
v0x5e7851acbd80_0 .net "rst", 0 0, v0x5e7851ac8390_0;  alias, 1 drivers
S_0x5e7851acccb0 .scope task, "errors_warnings_check" "errors_warnings_check" 3 251, 3 251 0, S_0x5e7851991bf0;
 .timescale 0 0;
TD_tb_lifo_synchronous.errors_warnings_check ;
    %load/vec4 v0x5e7851ace2b0_0;
    %load/vec4 v0x5e7851ace390_0;
    %cmp/ne;
    %jmp/0xz  T_8.343, 6;
    %vpi_call/w 3 255 "$display", "***ERROR: ADDR = %b, ADDR_expected = %b", v0x5e7851ace2b0_0, v0x5e7851ace390_0 {0 0 0};
    %load/vec4 v0x5e7851aceb40_0;
    %addi 1, 0, 32;
    %store/vec4 v0x5e7851aceb40_0, 0, 32;
T_8.343 ;
    %load/vec4 v0x5e7851aced00_0;
    %load/vec4 v0x5e7851aceda0_0;
    %cmp/ne;
    %jmp/0xz  T_8.345, 6;
    %vpi_call/w 3 265 "$display", "***ERROR: FULL = %b, FULL_expected = %b", v0x5e7851aced00_0, v0x5e7851aceda0_0 {0 0 0};
    %load/vec4 v0x5e7851aceb40_0;
    %addi 1, 0, 32;
    %store/vec4 v0x5e7851aceb40_0, 0, 32;
T_8.345 ;
    %load/vec4 v0x5e7851ace920_0;
    %load/vec4 v0x5e7851acea10_0;
    %cmp/ne;
    %jmp/0xz  T_8.347, 6;
    %vpi_call/w 3 273 "$display", "***ERROR: EMPTY = %b, EMPTY_expected = %b", v0x5e7851ace920_0, v0x5e7851acea10_0 {0 0 0};
    %load/vec4 v0x5e7851aceb40_0;
    %addi 1, 0, 32;
    %store/vec4 v0x5e7851aceb40_0, 0, 32;
T_8.347 ;
    %load/vec4 v0x5e7851acf040_0;
    %load/vec4 v0x5e7851acf1f0_0;
    %cmp/ne;
    %jmp/0xz  T_8.349, 6;
    %vpi_call/w 3 281 "$display", "***ERROR: PTR = %b, PTR_EXPECTED = %b", v0x5e7851acf040_0, v0x5e7851acf1f0_0 {0 0 0};
    %load/vec4 v0x5e7851aceb40_0;
    %addi 1, 0, 32;
    %store/vec4 v0x5e7851aceb40_0, 0, 32;
T_8.349 ;
    %load/vec4 v0x5e7851ace7a0_0;
    %load/vec4 v0x5e7851ace860_0;
    %cmp/ne;
    %jmp/0xz  T_8.351, 6;
    %vpi_call/w 3 289 "$display", "***ERROR: DATA_OUT = %b, DATA_OUT_expected = %b", v0x5e7851ace7a0_0, v0x5e7851ace860_0 {0 0 0};
    %load/vec4 v0x5e7851aceb40_0;
    %addi 1, 0, 32;
    %store/vec4 v0x5e7851aceb40_0, 0, 32;
T_8.351 ;
    %load/vec4 v0x5e7851acf2d0_0;
    %load/vec4 v0x5e7851acf720_0;
    %concat/vec4; draw_concat_vec4
    %load/vec4 v0x5e7851acf370_0;
    %concat/vec4; draw_concat_vec4
    %load/vec4 v0x5e7851ace600_0;
    %concat/vec4; draw_concat_vec4
    %load/vec4 v0x5e7851ad02b0_0;
    %cmp/ne;
    %jmp/0xz  T_8.353, 4;
    %load/vec4 v0x5e7851acf2d0_0;
    %load/vec4 v0x5e7851acf720_0;
    %concat/vec4; draw_concat_vec4
    %load/vec4 v0x5e7851acf370_0;
    %concat/vec4; draw_concat_vec4
    %load/vec4 v0x5e7851ace600_0;
    %concat/vec4; draw_concat_vec4
    %vpi_call/w 3 295 "$display", "prev_INPUT = %b,INPUT=%b", v0x5e7851ad02b0_0, S<0,vec4,u11> {1 0 0};
    %vpi_call/w 3 296 "$display", "***ERROR: INPUT_B - RACING CONDITION OCCUR" {0 0 0};
    %load/vec4 v0x5e7851aceb40_0;
    %addi 1, 0, 32;
    %store/vec4 v0x5e7851aceb40_0, 0, 32;
T_8.353 ;
    %end;
S_0x5e7851acce90 .scope task, "initialize" "initialize" 3 81, 3 81 0, S_0x5e7851991bf0;
 .timescale 0 0;
TD_tb_lifo_synchronous.initialize ;
    %pushi/vec4 0, 0, 1;
    %store/vec4 v0x5e7851acf460_0, 0, 1;
    %pushi/vec4 0, 0, 32;
    %store/vec4 v0x5e7851acf5a0_0, 0, 32;
    %pushi/vec4 0, 0, 32;
    %store/vec4 v0x5e7851aceb40_0, 0, 32;
    %pushi/vec4 0, 0, 32;
    %store/vec4 v0x5e7851ad00f0_0, 0, 32;
T_9.355 ;
    %load/vec4 v0x5e7851ad00f0_0;
    %cmpi/s 24, 0, 32;
    %jmp/0xz T_9.356, 5;
    %pushi/vec4 0, 0, 32;
    %ix/getv/s 4, v0x5e7851ad00f0_0;
    %store/vec4a v0x5e7851ad05b0, 4, 0;
    ; show_stmt_assign_vector: Get l-value for compressed += operand
    %load/vec4 v0x5e7851ad00f0_0;
    %pushi/vec4 1, 0, 32;
    %add;
    %cast2;
    %store/vec4 v0x5e7851ad00f0_0, 0, 32;
    %jmp T_9.355;
T_9.356 ;
    %pushi/vec4 0, 0, 32;
    %store/vec4 v0x5e7851ad0650_0, 0, 32;
    %pushi/vec4 0, 0, 1;
    %store/vec4 v0x5e7851ad0050_0, 0, 1;
    %vpi_call/w 3 95 "$display" {0 0 0};
    %vpi_call/w 3 96 "$display", "TEST_START---------------------------------------------------------------------------------------------------------------------------------------------------------------------------------------------------------------------------------------" {0 0 0};
    %vpi_call/w 3 97 "$display" {0 0 0};
    %vpi_call/w 3 98 "$display", "                     | TIME | RST | W_EN | R_EN | DATA_IN | ADDR_A | ADDR_A_EXPECTED | ADDR_B | ADDR_B_EXPECTED | WRAP | FULL | FULL_EXPECTED | EMPTY | EMPTY_EXPECTED | PTR | PTR_EXPECTED | DATA_OUT | DATA_OUT_EXPECTED |" {0 0 0};
    %vpi_call/w 3 99 "$display", "-------------------------------------------------------------------------------------------------------------------------------------------------------------------------------------------------------------------------------------------------" {0 0 0};
    %end;
S_0x5e7851acd100 .scope module, "test_dual_port_ram_synchronous1" "dual_port_ram_synchronous1" 3 50, 7 1 0, S_0x5e7851991bf0;
 .timescale 0 0;
    .port_info 0 /INPUT 1 "clk";
    .port_info 1 /INPUT 1 "rst";
    .port_info 2 /INPUT 1 "we_a";
    .port_info 3 /INPUT 4 "addr_a";
    .port_info 4 /INPUT 8 "data_in_a";
    .port_info 5 /OUTPUT 8 "data_out_a";
    .port_info 6 /INPUT 1 "we_b";
    .port_info 7 /INPUT 4 "addr_b";
    .port_info 8 /INPUT 8 "data_in_b";
    .port_info 9 /OUTPUT 8 "data_out_b";
P_0x5e7851a52ae0 .param/l "ADDR_WIDTH" 0 7 15, +C4<00000000000000000000000000000100>;
P_0x5e7851a52b20 .param/l "DATA_WIDTH" 0 7 15, +C4<00000000000000000000000000001000>;
P_0x5e7851a52b60 .param/l "MEM_DEPTH" 0 7 15, +C4<00000000000000000000000000010000>;
v0x5e7851acd5a0_0 .net "addr_a", 3 0, L_0x5e7851ae1640;  alias, 1 drivers
v0x5e7851acd6a0_0 .net "addr_b", 3 0, L_0x5e7851ae1640;  alias, 1 drivers
v0x5e7851acd790_0 .net "clk", 0 0, v0x5e7851acf460_0;  alias, 1 drivers
v0x5e7851acd860_0 .net "data_in_a", 7 0, v0x5e7851ac8290_0;  alias, 1 drivers
L_0x7a182f2ce210 .functor BUFT 1, C4<00000000>, C4<0>, C4<0>, C4<0>;
v0x5e7851acd900_0 .net "data_in_b", 7 0, L_0x7a182f2ce210;  1 drivers
v0x5e7851acd9c0_0 .var "data_out_a", 7 0;
v0x5e7851acdaa0_0 .var "data_out_b", 7 0;
v0x5e7851acdb80 .array "mem", 0 15, 7 0;
v0x5e7851acdc40_0 .net "rst", 0 0, v0x5e7851ac8390_0;  alias, 1 drivers
v0x5e7851acde00_0 .net "we_a", 0 0, L_0x5e7851aa0ec0;  alias, 1 drivers
L_0x7a182f2ce1c8 .functor BUFT 1, C4<0>, C4<0>, C4<0>, C4<0>;
v0x5e7851acdec0_0 .net "we_b", 0 0, L_0x7a182f2ce1c8;  1 drivers
S_0x5e7851ace120 .scope task, "vectorcount" "vectorcount" 3 202, 3 202 0, S_0x5e7851991bf0;
 .timescale 0 0;
TD_tb_lifo_synchronous.vectorcount ;
    %load/vec4 v0x5e7851acf5a0_0;
    %addi 1, 0, 32;
    %store/vec4 v0x5e7851acf5a0_0, 0, 32;
    %end;
    .scope S_0x5e7851ac4980;
T_11 ;
    %wait E_0x5e7851a27bd0;
    %load/vec4 v0x5e7851ac8920_0;
    %pad/u 32;
    %cmpi/ne 1, 0, 32;
    %jmp/0xz  T_11.0, 6;
    %fork TD_tb_lifo_synchronous.dut_input_lifo.general_input_w, S_0x5e7851ac6770;
    %join;
    %fork TD_tb_lifo_synchronous.dut_input_lifo.general_input_r, S_0x5e7851ac4fb0;
    %join;
T_11.0 ;
    %jmp T_11;
    .thread T_11;
    .scope S_0x5e7851ac4980;
T_12 ;
T_12.0 ;
    %load/vec4 v0x5e7851ac8920_0;
    %cmpi/ne 1, 0, 1;
    %jmp/0xz T_12.1, 6;
    %wait E_0x5e7851a27980;
    %jmp T_12.0;
T_12.1 ;
    %fork t_39, S_0x5e7851ac4d50;
    %jmp t_38;
    .scope S_0x5e7851ac4d50;
t_39 ;
    %pushi/vec4 0, 0, 32;
    %store/vec4 v0x5e7851aa0fe0_0, 0, 32;
T_12.2 ;
    %load/vec4 v0x5e7851aa0fe0_0;
    %cmpi/s 50, 0, 32;
    %jmp/0xz T_12.3, 5;
    %load/vec4 v0x5e7851aa0fe0_0;
    %cmpi/e 49, 0, 32;
    %jmp/0xz  T_12.4, 4;
    %fork TD_tb_lifo_synchronous.dut_input_lifo.random_in, S_0x5e7851ac80b0;
    %join;
    %pushi/vec4 1, 0, 1;
    %assign/vec4 v0x5e7851ac8860_0, 0;
    %jmp T_12.5;
T_12.4 ;
    %fork TD_tb_lifo_synchronous.dut_input_lifo.random_in, S_0x5e7851ac80b0;
    %join;
T_12.5 ;
    ; show_stmt_assign_vector: Get l-value for compressed += operand
    %load/vec4 v0x5e7851aa0fe0_0;
    %pushi/vec4 1, 0, 32;
    %add;
    %cast2;
    %store/vec4 v0x5e7851aa0fe0_0, 0, 32;
    %jmp T_12.2;
T_12.3 ;
    %end;
    .scope S_0x5e7851ac4980;
t_38 %join;
    %end;
    .thread T_12;
    .scope S_0x5e7851acb840;
T_13 ;
    %wait E_0x5e7851a27bd0;
    %load/vec4 v0x5e7851acbd80_0;
    %flag_set/vec4 8;
    %jmp/0xz  T_13.0, 8;
    %pushi/vec4 0, 0, 5;
    %assign/vec4 v0x5e7851acbcb0_0, 0;
    %jmp T_13.1;
T_13.0 ;
    %load/vec4 v0x5e7851acbbe0_0;
    %load/vec4 v0x5e7851acbb20_0;
    %concat/vec4; draw_concat_vec4
    %dup/vec4;
    %pushi/vec4 1, 0, 2;
    %cmp/u;
    %jmp/1 T_13.2, 6;
    %dup/vec4;
    %pushi/vec4 2, 0, 2;
    %cmp/u;
    %jmp/1 T_13.3, 6;
    %load/vec4 v0x5e7851acbcb0_0;
    %assign/vec4 v0x5e7851acbcb0_0, 0;
    %jmp T_13.5;
T_13.2 ;
    %load/vec4 v0x5e7851acbcb0_0;
    %subi 1, 0, 5;
    %assign/vec4 v0x5e7851acbcb0_0, 0;
    %jmp T_13.5;
T_13.3 ;
    %load/vec4 v0x5e7851acbcb0_0;
    %addi 1, 0, 5;
    %assign/vec4 v0x5e7851acbcb0_0, 0;
    %jmp T_13.5;
T_13.5 ;
    %pop/vec4 1;
T_13.1 ;
    %jmp T_13;
    .thread T_13;
    .scope S_0x5e7851acaaa0;
T_14 ;
    %wait E_0x5e7851a27bd0;
    %load/vec4 v0x5e7851acb500_0;
    %flag_set/vec4 8;
    %jmp/0xz  T_14.0, 8;
    %pushi/vec4 0, 0, 8;
    %assign/vec4 v0x5e7851acb2a0_0, 0;
    %jmp T_14.1;
T_14.0 ;
    %load/vec4 v0x5e7851acb5a0_0;
    %flag_set/vec4 8;
    %jmp/0xz  T_14.2, 8;
    %load/vec4 v0x5e7851acb0e0_0;
    %load/vec4 v0x5e7851acae10_0;
    %pad/u 6;
    %ix/vec4 3;
    %ix/load 4, 0, 0; Constant delay
    %assign/vec4/a/d v0x5e7851acb440, 0, 4;
    %load/vec4 v0x5e7851acae10_0;
    %pad/u 6;
    %ix/vec4 4;
    %load/vec4a v0x5e7851acb440, 4;
    %assign/vec4 v0x5e7851acb2a0_0, 0;
    %jmp T_14.3;
T_14.2 ;
    %load/vec4 v0x5e7851acae10_0;
    %pad/u 6;
    %ix/vec4 4;
    %load/vec4a v0x5e7851acb440, 4;
    %assign/vec4 v0x5e7851acb2a0_0, 0;
T_14.3 ;
T_14.1 ;
    %jmp T_14;
    .thread T_14;
    .scope S_0x5e7851acaaa0;
T_15 ;
    %wait E_0x5e7851a27bd0;
    %load/vec4 v0x5e7851acb500_0;
    %flag_set/vec4 8;
    %jmp/0xz  T_15.0, 8;
    %pushi/vec4 0, 0, 8;
    %assign/vec4 v0x5e7851acb360_0, 0;
    %jmp T_15.1;
T_15.0 ;
    %load/vec4 v0x5e7851acb640_0;
    %flag_set/vec4 8;
    %jmp/0xz  T_15.2, 8;
    %load/vec4 v0x5e7851acb1b0_0;
    %load/vec4 v0x5e7851acaef0_0;
    %pad/u 6;
    %ix/vec4 3;
    %ix/load 4, 0, 0; Constant delay
    %assign/vec4/a/d v0x5e7851acb440, 0, 4;
    %load/vec4 v0x5e7851acaef0_0;
    %pad/u 6;
    %ix/vec4 4;
    %load/vec4a v0x5e7851acb440, 4;
    %assign/vec4 v0x5e7851acb360_0, 0;
    %jmp T_15.3;
T_15.2 ;
    %load/vec4 v0x5e7851acaef0_0;
    %pad/u 6;
    %ix/vec4 4;
    %load/vec4a v0x5e7851acb440, 4;
    %assign/vec4 v0x5e7851acb360_0, 0;
T_15.3 ;
T_15.1 ;
    %jmp T_15;
    .thread T_15;
    .scope S_0x5e7851ac9b80;
T_16 ;
    %wait E_0x5e7851a27bd0;
    %load/vec4 v0x5e7851acc900_0;
    %assign/vec4 v0x5e7851acc1b0_0, 0;
    %jmp T_16;
    .thread T_16;
    .scope S_0x5e7851acd100;
T_17 ;
    %wait E_0x5e7851a27bd0;
    %load/vec4 v0x5e7851acdc40_0;
    %flag_set/vec4 8;
    %jmp/0xz  T_17.0, 8;
    %pushi/vec4 0, 0, 8;
    %assign/vec4 v0x5e7851acd9c0_0, 0;
    %jmp T_17.1;
T_17.0 ;
    %load/vec4 v0x5e7851acde00_0;
    %flag_set/vec4 8;
    %jmp/0xz  T_17.2, 8;
    %load/vec4 v0x5e7851acd860_0;
    %load/vec4 v0x5e7851acd5a0_0;
    %pad/u 6;
    %ix/vec4 3;
    %ix/load 4, 0, 0; Constant delay
    %assign/vec4/a/d v0x5e7851acdb80, 0, 4;
    %load/vec4 v0x5e7851acd5a0_0;
    %pad/u 6;
    %ix/vec4 4;
    %load/vec4a v0x5e7851acdb80, 4;
    %assign/vec4 v0x5e7851acd9c0_0, 0;
    %jmp T_17.3;
T_17.2 ;
    %load/vec4 v0x5e7851acd5a0_0;
    %pad/u 6;
    %ix/vec4 4;
    %load/vec4a v0x5e7851acdb80, 4;
    %assign/vec4 v0x5e7851acd9c0_0, 0;
T_17.3 ;
T_17.1 ;
    %jmp T_17;
    .thread T_17;
    .scope S_0x5e7851acd100;
T_18 ;
    %wait E_0x5e7851a27bd0;
    %load/vec4 v0x5e7851acdc40_0;
    %flag_set/vec4 8;
    %jmp/0xz  T_18.0, 8;
    %pushi/vec4 0, 0, 8;
    %assign/vec4 v0x5e7851acdaa0_0, 0;
    %jmp T_18.1;
T_18.0 ;
    %load/vec4 v0x5e7851acdec0_0;
    %flag_set/vec4 8;
    %jmp/0xz  T_18.2, 8;
    %load/vec4 v0x5e7851acd900_0;
    %load/vec4 v0x5e7851acd6a0_0;
    %pad/u 6;
    %ix/vec4 3;
    %ix/load 4, 0, 0; Constant delay
    %assign/vec4/a/d v0x5e7851acdb80, 0, 4;
    %load/vec4 v0x5e7851acd6a0_0;
    %pad/u 6;
    %ix/vec4 4;
    %load/vec4a v0x5e7851acdb80, 4;
    %assign/vec4 v0x5e7851acdaa0_0, 0;
    %jmp T_18.3;
T_18.2 ;
    %load/vec4 v0x5e7851acd6a0_0;
    %pad/u 6;
    %ix/vec4 4;
    %load/vec4a v0x5e7851acdb80, 4;
    %assign/vec4 v0x5e7851acdaa0_0, 0;
T_18.3 ;
T_18.1 ;
    %jmp T_18;
    .thread T_18;
    .scope S_0x5e7851991bf0;
T_19 ;
    %vpi_call/w 3 61 "$dumpfile", "tb_lifo_synchronous.vcd" {0 0 0};
    %vpi_call/w 3 62 "$dumpvars", 32'sb00000000000000000000000000000000, S_0x5e7851991bf0 {0 0 0};
    %end;
    .thread T_19;
    .scope S_0x5e7851991bf0;
T_20 ;
    %load/vec4 v0x5e7851acf500_0;
    %pad/u 32;
    %pushi/vec4 2, 0, 32;
    %div;
    %pad/u 64;
    %muli 1, 0, 64;
    %ix/vec4 4;
    %delayx 4;
    %load/vec4 v0x5e7851acf460_0;
    %inv;
    %assign/vec4 v0x5e7851acf460_0, 0;
    %jmp T_20;
    .thread T_20;
    .scope S_0x5e7851991bf0;
T_21 ;
    %fork TD_tb_lifo_synchronous.initialize, S_0x5e7851acce90;
    %join;
    %end;
    .thread T_21;
    .scope S_0x5e7851991bf0;
T_22 ;
    %wait E_0x5e7851a27bd0;
    %load/vec4 v0x5e7851acf2d0_0;
    %load/vec4 v0x5e7851acf720_0;
    %concat/vec4; draw_concat_vec4
    %load/vec4 v0x5e7851acf370_0;
    %concat/vec4; draw_concat_vec4
    %load/vec4 v0x5e7851ace600_0;
    %concat/vec4; draw_concat_vec4
    %assign/vec4 v0x5e7851ad02b0_0, 0;
    %fork TD_tb_lifo_synchronous.coverage_update, S_0x5e7851ac40d0;
    %join;
    %fork TD_tb_lifo_synchronous.OUT_EXP, S_0x5e7851aa4f80;
    %join;
    %delay 0, 0;
    %fork TD_tb_lifo_synchronous.comment, S_0x5e7851ac3ef0;
    %join;
    %fork TD_tb_lifo_synchronous.display_file, S_0x5e7851ac4750;
    %join;
    %fork TD_tb_lifo_synchronous.errors_warnings_check, S_0x5e7851acccb0;
    %join;
    %fork TD_tb_lifo_synchronous.vectorcount, S_0x5e7851ace120;
    %join;
    %delay 0, 0;
    %load/vec4 v0x5e7851ace450_0;
    %assign/vec4 v0x5e7851ad01d0_0, 0;
    %load/vec4 v0x5e7851aceda0_0;
    %load/vec4 v0x5e7851acea10_0;
    %concat/vec4; draw_concat_vec4
    %store/vec4 v0x5e7851ad0390_0, 0, 2;
    %jmp T_22;
    .thread T_22;
    .scope S_0x5e7851991bf0;
T_23 ;
T_23.0 ;
    %load/vec4 v0x5e7851ad0050_0;
    %cmpi/ne 1, 0, 1;
    %jmp/0xz T_23.1, 6;
    %wait E_0x5e7851a27d30;
    %jmp T_23.0;
T_23.1 ;
    %vpi_call/w 3 352 "$display" {0 0 0};
    %vpi_call/w 3 353 "$display", "%13s ***time = %0d,eof ***", "\000", $time {0 0 0};
    %vpi_call/w 3 354 "$display" {0 0 0};
    %load/vec4 v0x5e7851aced00_0;
    %load/vec4 v0x5e7851ace920_0;
    %concat/vec4; draw_concat_vec4
    %load/vec4 v0x5e7851acf2d0_0;
    %concat/vec4; draw_concat_vec4
    %load/vec4 v0x5e7851acf720_0;
    %concat/vec4; draw_concat_vec4
    %load/vec4 v0x5e7851acf370_0;
    %concat/vec4; draw_concat_vec4
    %pad/u 6;
    %cmpi/e 32, 0, 6;
    %jmp/0xz  T_23.2, 4;
    %fork TD_tb_lifo_synchronous.vectorcount, S_0x5e7851ace120;
    %join;
    %fork TD_tb_lifo_synchronous.close, S_0x5e7851a9cca0;
    %join;
    %jmp T_23.3;
T_23.2 ;
    %load/vec4 v0x5e7851acffb0_0;
    %flag_set/vec4 8;
    %jmp/0xz  T_23.4, 8;
    %fork TD_tb_lifo_synchronous.close, S_0x5e7851a9cca0;
    %join;
T_23.4 ;
T_23.3 ;
    %end;
    .thread T_23;
# The file index is used to find the file name in the following table.
:file_names 8;
    "N/A";
    "<interactive>";
    "-";
    "tb_lifo_synchronous.v";
    "input_lifo.v";
    "lifo_synchronous.v";
    "dual_port_ram_synchronous.v";
    "dual_port_ram_synchronous1.v";
