#! /usr/bin/vvp
:ivl_version "12.0 (stable)";
:ivl_delay_selection "TYPICAL";
:vpi_time_precision - 11;
:vpi_module "/usr/lib/x86_64-linux-gnu/ivl/system.vpi";
:vpi_module "/usr/lib/x86_64-linux-gnu/ivl/vhdl_sys.vpi";
:vpi_module "/usr/lib/x86_64-linux-gnu/ivl/vhdl_textio.vpi";
:vpi_module "/usr/lib/x86_64-linux-gnu/ivl/v2005_math.vpi";
:vpi_module "/usr/lib/x86_64-linux-gnu/ivl/va_math.vpi";
:vpi_module "/usr/lib/x86_64-linux-gnu/ivl/v2009.vpi";
S_0x62c9f2eff140 .scope package, "$unit" "$unit" 2 1;
 .timescale 0 0;
S_0x62c9f2f562b0 .scope module, "tb_alu" "tb_alu" 3 3;
 .timescale -9 -11;
P_0x62c9f2ed2300 .param/l "TICKPERIOD" 1 3 55, +C4<00000000000000000000000000010100>;
v0x62c9f2f84dd0_0 .var "A", 3 0;
v0x62c9f2f84ed0_0 .net "AEQB", 0 0, L_0x62c9f2f8bbb0;  1 drivers
v0x62c9f2f84fe0_0 .var "B", 3 0;
v0x62c9f2f85080_0 .var "COMMENT", 255 0;
v0x62c9f2f85160_0 .var/i "COUNT", 31 0;
v0x62c9f2f85290_0 .var "Ci_bar", 0 0;
v0x62c9f2f85330_0 .net "Co_bar", 0 0, L_0x62c9f2f8c7f0;  1 drivers
v0x62c9f2f85420_0 .var "ERRORS", 31 0;
v0x62c9f2f85500_0 .net "F", 3 0, L_0x62c9f2f8d600;  1 drivers
v0x62c9f2f855e0_0 .var/i "FD", 31 0;
v0x62c9f2f856c0_0 .var "FEXPECTED", 3 0;
v0x62c9f2f857a0_0 .var "M", 0 0;
v0x62c9f2f85840_0 .var "S", 3 0;
v0x62c9f2f85920_0 .var "TICK", 0 0;
v0x62c9f2f859e0_0 .var "VECTORCOUNT", 31 0;
v0x62c9f2f85ac0_0 .net "X", 0 0, L_0x62c9f2f8cc40;  1 drivers
v0x62c9f2f85bb0_0 .net "Y", 0 0, L_0x62c9f2f8c3d0;  1 drivers
v0x62c9f2f85db0_0 .var "eof", 0 0;
v0x62c9f2f85e70_0 .var/2s "i", 31 0;
v0x62c9f2f85f50 .array "input_coverage", 63 0, 31 0;
v0x62c9f2f86010_0 .var "prev_A", 3 0;
v0x62c9f2f860f0_0 .var "prev_B", 3 0;
v0x62c9f2f861d0_0 .var "prev_Ci_bar", 0 0;
v0x62c9f2f86290_0 .var "prev_M", 0 0;
v0x62c9f2f86350_0 .var "prev_S", 3 0;
E_0x62c9f2ee9af0 .event anyedge, v0x62c9f2f85db0_0;
E_0x62c9f2ee9d80 .event posedge, v0x62c9f2f85920_0;
E_0x62c9f2eeb480 .event negedge, v0x62c9f2f85920_0;
L_0x62c9f2f8cae0 .part v0x62c9f2f84dd0_0, 0, 1;
L_0x62c9f2f8cdb0 .part v0x62c9f2f84dd0_0, 1, 1;
L_0x62c9f2f8cea0 .part v0x62c9f2f84dd0_0, 2, 1;
L_0x62c9f2f8cf40 .part v0x62c9f2f84dd0_0, 3, 1;
L_0x62c9f2f8cfe0 .part v0x62c9f2f84fe0_0, 0, 1;
L_0x62c9f2f8d080 .part v0x62c9f2f84fe0_0, 1, 1;
L_0x62c9f2f8d120 .part v0x62c9f2f84fe0_0, 2, 1;
L_0x62c9f2f8d1c0 .part v0x62c9f2f84fe0_0, 3, 1;
L_0x62c9f2f8d2b0 .part v0x62c9f2f85840_0, 3, 1;
L_0x62c9f2f8d350 .part v0x62c9f2f85840_0, 2, 1;
L_0x62c9f2f8d450 .part v0x62c9f2f85840_0, 1, 1;
L_0x62c9f2f8d4f0 .part v0x62c9f2f85840_0, 0, 1;
L_0x62c9f2f8d600 .concat8 [ 1 1 1 1], L_0x62c9f2f898d0, L_0x62c9f2f8a040, L_0x62c9f2f8ab60, L_0x62c9f2f8b910;
S_0x62c9f2f572d0 .scope task, "FEXP" "FEXP" 3 645, 3 645 0, S_0x62c9f2f562b0;
 .timescale -9 -11;
TD_tb_alu.FEXP ;
    %load/vec4 v0x62c9f2f84dd0_0;
    %load/vec4 v0x62c9f2f84fe0_0;
    %load/vec4 v0x62c9f2f85840_0;
    %load/vec4 v0x62c9f2f857a0_0;
    %load/vec4 v0x62c9f2f85290_0;
    %store/vec4 v0x62c9f2f82810_0, 0, 1;
    %store/vec4 v0x62c9f2f828b0_0, 0, 1;
    %store/vec4 v0x62c9f2f82970_0, 0, 4;
    %store/vec4 v0x62c9f2f82730_0, 0, 4;
    %store/vec4 v0x62c9f2f82630_0, 0, 4;
    %callf/vec4 TD_tb_alu.fexp, S_0x62c9f2f824a0;
    %store/vec4 v0x62c9f2f856c0_0, 0, 4;
    %end;
S_0x62c9f2f57ed0 .scope task, "close" "close" 3 656, 3 656 0, S_0x62c9f2f562b0;
 .timescale -9 -11;
TD_tb_alu.close ;
    %delay 1000, 0;
    %vpi_call/w 3 659 "$fclose", v0x62c9f2f855e0_0 {0 0 0};
    %vpi_call/w 3 661 "$display" {0 0 0};
    %vpi_call/w 3 662 "$display", "COVERAGE_REPORT" {0 0 0};
    %pushi/vec4 0, 0, 32;
    %store/vec4 v0x62c9f2f85e70_0, 0, 32;
T_1.0 ;
    %load/vec4 v0x62c9f2f85e70_0;
    %cmpi/s 64, 0, 32;
    %jmp/0xz T_1.1, 5;
    %ix/getv/s 4, v0x62c9f2f85e70_0;
    %load/vec4a v0x62c9f2f85f50, 4;
    %cmpi/e 0, 0, 32;
    %jmp/0xz  T_1.2, 4;
    %vpi_call/w 3 668 "$display", "input %b has occured %d times (***ERROR***)", v0x62c9f2f85e70_0, &A<v0x62c9f2f85f50, v0x62c9f2f85e70_0 > {0 0 0};
    %load/vec4 v0x62c9f2f85420_0;
    %addi 1, 0, 32;
    %store/vec4 v0x62c9f2f85420_0, 0, 32;
    %jmp T_1.3;
T_1.2 ;
    %vpi_call/w 3 675 "$display", "input %b has occured %d times", v0x62c9f2f85e70_0, &A<v0x62c9f2f85f50, v0x62c9f2f85e70_0 > {0 0 0};
T_1.3 ;
    ; show_stmt_assign_vector: Get l-value for compressed += operand
    %load/vec4 v0x62c9f2f85e70_0;
    %pushi/vec4 1, 0, 32;
    %add;
    %cast2;
    %store/vec4 v0x62c9f2f85e70_0, 0, 32;
    %jmp T_1.0;
T_1.1 ;
    %vpi_call/w 3 680 "$display" {0 0 0};
    %vpi_call/w 3 681 "$display", "VECTORCOUNT = %d", v0x62c9f2f859e0_0 {0 0 0};
    %vpi_call/w 3 682 "$display", "ERRORS = %15d", v0x62c9f2f85420_0 {0 0 0};
    %vpi_call/w 3 683 "$display" {0 0 0};
    %vpi_call/w 3 684 "$display", "TEST_END------------------------------------------------------------------------------------------------" {0 0 0};
    %vpi_call/w 3 685 "$display" {0 0 0};
    %vpi_call/w 3 687 "$finish" {0 0 0};
    %end;
S_0x62c9f2f4ee70 .scope function.vec4.s256, "cmt" "cmt" 3 82, 3 82 0, S_0x62c9f2f562b0;
 .timescale -9 -11;
v0x62c9f2f58300_0 .var "A", 3 0;
v0x62c9f2f72a70_0 .var "B", 3 0;
v0x62c9f2f72b50_0 .var "Ci_bar", 0 0;
v0x62c9f2f72bf0_0 .var "M", 0 0;
v0x62c9f2f72cb0_0 .var "S", 3 0;
; Variable cmt is vec4 return value of scope S_0x62c9f2f4ee70
TD_tb_alu.cmt ;
    %load/vec4 v0x62c9f2f72bf0_0;
    %load/vec4 v0x62c9f2f72b50_0;
    %concat/vec4; draw_concat_vec4
    %dup/vec4;
    %pushi/vec4 0, 0, 2;
    %cmp/u;
    %jmp/1 T_2.4, 6;
    %dup/vec4;
    %pushi/vec4 1, 0, 2;
    %cmp/u;
    %jmp/1 T_2.5, 6;
    %dup/vec4;
    %pushi/vec4 2, 0, 2;
    %cmp/u;
    %jmp/1 T_2.6, 6;
    %load/vec4 v0x62c9f2f58300_0;
    %load/vec4 v0x62c9f2f72a70_0;
    %load/vec4 v0x62c9f2f72cb0_0;
    %store/vec4 v0x62c9f2f73d90_0, 0, 4;
    %store/vec4 v0x62c9f2f73cb0_0, 0, 4;
    %store/vec4 v0x62c9f2f73bb0_0, 0, 4;
    %callf/vec4 TD_tb_alu.cmt_logic_ci_bar, S_0x62c9f2f739d0;
    %ret/vec4 0, 0, 256;  Assign to cmt (store_vec4_to_lval)
    %jmp T_2.8;
T_2.4 ;
    %load/vec4 v0x62c9f2f58300_0;
    %load/vec4 v0x62c9f2f72a70_0;
    %load/vec4 v0x62c9f2f72cb0_0;
    %store/vec4 v0x62c9f2f73280_0, 0, 4;
    %store/vec4 v0x62c9f2f731a0_0, 0, 4;
    %store/vec4 v0x62c9f2f730a0_0, 0, 4;
    %callf/vec4 TD_tb_alu.cmt_arith_ci_bar, S_0x62c9f2f72ec0;
    %ret/vec4 0, 0, 256;  Assign to cmt (store_vec4_to_lval)
    %jmp T_2.8;
T_2.5 ;
    %load/vec4 v0x62c9f2f58300_0;
    %load/vec4 v0x62c9f2f72a70_0;
    %load/vec4 v0x62c9f2f72cb0_0;
    %store/vec4 v0x62c9f2f73830_0, 0, 4;
    %store/vec4 v0x62c9f2f73750_0, 0, 4;
    %store/vec4 v0x62c9f2f73650_0, 0, 4;
    %callf/vec4 TD_tb_alu.cmt_arith_xci_bar, S_0x62c9f2f73420;
    %ret/vec4 0, 0, 256;  Assign to cmt (store_vec4_to_lval)
    %jmp T_2.8;
T_2.6 ;
    %load/vec4 v0x62c9f2f58300_0;
    %load/vec4 v0x62c9f2f72a70_0;
    %load/vec4 v0x62c9f2f72cb0_0;
    %store/vec4 v0x62c9f2f73d90_0, 0, 4;
    %store/vec4 v0x62c9f2f73cb0_0, 0, 4;
    %store/vec4 v0x62c9f2f73bb0_0, 0, 4;
    %callf/vec4 TD_tb_alu.cmt_logic_ci_bar, S_0x62c9f2f739d0;
    %ret/vec4 0, 0, 256;  Assign to cmt (store_vec4_to_lval)
    %jmp T_2.8;
T_2.8 ;
    %pop/vec4 1;
    %end;
S_0x62c9f2f72ec0 .scope function.vec4.s256, "cmt_arith_ci_bar" "cmt_arith_ci_bar" 3 102, 3 102 0, S_0x62c9f2f562b0;
 .timescale -9 -11;
v0x62c9f2f730a0_0 .var "A", 3 0;
v0x62c9f2f731a0_0 .var "B", 3 0;
v0x62c9f2f73280_0 .var "S", 3 0;
; Variable cmt_arith_ci_bar is vec4 return value of scope S_0x62c9f2f72ec0
TD_tb_alu.cmt_arith_ci_bar ;
    %load/vec4 v0x62c9f2f73280_0;
    %dup/vec4;
    %pushi/vec4 0, 0, 4;
    %cmp/u;
    %jmp/1 T_3.9, 6;
    %dup/vec4;
    %pushi/vec4 1, 0, 4;
    %cmp/u;
    %jmp/1 T_3.10, 6;
    %dup/vec4;
    %pushi/vec4 2, 0, 4;
    %cmp/u;
    %jmp/1 T_3.11, 6;
    %dup/vec4;
    %pushi/vec4 3, 0, 4;
    %cmp/u;
    %jmp/1 T_3.12, 6;
    %dup/vec4;
    %pushi/vec4 4, 0, 4;
    %cmp/u;
    %jmp/1 T_3.13, 6;
    %dup/vec4;
    %pushi/vec4 5, 0, 4;
    %cmp/u;
    %jmp/1 T_3.14, 6;
    %dup/vec4;
    %pushi/vec4 6, 0, 4;
    %cmp/u;
    %jmp/1 T_3.15, 6;
    %dup/vec4;
    %pushi/vec4 7, 0, 4;
    %cmp/u;
    %jmp/1 T_3.16, 6;
    %dup/vec4;
    %pushi/vec4 8, 0, 4;
    %cmp/u;
    %jmp/1 T_3.17, 6;
    %dup/vec4;
    %pushi/vec4 9, 0, 4;
    %cmp/u;
    %jmp/1 T_3.18, 6;
    %dup/vec4;
    %pushi/vec4 10, 0, 4;
    %cmp/u;
    %jmp/1 T_3.19, 6;
    %dup/vec4;
    %pushi/vec4 11, 0, 4;
    %cmp/u;
    %jmp/1 T_3.20, 6;
    %dup/vec4;
    %pushi/vec4 12, 0, 4;
    %cmp/u;
    %jmp/1 T_3.21, 6;
    %dup/vec4;
    %pushi/vec4 13, 0, 4;
    %cmp/u;
    %jmp/1 T_3.22, 6;
    %dup/vec4;
    %pushi/vec4 14, 0, 4;
    %cmp/u;
    %jmp/1 T_3.23, 6;
    %dup/vec4;
    %pushi/vec4 15, 0, 4;
    %cmp/u;
    %jmp/1 T_3.24, 6;
    %jmp T_3.25;
T_3.9 ;
    %pushi/vec4 0, 0, 32; draw_string_vec4
    %pushi/vec4 0, 0, 32; draw_string_vec4
    %concat/vec4; draw_string_vec4
    %pushi/vec4 0, 0, 32; draw_string_vec4
    %concat/vec4; draw_string_vec4
    %pushi/vec4 0, 0, 32; draw_string_vec4
    %concat/vec4; draw_string_vec4
    %pushi/vec4 0, 0, 32; draw_string_vec4
    %concat/vec4; draw_string_vec4
    %pushi/vec4 0, 0, 32; draw_string_vec4
    %concat/vec4; draw_string_vec4
    %pushi/vec4 65, 0, 32; draw_string_vec4
    %concat/vec4; draw_string_vec4
    %pushi/vec4 539697201, 0, 32; draw_string_vec4
    %concat/vec4; draw_string_vec4
    %ret/vec4 0, 0, 256;  Assign to cmt_arith_ci_bar (store_vec4_to_lval)
    %jmp T_3.25;
T_3.10 ;
    %pushi/vec4 0, 0, 32; draw_string_vec4
    %pushi/vec4 0, 0, 32; draw_string_vec4
    %concat/vec4; draw_string_vec4
    %pushi/vec4 0, 0, 32; draw_string_vec4
    %concat/vec4; draw_string_vec4
    %pushi/vec4 0, 0, 32; draw_string_vec4
    %concat/vec4; draw_string_vec4
    %pushi/vec4 0, 0, 32; draw_string_vec4
    %concat/vec4; draw_string_vec4
    %pushi/vec4 40, 0, 32; draw_string_vec4
    %concat/vec4; draw_string_vec4
    %pushi/vec4 1098662441, 0, 32; draw_string_vec4
    %concat/vec4; draw_string_vec4
    %pushi/vec4 539697201, 0, 32; draw_string_vec4
    %concat/vec4; draw_string_vec4
    %ret/vec4 0, 0, 256;  Assign to cmt_arith_ci_bar (store_vec4_to_lval)
    %jmp T_3.25;
T_3.11 ;
    %pushi/vec4 0, 0, 32; draw_string_vec4
    %pushi/vec4 0, 0, 32; draw_string_vec4
    %concat/vec4; draw_string_vec4
    %pushi/vec4 0, 0, 32; draw_string_vec4
    %concat/vec4; draw_string_vec4
    %pushi/vec4 0, 0, 32; draw_string_vec4
    %concat/vec4; draw_string_vec4
    %pushi/vec4 0, 0, 32; draw_string_vec4
    %concat/vec4; draw_string_vec4
    %pushi/vec4 10305, 0, 32; draw_string_vec4
    %concat/vec4; draw_string_vec4
    %pushi/vec4 2082554409, 0, 32; draw_string_vec4
    %concat/vec4; draw_string_vec4
    %pushi/vec4 539697201, 0, 32; draw_string_vec4
    %concat/vec4; draw_string_vec4
    %ret/vec4 0, 0, 256;  Assign to cmt_arith_ci_bar (store_vec4_to_lval)
    %jmp T_3.25;
T_3.12 ;
    %pushi/vec4 0, 0, 32; draw_string_vec4
    %pushi/vec4 0, 0, 32; draw_string_vec4
    %concat/vec4; draw_string_vec4
    %pushi/vec4 0, 0, 32; draw_string_vec4
    %concat/vec4; draw_string_vec4
    %pushi/vec4 0, 0, 32; draw_string_vec4
    %concat/vec4; draw_string_vec4
    %pushi/vec4 0, 0, 32; draw_string_vec4
    %concat/vec4; draw_string_vec4
    %pushi/vec4 0, 0, 32; draw_string_vec4
    %concat/vec4; draw_string_vec4
    %pushi/vec4 0, 0, 32; draw_string_vec4
    %concat/vec4; draw_string_vec4
    %pushi/vec4 48, 0, 32; draw_string_vec4
    %concat/vec4; draw_string_vec4
    %ret/vec4 0, 0, 256;  Assign to cmt_arith_ci_bar (store_vec4_to_lval)
    %jmp T_3.25;
T_3.13 ;
    %pushi/vec4 0, 0, 32; draw_string_vec4
    %pushi/vec4 0, 0, 32; draw_string_vec4
    %concat/vec4; draw_string_vec4
    %pushi/vec4 0, 0, 32; draw_string_vec4
    %concat/vec4; draw_string_vec4
    %pushi/vec4 0, 0, 32; draw_string_vec4
    %concat/vec4; draw_string_vec4
    %pushi/vec4 16672, 0, 32; draw_string_vec4
    %concat/vec4; draw_string_vec4
    %pushi/vec4 723527745, 0, 32; draw_string_vec4
    %concat/vec4; draw_string_vec4
    %pushi/vec4 639713833, 0, 32; draw_string_vec4
    %concat/vec4; draw_string_vec4
    %pushi/vec4 539697201, 0, 32; draw_string_vec4
    %concat/vec4; draw_string_vec4
    %ret/vec4 0, 0, 256;  Assign to cmt_arith_ci_bar (store_vec4_to_lval)
    %jmp T_3.25;
T_3.14 ;
    %pushi/vec4 0, 0, 32; draw_string_vec4
    %pushi/vec4 0, 0, 32; draw_string_vec4
    %concat/vec4; draw_string_vec4
    %pushi/vec4 0, 0, 32; draw_string_vec4
    %concat/vec4; draw_string_vec4
    %pushi/vec4 10305, 0, 32; draw_string_vec4
    %concat/vec4; draw_string_vec4
    %pushi/vec4 2084710688, 0, 32; draw_string_vec4
    %concat/vec4; draw_string_vec4
    %pushi/vec4 723527745, 0, 32; draw_string_vec4
    %concat/vec4; draw_string_vec4
    %pushi/vec4 639713833, 0, 32; draw_string_vec4
    %concat/vec4; draw_string_vec4
    %pushi/vec4 539697201, 0, 32; draw_string_vec4
    %concat/vec4; draw_string_vec4
    %ret/vec4 0, 0, 256;  Assign to cmt_arith_ci_bar (store_vec4_to_lval)
    %jmp T_3.25;
T_3.15 ;
    %pushi/vec4 0, 0, 32; draw_string_vec4
    %pushi/vec4 0, 0, 32; draw_string_vec4
    %concat/vec4; draw_string_vec4
    %pushi/vec4 0, 0, 32; draw_string_vec4
    %concat/vec4; draw_string_vec4
    %pushi/vec4 0, 0, 32; draw_string_vec4
    %concat/vec4; draw_string_vec4
    %pushi/vec4 0, 0, 32; draw_string_vec4
    %concat/vec4; draw_string_vec4
    %pushi/vec4 0, 0, 32; draw_string_vec4
    %concat/vec4; draw_string_vec4
    %pushi/vec4 65, 0, 32; draw_string_vec4
    %concat/vec4; draw_string_vec4
    %pushi/vec4 539828290, 0, 32; draw_string_vec4
    %concat/vec4; draw_string_vec4
    %ret/vec4 0, 0, 256;  Assign to cmt_arith_ci_bar (store_vec4_to_lval)
    %jmp T_3.25;
T_3.16 ;
    %pushi/vec4 0, 0, 32; draw_string_vec4
    %pushi/vec4 0, 0, 32; draw_string_vec4
    %concat/vec4; draw_string_vec4
    %pushi/vec4 0, 0, 32; draw_string_vec4
    %concat/vec4; draw_string_vec4
    %pushi/vec4 0, 0, 32; draw_string_vec4
    %concat/vec4; draw_string_vec4
    %pushi/vec4 0, 0, 32; draw_string_vec4
    %concat/vec4; draw_string_vec4
    %pushi/vec4 0, 0, 32; draw_string_vec4
    %concat/vec4; draw_string_vec4
    %pushi/vec4 0, 0, 32; draw_string_vec4
    %concat/vec4; draw_string_vec4
    %pushi/vec4 1093017922, 0, 32; draw_string_vec4
    %concat/vec4; draw_string_vec4
    %ret/vec4 0, 0, 256;  Assign to cmt_arith_ci_bar (store_vec4_to_lval)
    %jmp T_3.25;
T_3.17 ;
    %pushi/vec4 0, 0, 32; draw_string_vec4
    %pushi/vec4 0, 0, 32; draw_string_vec4
    %concat/vec4; draw_string_vec4
    %pushi/vec4 0, 0, 32; draw_string_vec4
    %concat/vec4; draw_string_vec4
    %pushi/vec4 0, 0, 32; draw_string_vec4
    %concat/vec4; draw_string_vec4
    %pushi/vec4 65, 0, 32; draw_string_vec4
    %concat/vec4; draw_string_vec4
    %pushi/vec4 539697192, 0, 32; draw_string_vec4
    %concat/vec4; draw_string_vec4
    %pushi/vec4 1093026345, 0, 32; draw_string_vec4
    %concat/vec4; draw_string_vec4
    %pushi/vec4 539697201, 0, 32; draw_string_vec4
    %concat/vec4; draw_string_vec4
    %ret/vec4 0, 0, 256;  Assign to cmt_arith_ci_bar (store_vec4_to_lval)
    %jmp T_3.25;
T_3.18 ;
    %pushi/vec4 0, 0, 32; draw_string_vec4
    %pushi/vec4 0, 0, 32; draw_string_vec4
    %concat/vec4; draw_string_vec4
    %pushi/vec4 0, 0, 32; draw_string_vec4
    %concat/vec4; draw_string_vec4
    %pushi/vec4 0, 0, 32; draw_string_vec4
    %concat/vec4; draw_string_vec4
    %pushi/vec4 0, 0, 32; draw_string_vec4
    %concat/vec4; draw_string_vec4
    %pushi/vec4 65, 0, 32; draw_string_vec4
    %concat/vec4; draw_string_vec4
    %pushi/vec4 539697218, 0, 32; draw_string_vec4
    %concat/vec4; draw_string_vec4
    %pushi/vec4 539697201, 0, 32; draw_string_vec4
    %concat/vec4; draw_string_vec4
    %ret/vec4 0, 0, 256;  Assign to cmt_arith_ci_bar (store_vec4_to_lval)
    %jmp T_3.25;
T_3.19 ;
    %pushi/vec4 0, 0, 32; draw_string_vec4
    %pushi/vec4 0, 0, 32; draw_string_vec4
    %concat/vec4; draw_string_vec4
    %pushi/vec4 0, 0, 32; draw_string_vec4
    %concat/vec4; draw_string_vec4
    %pushi/vec4 10305, 0, 32; draw_string_vec4
    %concat/vec4; draw_string_vec4
    %pushi/vec4 2082554409, 0, 32; draw_string_vec4
    %concat/vec4; draw_string_vec4
    %pushi/vec4 539697192, 0, 32; draw_string_vec4
    %concat/vec4; draw_string_vec4
    %pushi/vec4 1093026345, 0, 32; draw_string_vec4
    %concat/vec4; draw_string_vec4
    %pushi/vec4 539697201, 0, 32; draw_string_vec4
    %concat/vec4; draw_string_vec4
    %ret/vec4 0, 0, 256;  Assign to cmt_arith_ci_bar (store_vec4_to_lval)
    %jmp T_3.25;
T_3.20 ;
    %pushi/vec4 0, 0, 32; draw_string_vec4
    %pushi/vec4 0, 0, 32; draw_string_vec4
    %concat/vec4; draw_string_vec4
    %pushi/vec4 0, 0, 32; draw_string_vec4
    %concat/vec4; draw_string_vec4
    %pushi/vec4 0, 0, 32; draw_string_vec4
    %concat/vec4; draw_string_vec4
    %pushi/vec4 0, 0, 32; draw_string_vec4
    %concat/vec4; draw_string_vec4
    %pushi/vec4 0, 0, 32; draw_string_vec4
    %concat/vec4; draw_string_vec4
    %pushi/vec4 0, 0, 32; draw_string_vec4
    %concat/vec4; draw_string_vec4
    %pushi/vec4 4269634, 0, 32; draw_string_vec4
    %concat/vec4; draw_string_vec4
    %ret/vec4 0, 0, 256;  Assign to cmt_arith_ci_bar (store_vec4_to_lval)
    %jmp T_3.25;
T_3.21 ;
    %pushi/vec4 0, 0, 32; draw_string_vec4
    %pushi/vec4 0, 0, 32; draw_string_vec4
    %concat/vec4; draw_string_vec4
    %pushi/vec4 0, 0, 32; draw_string_vec4
    %concat/vec4; draw_string_vec4
    %pushi/vec4 65, 0, 32; draw_string_vec4
    %concat/vec4; draw_string_vec4
    %pushi/vec4 539697217, 0, 32; draw_string_vec4
    %concat/vec4; draw_string_vec4
    %pushi/vec4 539697201, 0, 32; draw_string_vec4
    %concat/vec4; draw_string_vec4
    %pushi/vec4 539963251, 0, 32; draw_string_vec4
    %concat/vec4; draw_string_vec4
    %pushi/vec4 1751737972, 0, 32; draw_string_vec4
    %concat/vec4; draw_string_vec4
    %ret/vec4 0, 0, 256;  Assign to cmt_arith_ci_bar (store_vec4_to_lval)
    %jmp T_3.25;
T_3.22 ;
    %pushi/vec4 0, 0, 32; draw_string_vec4
    %pushi/vec4 0, 0, 32; draw_string_vec4
    %concat/vec4; draw_string_vec4
    %pushi/vec4 0, 0, 32; draw_string_vec4
    %concat/vec4; draw_string_vec4
    %pushi/vec4 0, 0, 32; draw_string_vec4
    %concat/vec4; draw_string_vec4
    %pushi/vec4 40, 0, 32; draw_string_vec4
    %concat/vec4; draw_string_vec4
    %pushi/vec4 1098662441, 0, 32; draw_string_vec4
    %concat/vec4; draw_string_vec4
    %pushi/vec4 539697217, 0, 32; draw_string_vec4
    %concat/vec4; draw_string_vec4
    %pushi/vec4 539697201, 0, 32; draw_string_vec4
    %concat/vec4; draw_string_vec4
    %ret/vec4 0, 0, 256;  Assign to cmt_arith_ci_bar (store_vec4_to_lval)
    %jmp T_3.25;
T_3.23 ;
    %pushi/vec4 0, 0, 32; draw_string_vec4
    %pushi/vec4 0, 0, 32; draw_string_vec4
    %concat/vec4; draw_string_vec4
    %pushi/vec4 0, 0, 32; draw_string_vec4
    %concat/vec4; draw_string_vec4
    %pushi/vec4 0, 0, 32; draw_string_vec4
    %concat/vec4; draw_string_vec4
    %pushi/vec4 10305, 0, 32; draw_string_vec4
    %concat/vec4; draw_string_vec4
    %pushi/vec4 2082554409, 0, 32; draw_string_vec4
    %concat/vec4; draw_string_vec4
    %pushi/vec4 539697217, 0, 32; draw_string_vec4
    %concat/vec4; draw_string_vec4
    %pushi/vec4 539697201, 0, 32; draw_string_vec4
    %concat/vec4; draw_string_vec4
    %ret/vec4 0, 0, 256;  Assign to cmt_arith_ci_bar (store_vec4_to_lval)
    %jmp T_3.25;
T_3.24 ;
    %pushi/vec4 0, 0, 32; draw_string_vec4
    %pushi/vec4 0, 0, 32; draw_string_vec4
    %concat/vec4; draw_string_vec4
    %pushi/vec4 0, 0, 32; draw_string_vec4
    %concat/vec4; draw_string_vec4
    %pushi/vec4 0, 0, 32; draw_string_vec4
    %concat/vec4; draw_string_vec4
    %pushi/vec4 0, 0, 32; draw_string_vec4
    %concat/vec4; draw_string_vec4
    %pushi/vec4 0, 0, 32; draw_string_vec4
    %concat/vec4; draw_string_vec4
    %pushi/vec4 0, 0, 32; draw_string_vec4
    %concat/vec4; draw_string_vec4
    %pushi/vec4 65, 0, 32; draw_string_vec4
    %concat/vec4; draw_string_vec4
    %ret/vec4 0, 0, 256;  Assign to cmt_arith_ci_bar (store_vec4_to_lval)
    %jmp T_3.25;
T_3.25 ;
    %pop/vec4 1;
    %end;
S_0x62c9f2f73420 .scope function.vec4.u256, "cmt_arith_xci_bar" "cmt_arith_xci_bar" 3 132, 3 132 0, S_0x62c9f2f562b0;
 .timescale -9 -11;
v0x62c9f2f73650_0 .var "A", 3 0;
v0x62c9f2f73750_0 .var "B", 3 0;
v0x62c9f2f73830_0 .var "S", 3 0;
; Variable cmt_arith_xci_bar is vec4 return value of scope S_0x62c9f2f73420
TD_tb_alu.cmt_arith_xci_bar ;
    %load/vec4 v0x62c9f2f73830_0;
    %dup/vec4;
    %pushi/vec4 0, 0, 4;
    %cmp/u;
    %jmp/1 T_4.26, 6;
    %dup/vec4;
    %pushi/vec4 1, 0, 4;
    %cmp/u;
    %jmp/1 T_4.27, 6;
    %dup/vec4;
    %pushi/vec4 2, 0, 4;
    %cmp/u;
    %jmp/1 T_4.28, 6;
    %dup/vec4;
    %pushi/vec4 3, 0, 4;
    %cmp/u;
    %jmp/1 T_4.29, 6;
    %dup/vec4;
    %pushi/vec4 4, 0, 4;
    %cmp/u;
    %jmp/1 T_4.30, 6;
    %dup/vec4;
    %pushi/vec4 5, 0, 4;
    %cmp/u;
    %jmp/1 T_4.31, 6;
    %dup/vec4;
    %pushi/vec4 6, 0, 4;
    %cmp/u;
    %jmp/1 T_4.32, 6;
    %dup/vec4;
    %pushi/vec4 7, 0, 4;
    %cmp/u;
    %jmp/1 T_4.33, 6;
    %dup/vec4;
    %pushi/vec4 8, 0, 4;
    %cmp/u;
    %jmp/1 T_4.34, 6;
    %dup/vec4;
    %pushi/vec4 9, 0, 4;
    %cmp/u;
    %jmp/1 T_4.35, 6;
    %dup/vec4;
    %pushi/vec4 10, 0, 4;
    %cmp/u;
    %jmp/1 T_4.36, 6;
    %dup/vec4;
    %pushi/vec4 11, 0, 4;
    %cmp/u;
    %jmp/1 T_4.37, 6;
    %dup/vec4;
    %pushi/vec4 12, 0, 4;
    %cmp/u;
    %jmp/1 T_4.38, 6;
    %dup/vec4;
    %pushi/vec4 13, 0, 4;
    %cmp/u;
    %jmp/1 T_4.39, 6;
    %dup/vec4;
    %pushi/vec4 14, 0, 4;
    %cmp/u;
    %jmp/1 T_4.40, 6;
    %dup/vec4;
    %pushi/vec4 15, 0, 4;
    %cmp/u;
    %jmp/1 T_4.41, 6;
    %jmp T_4.42;
T_4.26 ;
    %pushi/vec4 0, 0, 32; draw_string_vec4
    %pushi/vec4 0, 0, 32; draw_string_vec4
    %concat/vec4; draw_string_vec4
    %pushi/vec4 0, 0, 32; draw_string_vec4
    %concat/vec4; draw_string_vec4
    %pushi/vec4 0, 0, 32; draw_string_vec4
    %concat/vec4; draw_string_vec4
    %pushi/vec4 0, 0, 32; draw_string_vec4
    %concat/vec4; draw_string_vec4
    %pushi/vec4 0, 0, 32; draw_string_vec4
    %concat/vec4; draw_string_vec4
    %pushi/vec4 0, 0, 32; draw_string_vec4
    %concat/vec4; draw_string_vec4
    %pushi/vec4 65, 0, 32; draw_string_vec4
    %concat/vec4; draw_string_vec4
    %ret/vec4 0, 0, 256;  Assign to cmt_arith_xci_bar (store_vec4_to_lval)
    %jmp T_4.42;
T_4.27 ;
    %pushi/vec4 0, 0, 32; draw_string_vec4
    %pushi/vec4 0, 0, 32; draw_string_vec4
    %concat/vec4; draw_string_vec4
    %pushi/vec4 0, 0, 32; draw_string_vec4
    %concat/vec4; draw_string_vec4
    %pushi/vec4 0, 0, 32; draw_string_vec4
    %concat/vec4; draw_string_vec4
    %pushi/vec4 0, 0, 32; draw_string_vec4
    %concat/vec4; draw_string_vec4
    %pushi/vec4 0, 0, 32; draw_string_vec4
    %concat/vec4; draw_string_vec4
    %pushi/vec4 0, 0, 32; draw_string_vec4
    %concat/vec4; draw_string_vec4
    %pushi/vec4 4291650, 0, 32; draw_string_vec4
    %concat/vec4; draw_string_vec4
    %ret/vec4 0, 0, 256;  Assign to cmt_arith_xci_bar (store_vec4_to_lval)
    %jmp T_4.42;
T_4.28 ;
    %pushi/vec4 0, 0, 32; draw_string_vec4
    %pushi/vec4 0, 0, 32; draw_string_vec4
    %concat/vec4; draw_string_vec4
    %pushi/vec4 0, 0, 32; draw_string_vec4
    %concat/vec4; draw_string_vec4
    %pushi/vec4 0, 0, 32; draw_string_vec4
    %concat/vec4; draw_string_vec4
    %pushi/vec4 0, 0, 32; draw_string_vec4
    %concat/vec4; draw_string_vec4
    %pushi/vec4 0, 0, 32; draw_string_vec4
    %concat/vec4; draw_string_vec4
    %pushi/vec4 0, 0, 32; draw_string_vec4
    %concat/vec4; draw_string_vec4
    %pushi/vec4 1098654018, 0, 32; draw_string_vec4
    %concat/vec4; draw_string_vec4
    %ret/vec4 0, 0, 256;  Assign to cmt_arith_xci_bar (store_vec4_to_lval)
    %jmp T_4.42;
T_4.29 ;
    %pushi/vec4 0, 0, 32; draw_string_vec4
    %pushi/vec4 0, 0, 32; draw_string_vec4
    %concat/vec4; draw_string_vec4
    %pushi/vec4 0, 0, 32; draw_string_vec4
    %concat/vec4; draw_string_vec4
    %pushi/vec4 0, 0, 32; draw_string_vec4
    %concat/vec4; draw_string_vec4
    %pushi/vec4 0, 0, 32; draw_string_vec4
    %concat/vec4; draw_string_vec4
    %pushi/vec4 758194223, 0, 32; draw_string_vec4
    %concat/vec4; draw_string_vec4
    %pushi/vec4 791816051, 0, 32; draw_string_vec4
    %concat/vec4; draw_string_vec4
    %pushi/vec4 1131375984, 0, 32; draw_string_vec4
    %concat/vec4; draw_string_vec4
    %ret/vec4 0, 0, 256;  Assign to cmt_arith_xci_bar (store_vec4_to_lval)
    %jmp T_4.42;
T_4.30 ;
    %pushi/vec4 0, 0, 32; draw_string_vec4
    %pushi/vec4 0, 0, 32; draw_string_vec4
    %concat/vec4; draw_string_vec4
    %pushi/vec4 0, 0, 32; draw_string_vec4
    %concat/vec4; draw_string_vec4
    %pushi/vec4 0, 0, 32; draw_string_vec4
    %concat/vec4; draw_string_vec4
    %pushi/vec4 0, 0, 32; draw_string_vec4
    %concat/vec4; draw_string_vec4
    %pushi/vec4 16672, 0, 32; draw_string_vec4
    %concat/vec4; draw_string_vec4
    %pushi/vec4 723527745, 0, 32; draw_string_vec4
    %concat/vec4; draw_string_vec4
    %pushi/vec4 639713833, 0, 32; draw_string_vec4
    %concat/vec4; draw_string_vec4
    %ret/vec4 0, 0, 256;  Assign to cmt_arith_xci_bar (store_vec4_to_lval)
    %jmp T_4.42;
T_4.31 ;
    %pushi/vec4 0, 0, 32; draw_string_vec4
    %pushi/vec4 0, 0, 32; draw_string_vec4
    %concat/vec4; draw_string_vec4
    %pushi/vec4 0, 0, 32; draw_string_vec4
    %concat/vec4; draw_string_vec4
    %pushi/vec4 0, 0, 32; draw_string_vec4
    %concat/vec4; draw_string_vec4
    %pushi/vec4 10305, 0, 32; draw_string_vec4
    %concat/vec4; draw_string_vec4
    %pushi/vec4 2084710688, 0, 32; draw_string_vec4
    %concat/vec4; draw_string_vec4
    %pushi/vec4 723527745, 0, 32; draw_string_vec4
    %concat/vec4; draw_string_vec4
    %pushi/vec4 639713833, 0, 32; draw_string_vec4
    %concat/vec4; draw_string_vec4
    %ret/vec4 0, 0, 256;  Assign to cmt_arith_xci_bar (store_vec4_to_lval)
    %jmp T_4.42;
T_4.32 ;
    %pushi/vec4 0, 0, 32; draw_string_vec4
    %pushi/vec4 0, 0, 32; draw_string_vec4
    %concat/vec4; draw_string_vec4
    %pushi/vec4 0, 0, 32; draw_string_vec4
    %concat/vec4; draw_string_vec4
    %pushi/vec4 0, 0, 32; draw_string_vec4
    %concat/vec4; draw_string_vec4
    %pushi/vec4 0, 0, 32; draw_string_vec4
    %concat/vec4; draw_string_vec4
    %pushi/vec4 65, 0, 32; draw_string_vec4
    %concat/vec4; draw_string_vec4
    %pushi/vec4 539828290, 0, 32; draw_string_vec4
    %concat/vec4; draw_string_vec4
    %pushi/vec4 539828273, 0, 32; draw_string_vec4
    %concat/vec4; draw_string_vec4
    %ret/vec4 0, 0, 256;  Assign to cmt_arith_xci_bar (store_vec4_to_lval)
    %jmp T_4.42;
T_4.33 ;
    %pushi/vec4 0, 0, 32; draw_string_vec4
    %pushi/vec4 0, 0, 32; draw_string_vec4
    %concat/vec4; draw_string_vec4
    %pushi/vec4 0, 0, 32; draw_string_vec4
    %concat/vec4; draw_string_vec4
    %pushi/vec4 0, 0, 32; draw_string_vec4
    %concat/vec4; draw_string_vec4
    %pushi/vec4 0, 0, 32; draw_string_vec4
    %concat/vec4; draw_string_vec4
    %pushi/vec4 10305, 0, 32; draw_string_vec4
    %concat/vec4; draw_string_vec4
    %pushi/vec4 639713833, 0, 32; draw_string_vec4
    %concat/vec4; draw_string_vec4
    %pushi/vec4 539828273, 0, 32; draw_string_vec4
    %concat/vec4; draw_string_vec4
    %ret/vec4 0, 0, 256;  Assign to cmt_arith_xci_bar (store_vec4_to_lval)
    %jmp T_4.42;
T_4.34 ;
    %pushi/vec4 0, 0, 32; draw_string_vec4
    %pushi/vec4 0, 0, 32; draw_string_vec4
    %concat/vec4; draw_string_vec4
    %pushi/vec4 0, 0, 32; draw_string_vec4
    %concat/vec4; draw_string_vec4
    %pushi/vec4 0, 0, 32; draw_string_vec4
    %concat/vec4; draw_string_vec4
    %pushi/vec4 0, 0, 32; draw_string_vec4
    %concat/vec4; draw_string_vec4
    %pushi/vec4 65, 0, 32; draw_string_vec4
    %concat/vec4; draw_string_vec4
    %pushi/vec4 539697192, 0, 32; draw_string_vec4
    %concat/vec4; draw_string_vec4
    %pushi/vec4 1093026345, 0, 32; draw_string_vec4
    %concat/vec4; draw_string_vec4
    %ret/vec4 0, 0, 256;  Assign to cmt_arith_xci_bar (store_vec4_to_lval)
    %jmp T_4.42;
T_4.35 ;
    %pushi/vec4 0, 0, 32; draw_string_vec4
    %pushi/vec4 0, 0, 32; draw_string_vec4
    %concat/vec4; draw_string_vec4
    %pushi/vec4 0, 0, 32; draw_string_vec4
    %concat/vec4; draw_string_vec4
    %pushi/vec4 0, 0, 32; draw_string_vec4
    %concat/vec4; draw_string_vec4
    %pushi/vec4 0, 0, 32; draw_string_vec4
    %concat/vec4; draw_string_vec4
    %pushi/vec4 0, 0, 32; draw_string_vec4
    %concat/vec4; draw_string_vec4
    %pushi/vec4 65, 0, 32; draw_string_vec4
    %concat/vec4; draw_string_vec4
    %pushi/vec4 539697218, 0, 32; draw_string_vec4
    %concat/vec4; draw_string_vec4
    %ret/vec4 0, 0, 256;  Assign to cmt_arith_xci_bar (store_vec4_to_lval)
    %jmp T_4.42;
T_4.36 ;
    %pushi/vec4 0, 0, 32; draw_string_vec4
    %pushi/vec4 0, 0, 32; draw_string_vec4
    %concat/vec4; draw_string_vec4
    %pushi/vec4 0, 0, 32; draw_string_vec4
    %concat/vec4; draw_string_vec4
    %pushi/vec4 0, 0, 32; draw_string_vec4
    %concat/vec4; draw_string_vec4
    %pushi/vec4 10305, 0, 32; draw_string_vec4
    %concat/vec4; draw_string_vec4
    %pushi/vec4 2082554409, 0, 32; draw_string_vec4
    %concat/vec4; draw_string_vec4
    %pushi/vec4 539697192, 0, 32; draw_string_vec4
    %concat/vec4; draw_string_vec4
    %pushi/vec4 1093026345, 0, 32; draw_string_vec4
    %concat/vec4; draw_string_vec4
    %ret/vec4 0, 0, 256;  Assign to cmt_arith_xci_bar (store_vec4_to_lval)
    %jmp T_4.42;
T_4.37 ;
    %pushi/vec4 0, 0, 32; draw_string_vec4
    %pushi/vec4 0, 0, 32; draw_string_vec4
    %concat/vec4; draw_string_vec4
    %pushi/vec4 0, 0, 32; draw_string_vec4
    %concat/vec4; draw_string_vec4
    %pushi/vec4 0, 0, 32; draw_string_vec4
    %concat/vec4; draw_string_vec4
    %pushi/vec4 0, 0, 32; draw_string_vec4
    %concat/vec4; draw_string_vec4
    %pushi/vec4 40, 0, 32; draw_string_vec4
    %concat/vec4; draw_string_vec4
    %pushi/vec4 1093026345, 0, 32; draw_string_vec4
    %concat/vec4; draw_string_vec4
    %pushi/vec4 539828273, 0, 32; draw_string_vec4
    %concat/vec4; draw_string_vec4
    %ret/vec4 0, 0, 256;  Assign to cmt_arith_xci_bar (store_vec4_to_lval)
    %jmp T_4.42;
T_4.38 ;
    %pushi/vec4 0, 0, 32; draw_string_vec4
    %pushi/vec4 0, 0, 32; draw_string_vec4
    %concat/vec4; draw_string_vec4
    %pushi/vec4 0, 0, 32; draw_string_vec4
    %concat/vec4; draw_string_vec4
    %pushi/vec4 0, 0, 32; draw_string_vec4
    %concat/vec4; draw_string_vec4
    %pushi/vec4 65, 0, 32; draw_string_vec4
    %concat/vec4; draw_string_vec4
    %pushi/vec4 539697217, 0, 32; draw_string_vec4
    %concat/vec4; draw_string_vec4
    %pushi/vec4 539963251, 0, 32; draw_string_vec4
    %concat/vec4; draw_string_vec4
    %pushi/vec4 1751737972, 0, 32; draw_string_vec4
    %concat/vec4; draw_string_vec4
    %ret/vec4 0, 0, 256;  Assign to cmt_arith_xci_bar (store_vec4_to_lval)
    %jmp T_4.42;
T_4.39 ;
    %pushi/vec4 0, 0, 32; draw_string_vec4
    %pushi/vec4 0, 0, 32; draw_string_vec4
    %concat/vec4; draw_string_vec4
    %pushi/vec4 0, 0, 32; draw_string_vec4
    %concat/vec4; draw_string_vec4
    %pushi/vec4 0, 0, 32; draw_string_vec4
    %concat/vec4; draw_string_vec4
    %pushi/vec4 0, 0, 32; draw_string_vec4
    %concat/vec4; draw_string_vec4
    %pushi/vec4 40, 0, 32; draw_string_vec4
    %concat/vec4; draw_string_vec4
    %pushi/vec4 1098662441, 0, 32; draw_string_vec4
    %concat/vec4; draw_string_vec4
    %pushi/vec4 539697217, 0, 32; draw_string_vec4
    %concat/vec4; draw_string_vec4
    %ret/vec4 0, 0, 256;  Assign to cmt_arith_xci_bar (store_vec4_to_lval)
    %jmp T_4.42;
T_4.40 ;
    %pushi/vec4 0, 0, 32; draw_string_vec4
    %pushi/vec4 0, 0, 32; draw_string_vec4
    %concat/vec4; draw_string_vec4
    %pushi/vec4 0, 0, 32; draw_string_vec4
    %concat/vec4; draw_string_vec4
    %pushi/vec4 0, 0, 32; draw_string_vec4
    %concat/vec4; draw_string_vec4
    %pushi/vec4 0, 0, 32; draw_string_vec4
    %concat/vec4; draw_string_vec4
    %pushi/vec4 10305, 0, 32; draw_string_vec4
    %concat/vec4; draw_string_vec4
    %pushi/vec4 2082554409, 0, 32; draw_string_vec4
    %concat/vec4; draw_string_vec4
    %pushi/vec4 539697217, 0, 32; draw_string_vec4
    %concat/vec4; draw_string_vec4
    %ret/vec4 0, 0, 256;  Assign to cmt_arith_xci_bar (store_vec4_to_lval)
    %jmp T_4.42;
T_4.41 ;
    %pushi/vec4 0, 0, 32; draw_string_vec4
    %pushi/vec4 0, 0, 32; draw_string_vec4
    %concat/vec4; draw_string_vec4
    %pushi/vec4 0, 0, 32; draw_string_vec4
    %concat/vec4; draw_string_vec4
    %pushi/vec4 0, 0, 32; draw_string_vec4
    %concat/vec4; draw_string_vec4
    %pushi/vec4 0, 0, 32; draw_string_vec4
    %concat/vec4; draw_string_vec4
    %pushi/vec4 0, 0, 32; draw_string_vec4
    %concat/vec4; draw_string_vec4
    %pushi/vec4 65, 0, 32; draw_string_vec4
    %concat/vec4; draw_string_vec4
    %pushi/vec4 539828273, 0, 32; draw_string_vec4
    %concat/vec4; draw_string_vec4
    %ret/vec4 0, 0, 256;  Assign to cmt_arith_xci_bar (store_vec4_to_lval)
    %jmp T_4.42;
T_4.42 ;
    %pop/vec4 1;
    %end;
S_0x62c9f2f739d0 .scope function.vec4.s256, "cmt_logic_ci_bar" "cmt_logic_ci_bar" 3 162, 3 162 0, S_0x62c9f2f562b0;
 .timescale -9 -11;
v0x62c9f2f73bb0_0 .var "A", 3 0;
v0x62c9f2f73cb0_0 .var "B", 3 0;
v0x62c9f2f73d90_0 .var "S", 3 0;
; Variable cmt_logic_ci_bar is vec4 return value of scope S_0x62c9f2f739d0
TD_tb_alu.cmt_logic_ci_bar ;
    %load/vec4 v0x62c9f2f73d90_0;
    %dup/vec4;
    %pushi/vec4 0, 0, 4;
    %cmp/u;
    %jmp/1 T_5.43, 6;
    %dup/vec4;
    %pushi/vec4 1, 0, 4;
    %cmp/u;
    %jmp/1 T_5.44, 6;
    %dup/vec4;
    %pushi/vec4 2, 0, 4;
    %cmp/u;
    %jmp/1 T_5.45, 6;
    %dup/vec4;
    %pushi/vec4 3, 0, 4;
    %cmp/u;
    %jmp/1 T_5.46, 6;
    %dup/vec4;
    %pushi/vec4 4, 0, 4;
    %cmp/u;
    %jmp/1 T_5.47, 6;
    %dup/vec4;
    %pushi/vec4 5, 0, 4;
    %cmp/u;
    %jmp/1 T_5.48, 6;
    %dup/vec4;
    %pushi/vec4 6, 0, 4;
    %cmp/u;
    %jmp/1 T_5.49, 6;
    %dup/vec4;
    %pushi/vec4 7, 0, 4;
    %cmp/u;
    %jmp/1 T_5.50, 6;
    %dup/vec4;
    %pushi/vec4 8, 0, 4;
    %cmp/u;
    %jmp/1 T_5.51, 6;
    %dup/vec4;
    %pushi/vec4 9, 0, 4;
    %cmp/u;
    %jmp/1 T_5.52, 6;
    %dup/vec4;
    %pushi/vec4 10, 0, 4;
    %cmp/u;
    %jmp/1 T_5.53, 6;
    %dup/vec4;
    %pushi/vec4 11, 0, 4;
    %cmp/u;
    %jmp/1 T_5.54, 6;
    %dup/vec4;
    %pushi/vec4 12, 0, 4;
    %cmp/u;
    %jmp/1 T_5.55, 6;
    %dup/vec4;
    %pushi/vec4 13, 0, 4;
    %cmp/u;
    %jmp/1 T_5.56, 6;
    %dup/vec4;
    %pushi/vec4 14, 0, 4;
    %cmp/u;
    %jmp/1 T_5.57, 6;
    %dup/vec4;
    %pushi/vec4 15, 0, 4;
    %cmp/u;
    %jmp/1 T_5.58, 6;
    %jmp T_5.59;
T_5.43 ;
    %pushi/vec4 0, 0, 32; draw_string_vec4
    %pushi/vec4 0, 0, 32; draw_string_vec4
    %concat/vec4; draw_string_vec4
    %pushi/vec4 0, 0, 32; draw_string_vec4
    %concat/vec4; draw_string_vec4
    %pushi/vec4 0, 0, 32; draw_string_vec4
    %concat/vec4; draw_string_vec4
    %pushi/vec4 0, 0, 32; draw_string_vec4
    %concat/vec4; draw_string_vec4
    %pushi/vec4 0, 0, 32; draw_string_vec4
    %concat/vec4; draw_string_vec4
    %pushi/vec4 0, 0, 32; draw_string_vec4
    %concat/vec4; draw_string_vec4
    %pushi/vec4 8513, 0, 32; draw_string_vec4
    %concat/vec4; draw_string_vec4
    %ret/vec4 0, 0, 256;  Assign to cmt_logic_ci_bar (store_vec4_to_lval)
    %jmp T_5.59;
T_5.44 ;
    %pushi/vec4 0, 0, 32; draw_string_vec4
    %pushi/vec4 0, 0, 32; draw_string_vec4
    %concat/vec4; draw_string_vec4
    %pushi/vec4 0, 0, 32; draw_string_vec4
    %concat/vec4; draw_string_vec4
    %pushi/vec4 0, 0, 32; draw_string_vec4
    %concat/vec4; draw_string_vec4
    %pushi/vec4 0, 0, 32; draw_string_vec4
    %concat/vec4; draw_string_vec4
    %pushi/vec4 0, 0, 32; draw_string_vec4
    %concat/vec4; draw_string_vec4
    %pushi/vec4 8488, 0, 32; draw_string_vec4
    %concat/vec4; draw_string_vec4
    %pushi/vec4 1098662441, 0, 32; draw_string_vec4
    %concat/vec4; draw_string_vec4
    %ret/vec4 0, 0, 256;  Assign to cmt_logic_ci_bar (store_vec4_to_lval)
    %jmp T_5.59;
T_5.45 ;
    %pushi/vec4 0, 0, 32; draw_string_vec4
    %pushi/vec4 0, 0, 32; draw_string_vec4
    %concat/vec4; draw_string_vec4
    %pushi/vec4 0, 0, 32; draw_string_vec4
    %concat/vec4; draw_string_vec4
    %pushi/vec4 0, 0, 32; draw_string_vec4
    %concat/vec4; draw_string_vec4
    %pushi/vec4 0, 0, 32; draw_string_vec4
    %concat/vec4; draw_string_vec4
    %pushi/vec4 0, 0, 32; draw_string_vec4
    %concat/vec4; draw_string_vec4
    %pushi/vec4 0, 0, 32; draw_string_vec4
    %concat/vec4; draw_string_vec4
    %pushi/vec4 557917762, 0, 32; draw_string_vec4
    %concat/vec4; draw_string_vec4
    %ret/vec4 0, 0, 256;  Assign to cmt_logic_ci_bar (store_vec4_to_lval)
    %jmp T_5.59;
T_5.46 ;
    %pushi/vec4 0, 0, 32; draw_string_vec4
    %pushi/vec4 0, 0, 32; draw_string_vec4
    %concat/vec4; draw_string_vec4
    %pushi/vec4 0, 0, 32; draw_string_vec4
    %concat/vec4; draw_string_vec4
    %pushi/vec4 0, 0, 32; draw_string_vec4
    %concat/vec4; draw_string_vec4
    %pushi/vec4 0, 0, 32; draw_string_vec4
    %concat/vec4; draw_string_vec4
    %pushi/vec4 0, 0, 32; draw_string_vec4
    %concat/vec4; draw_string_vec4
    %pushi/vec4 0, 0, 32; draw_string_vec4
    %concat/vec4; draw_string_vec4
    %pushi/vec4 48, 0, 32; draw_string_vec4
    %concat/vec4; draw_string_vec4
    %ret/vec4 0, 0, 256;  Assign to cmt_logic_ci_bar (store_vec4_to_lval)
    %jmp T_5.59;
T_5.47 ;
    %pushi/vec4 0, 0, 32; draw_string_vec4
    %pushi/vec4 0, 0, 32; draw_string_vec4
    %concat/vec4; draw_string_vec4
    %pushi/vec4 0, 0, 32; draw_string_vec4
    %concat/vec4; draw_string_vec4
    %pushi/vec4 0, 0, 32; draw_string_vec4
    %concat/vec4; draw_string_vec4
    %pushi/vec4 0, 0, 32; draw_string_vec4
    %concat/vec4; draw_string_vec4
    %pushi/vec4 0, 0, 32; draw_string_vec4
    %concat/vec4; draw_string_vec4
    %pushi/vec4 8488, 0, 32; draw_string_vec4
    %concat/vec4; draw_string_vec4
    %pushi/vec4 1093026345, 0, 32; draw_string_vec4
    %concat/vec4; draw_string_vec4
    %ret/vec4 0, 0, 256;  Assign to cmt_logic_ci_bar (store_vec4_to_lval)
    %jmp T_5.59;
T_5.48 ;
    %pushi/vec4 0, 0, 32; draw_string_vec4
    %pushi/vec4 0, 0, 32; draw_string_vec4
    %concat/vec4; draw_string_vec4
    %pushi/vec4 0, 0, 32; draw_string_vec4
    %concat/vec4; draw_string_vec4
    %pushi/vec4 0, 0, 32; draw_string_vec4
    %concat/vec4; draw_string_vec4
    %pushi/vec4 0, 0, 32; draw_string_vec4
    %concat/vec4; draw_string_vec4
    %pushi/vec4 0, 0, 32; draw_string_vec4
    %concat/vec4; draw_string_vec4
    %pushi/vec4 0, 0, 32; draw_string_vec4
    %concat/vec4; draw_string_vec4
    %pushi/vec4 8514, 0, 32; draw_string_vec4
    %concat/vec4; draw_string_vec4
    %ret/vec4 0, 0, 256;  Assign to cmt_logic_ci_bar (store_vec4_to_lval)
    %jmp T_5.59;
T_5.49 ;
    %pushi/vec4 0, 0, 32; draw_string_vec4
    %pushi/vec4 0, 0, 32; draw_string_vec4
    %concat/vec4; draw_string_vec4
    %pushi/vec4 0, 0, 32; draw_string_vec4
    %concat/vec4; draw_string_vec4
    %pushi/vec4 0, 0, 32; draw_string_vec4
    %concat/vec4; draw_string_vec4
    %pushi/vec4 0, 0, 32; draw_string_vec4
    %concat/vec4; draw_string_vec4
    %pushi/vec4 0, 0, 32; draw_string_vec4
    %concat/vec4; draw_string_vec4
    %pushi/vec4 0, 0, 32; draw_string_vec4
    %concat/vec4; draw_string_vec4
    %pushi/vec4 4283970, 0, 32; draw_string_vec4
    %concat/vec4; draw_string_vec4
    %ret/vec4 0, 0, 256;  Assign to cmt_logic_ci_bar (store_vec4_to_lval)
    %jmp T_5.59;
T_5.50 ;
    %pushi/vec4 0, 0, 32; draw_string_vec4
    %pushi/vec4 0, 0, 32; draw_string_vec4
    %concat/vec4; draw_string_vec4
    %pushi/vec4 0, 0, 32; draw_string_vec4
    %concat/vec4; draw_string_vec4
    %pushi/vec4 0, 0, 32; draw_string_vec4
    %concat/vec4; draw_string_vec4
    %pushi/vec4 0, 0, 32; draw_string_vec4
    %concat/vec4; draw_string_vec4
    %pushi/vec4 0, 0, 32; draw_string_vec4
    %concat/vec4; draw_string_vec4
    %pushi/vec4 0, 0, 32; draw_string_vec4
    %concat/vec4; draw_string_vec4
    %pushi/vec4 1093017922, 0, 32; draw_string_vec4
    %concat/vec4; draw_string_vec4
    %ret/vec4 0, 0, 256;  Assign to cmt_logic_ci_bar (store_vec4_to_lval)
    %jmp T_5.59;
T_5.51 ;
    %pushi/vec4 0, 0, 32; draw_string_vec4
    %pushi/vec4 0, 0, 32; draw_string_vec4
    %concat/vec4; draw_string_vec4
    %pushi/vec4 0, 0, 32; draw_string_vec4
    %concat/vec4; draw_string_vec4
    %pushi/vec4 0, 0, 32; draw_string_vec4
    %concat/vec4; draw_string_vec4
    %pushi/vec4 0, 0, 32; draw_string_vec4
    %concat/vec4; draw_string_vec4
    %pushi/vec4 0, 0, 32; draw_string_vec4
    %concat/vec4; draw_string_vec4
    %pushi/vec4 0, 0, 32; draw_string_vec4
    %concat/vec4; draw_string_vec4
    %pushi/vec4 557939778, 0, 32; draw_string_vec4
    %concat/vec4; draw_string_vec4
    %ret/vec4 0, 0, 256;  Assign to cmt_logic_ci_bar (store_vec4_to_lval)
    %jmp T_5.59;
T_5.52 ;
    %pushi/vec4 0, 0, 32; draw_string_vec4
    %pushi/vec4 0, 0, 32; draw_string_vec4
    %concat/vec4; draw_string_vec4
    %pushi/vec4 0, 0, 32; draw_string_vec4
    %concat/vec4; draw_string_vec4
    %pushi/vec4 0, 0, 32; draw_string_vec4
    %concat/vec4; draw_string_vec4
    %pushi/vec4 0, 0, 32; draw_string_vec4
    %concat/vec4; draw_string_vec4
    %pushi/vec4 0, 0, 32; draw_string_vec4
    %concat/vec4; draw_string_vec4
    %pushi/vec4 8488, 0, 32; draw_string_vec4
    %concat/vec4; draw_string_vec4
    %pushi/vec4 1096696361, 0, 32; draw_string_vec4
    %concat/vec4; draw_string_vec4
    %ret/vec4 0, 0, 256;  Assign to cmt_logic_ci_bar (store_vec4_to_lval)
    %jmp T_5.59;
T_5.53 ;
    %pushi/vec4 0, 0, 32; draw_string_vec4
    %pushi/vec4 0, 0, 32; draw_string_vec4
    %concat/vec4; draw_string_vec4
    %pushi/vec4 0, 0, 32; draw_string_vec4
    %concat/vec4; draw_string_vec4
    %pushi/vec4 0, 0, 32; draw_string_vec4
    %concat/vec4; draw_string_vec4
    %pushi/vec4 0, 0, 32; draw_string_vec4
    %concat/vec4; draw_string_vec4
    %pushi/vec4 0, 0, 32; draw_string_vec4
    %concat/vec4; draw_string_vec4
    %pushi/vec4 0, 0, 32; draw_string_vec4
    %concat/vec4; draw_string_vec4
    %pushi/vec4 66, 0, 32; draw_string_vec4
    %concat/vec4; draw_string_vec4
    %ret/vec4 0, 0, 256;  Assign to cmt_logic_ci_bar (store_vec4_to_lval)
    %jmp T_5.59;
T_5.54 ;
    %pushi/vec4 0, 0, 32; draw_string_vec4
    %pushi/vec4 0, 0, 32; draw_string_vec4
    %concat/vec4; draw_string_vec4
    %pushi/vec4 0, 0, 32; draw_string_vec4
    %concat/vec4; draw_string_vec4
    %pushi/vec4 0, 0, 32; draw_string_vec4
    %concat/vec4; draw_string_vec4
    %pushi/vec4 0, 0, 32; draw_string_vec4
    %concat/vec4; draw_string_vec4
    %pushi/vec4 0, 0, 32; draw_string_vec4
    %concat/vec4; draw_string_vec4
    %pushi/vec4 0, 0, 32; draw_string_vec4
    %concat/vec4; draw_string_vec4
    %pushi/vec4 4269634, 0, 32; draw_string_vec4
    %concat/vec4; draw_string_vec4
    %ret/vec4 0, 0, 256;  Assign to cmt_logic_ci_bar (store_vec4_to_lval)
    %jmp T_5.59;
T_5.55 ;
    %pushi/vec4 0, 0, 32; draw_string_vec4
    %pushi/vec4 0, 0, 32; draw_string_vec4
    %concat/vec4; draw_string_vec4
    %pushi/vec4 0, 0, 32; draw_string_vec4
    %concat/vec4; draw_string_vec4
    %pushi/vec4 0, 0, 32; draw_string_vec4
    %concat/vec4; draw_string_vec4
    %pushi/vec4 0, 0, 32; draw_string_vec4
    %concat/vec4; draw_string_vec4
    %pushi/vec4 0, 0, 32; draw_string_vec4
    %concat/vec4; draw_string_vec4
    %pushi/vec4 0, 0, 32; draw_string_vec4
    %concat/vec4; draw_string_vec4
    %pushi/vec4 49, 0, 32; draw_string_vec4
    %concat/vec4; draw_string_vec4
    %ret/vec4 0, 0, 256;  Assign to cmt_logic_ci_bar (store_vec4_to_lval)
    %jmp T_5.59;
T_5.56 ;
    %pushi/vec4 0, 0, 32; draw_string_vec4
    %pushi/vec4 0, 0, 32; draw_string_vec4
    %concat/vec4; draw_string_vec4
    %pushi/vec4 0, 0, 32; draw_string_vec4
    %concat/vec4; draw_string_vec4
    %pushi/vec4 0, 0, 32; draw_string_vec4
    %concat/vec4; draw_string_vec4
    %pushi/vec4 0, 0, 32; draw_string_vec4
    %concat/vec4; draw_string_vec4
    %pushi/vec4 0, 0, 32; draw_string_vec4
    %concat/vec4; draw_string_vec4
    %pushi/vec4 0, 0, 32; draw_string_vec4
    %concat/vec4; draw_string_vec4
    %pushi/vec4 1098654018, 0, 32; draw_string_vec4
    %concat/vec4; draw_string_vec4
    %ret/vec4 0, 0, 256;  Assign to cmt_logic_ci_bar (store_vec4_to_lval)
    %jmp T_5.59;
T_5.57 ;
    %pushi/vec4 0, 0, 32; draw_string_vec4
    %pushi/vec4 0, 0, 32; draw_string_vec4
    %concat/vec4; draw_string_vec4
    %pushi/vec4 0, 0, 32; draw_string_vec4
    %concat/vec4; draw_string_vec4
    %pushi/vec4 0, 0, 32; draw_string_vec4
    %concat/vec4; draw_string_vec4
    %pushi/vec4 0, 0, 32; draw_string_vec4
    %concat/vec4; draw_string_vec4
    %pushi/vec4 0, 0, 32; draw_string_vec4
    %concat/vec4; draw_string_vec4
    %pushi/vec4 0, 0, 32; draw_string_vec4
    %concat/vec4; draw_string_vec4
    %pushi/vec4 4291650, 0, 32; draw_string_vec4
    %concat/vec4; draw_string_vec4
    %ret/vec4 0, 0, 256;  Assign to cmt_logic_ci_bar (store_vec4_to_lval)
    %jmp T_5.59;
T_5.58 ;
    %pushi/vec4 0, 0, 32; draw_string_vec4
    %pushi/vec4 0, 0, 32; draw_string_vec4
    %concat/vec4; draw_string_vec4
    %pushi/vec4 0, 0, 32; draw_string_vec4
    %concat/vec4; draw_string_vec4
    %pushi/vec4 0, 0, 32; draw_string_vec4
    %concat/vec4; draw_string_vec4
    %pushi/vec4 0, 0, 32; draw_string_vec4
    %concat/vec4; draw_string_vec4
    %pushi/vec4 0, 0, 32; draw_string_vec4
    %concat/vec4; draw_string_vec4
    %pushi/vec4 0, 0, 32; draw_string_vec4
    %concat/vec4; draw_string_vec4
    %pushi/vec4 65, 0, 32; draw_string_vec4
    %concat/vec4; draw_string_vec4
    %ret/vec4 0, 0, 256;  Assign to cmt_logic_ci_bar (store_vec4_to_lval)
    %jmp T_5.59;
T_5.59 ;
    %pop/vec4 1;
    %end;
S_0x62c9f2f73f30 .scope task, "coverage_update" "coverage_update" 3 714, 3 714 0, S_0x62c9f2f562b0;
 .timescale -9 -11;
TD_tb_alu.coverage_update ;
    ; show_stmt_assign_vector: Get l-value for compressed += operand
    %load/vec4 v0x62c9f2f857a0_0;
    %load/vec4 v0x62c9f2f85290_0;
    %concat/vec4; draw_concat_vec4
    %load/vec4 v0x62c9f2f85840_0;
    %concat/vec4; draw_concat_vec4
    %pad/u 8;
    %ix/vec4 4;
    %flag_mov 8, 4;
    %load/vec4a v0x62c9f2f85f50, 4;
    %pushi/vec4 1, 0, 32;
    %add;
    %flag_mov 4, 8;
    %store/vec4a v0x62c9f2f85f50, 4, 0;
    %load/vec4 v0x62c9f2f857a0_0;
    %pad/u 32;
    %cmpi/e 1, 0, 32;
    %flag_get/vec4 4;
    %jmp/0 T_6.62, 4;
    %load/vec4 v0x62c9f2f85290_0;
    %pad/u 32;
    %pushi/vec4 0, 0, 32;
    %cmp/e;
    %flag_get/vec4 4;
    %and;
T_6.62;
    %flag_set/vec4 8;
    %jmp/0xz  T_6.60, 8;
    ; show_stmt_assign_vector: Get l-value for compressed += operand
    %pushi/vec4 1, 0, 1;
    %concati/vec4 1, 0, 1;
    %load/vec4 v0x62c9f2f85840_0;
    %concat/vec4; draw_concat_vec4
    %pad/u 8;
    %ix/vec4 4;
    %flag_mov 8, 4;
    %load/vec4a v0x62c9f2f85f50, 4;
    %pushi/vec4 1, 0, 32;
    %add;
    %flag_mov 4, 8;
    %store/vec4a v0x62c9f2f85f50, 4, 0;
T_6.60 ;
    %end;
S_0x62c9f2f74110 .scope task, "display_file" "display_file" 3 705, 3 705 0, S_0x62c9f2f562b0;
 .timescale -9 -11;
TD_tb_alu.display_file ;
    %vpi_call/w 3 707 "$display", "%10d %-15s | %4d | %1b | %3b    | %6b  | %6b  | %6b  | %6b  | %7b   |", v0x62c9f2f859e0_0, v0x62c9f2f85080_0, $time, v0x62c9f2f857a0_0, v0x62c9f2f85290_0, v0x62c9f2f85840_0, v0x62c9f2f84dd0_0, v0x62c9f2f84fe0_0, v0x62c9f2f85500_0, v0x62c9f2f856c0_0 {0 0 0};
    %end;
S_0x62c9f2f742f0 .scope module, "dut_alu" "alu" 3 34, 4 3 0, S_0x62c9f2f562b0;
 .timescale -9 -11;
    .port_info 0 /INPUT 1 "a0";
    .port_info 1 /INPUT 1 "a1";
    .port_info 2 /INPUT 1 "a2";
    .port_info 3 /INPUT 1 "a3";
    .port_info 4 /INPUT 1 "b0";
    .port_info 5 /INPUT 1 "b1";
    .port_info 6 /INPUT 1 "b2";
    .port_info 7 /INPUT 1 "b3";
    .port_info 8 /INPUT 1 "s3";
    .port_info 9 /INPUT 1 "s2";
    .port_info 10 /INPUT 1 "s1";
    .port_info 11 /INPUT 1 "s0";
    .port_info 12 /INPUT 1 "m";
    .port_info 13 /INPUT 1 "ci_bar";
    .port_info 14 /OUTPUT 1 "aeqb";
    .port_info 15 /OUTPUT 1 "f0";
    .port_info 16 /OUTPUT 1 "f1";
    .port_info 17 /OUTPUT 1 "f2";
    .port_info 18 /OUTPUT 1 "f3";
    .port_info 19 /OUTPUT 1 "co_bar";
    .port_info 20 /OUTPUT 1 "x";
    .port_info 21 /OUTPUT 1 "y";
v0x62c9f2f80910_0 .net "a0", 0 0, L_0x62c9f2f8cae0;  1 drivers
v0x62c9f2f809d0_0 .net "a1", 0 0, L_0x62c9f2f8cdb0;  1 drivers
v0x62c9f2f80a70_0 .net "a2", 0 0, L_0x62c9f2f8cea0;  1 drivers
v0x62c9f2f80b10_0 .net "a3", 0 0, L_0x62c9f2f8cf40;  1 drivers
v0x62c9f2f80bb0_0 .net "aeqb", 0 0, L_0x62c9f2f8bbb0;  alias, 1 drivers
v0x62c9f2f80c50_0 .net "b0", 0 0, L_0x62c9f2f8cfe0;  1 drivers
v0x62c9f2f80cf0_0 .net "b1", 0 0, L_0x62c9f2f8d080;  1 drivers
v0x62c9f2f80dc0_0 .net "b2", 0 0, L_0x62c9f2f8d120;  1 drivers
v0x62c9f2f80e90_0 .net "b3", 0 0, L_0x62c9f2f8d1c0;  1 drivers
v0x62c9f2f80ff0_0 .net "ci_bar", 0 0, v0x62c9f2f85290_0;  1 drivers
v0x62c9f2f81090_0 .net "co_bar", 0 0, L_0x62c9f2f8c7f0;  alias, 1 drivers
v0x62c9f2f81160_0 .net "f0", 0 0, L_0x62c9f2f898d0;  1 drivers
v0x62c9f2f81200_0 .net "f1", 0 0, L_0x62c9f2f8a040;  1 drivers
v0x62c9f2f812a0_0 .net "f2", 0 0, L_0x62c9f2f8ab60;  1 drivers
v0x62c9f2f81340_0 .net "f3", 0 0, L_0x62c9f2f8b910;  1 drivers
v0x62c9f2f81430_0 .net "input0_out1", 0 0, L_0x62c9f2f86940;  1 drivers
v0x62c9f2f814d0_0 .net "input0_out2", 0 0, L_0x62c9f2f86e30;  1 drivers
v0x62c9f2f81680_0 .net "input1_out1", 0 0, L_0x62c9f2f87440;  1 drivers
v0x62c9f2f81720_0 .net "input1_out2", 0 0, L_0x62c9f2f879c0;  1 drivers
v0x62c9f2f817c0_0 .net "input2_out1", 0 0, L_0x62c9f2f87fd0;  1 drivers
v0x62c9f2f81860_0 .net "input2_out2", 0 0, L_0x62c9f2f88550;  1 drivers
v0x62c9f2f81990_0 .net "input3_out1", 0 0, L_0x62c9f2f88d80;  1 drivers
v0x62c9f2f81a30_0 .net "input3_out2", 0 0, L_0x62c9f2f893b0;  1 drivers
v0x62c9f2f81ad0_0 .net "m", 0 0, v0x62c9f2f857a0_0;  1 drivers
v0x62c9f2f81b70_0 .net "m_bar", 0 0, L_0x62c9f2f89420;  1 drivers
v0x62c9f2f81c10_0 .net "s0", 0 0, L_0x62c9f2f8d4f0;  1 drivers
v0x62c9f2f81d40_0 .net "s1", 0 0, L_0x62c9f2f8d450;  1 drivers
v0x62c9f2f81e70_0 .net "s2", 0 0, L_0x62c9f2f8d350;  1 drivers
v0x62c9f2f81fa0_0 .net "s3", 0 0, L_0x62c9f2f8d2b0;  1 drivers
v0x62c9f2f820d0_0 .net "x", 0 0, L_0x62c9f2f8cc40;  alias, 1 drivers
v0x62c9f2f82170_0 .net "y", 0 0, L_0x62c9f2f8c3d0;  alias, 1 drivers
S_0x62c9f2f746f0 .scope module, "dut_aeqb" "aeqb" 4 101, 4 234 0, S_0x62c9f2f742f0;
 .timescale -9 -11;
    .port_info 0 /INPUT 1 "f3";
    .port_info 1 /INPUT 1 "f2";
    .port_info 2 /INPUT 1 "f1";
    .port_info 3 /INPUT 1 "f0";
    .port_info 4 /OUTPUT 1 "aeqb";
L_0x62c9f2f8bab0 .functor AND 1, L_0x62c9f2f8b910, L_0x62c9f2f8ab60, C4<1>, C4<1>;
L_0x62c9f2f8bb20 .functor AND 1, L_0x62c9f2f8bab0, L_0x62c9f2f8a040, C4<1>, C4<1>;
L_0x62c9f2f8bbb0 .functor AND 1, L_0x62c9f2f8bb20, L_0x62c9f2f898d0, C4<1>, C4<1>;
v0x62c9f2f748a0_0 .net *"_ivl_0", 0 0, L_0x62c9f2f8bab0;  1 drivers
v0x62c9f2f749a0_0 .net *"_ivl_2", 0 0, L_0x62c9f2f8bb20;  1 drivers
v0x62c9f2f74a80_0 .net "aeqb", 0 0, L_0x62c9f2f8bbb0;  alias, 1 drivers
v0x62c9f2f74b50_0 .net "f0", 0 0, L_0x62c9f2f898d0;  alias, 1 drivers
v0x62c9f2f74c10_0 .net "f1", 0 0, L_0x62c9f2f8a040;  alias, 1 drivers
v0x62c9f2f74d20_0 .net "f2", 0 0, L_0x62c9f2f8ab60;  alias, 1 drivers
v0x62c9f2f74de0_0 .net "f3", 0 0, L_0x62c9f2f8b910;  alias, 1 drivers
S_0x62c9f2f74f40 .scope module, "gpc" "GPC_section" 4 107, 4 248 0, S_0x62c9f2f742f0;
 .timescale -9 -11;
    .port_info 0 /INPUT 1 "input3_out1";
    .port_info 1 /INPUT 1 "input3_out2";
    .port_info 2 /INPUT 1 "input2_out1";
    .port_info 3 /INPUT 1 "input2_out2";
    .port_info 4 /INPUT 1 "input1_out1";
    .port_info 5 /INPUT 1 "input1_out2";
    .port_info 6 /INPUT 1 "input0_out1";
    .port_info 7 /INPUT 1 "input0_out2";
    .port_info 8 /INPUT 1 "ci_bar";
    .port_info 9 /OUTPUT 1 "y";
    .port_info 10 /OUTPUT 1 "co_bar";
    .port_info 11 /OUTPUT 1 "x";
L_0x62c9f2f8bc20 .functor AND 1, L_0x62c9f2f88d80, L_0x62c9f2f88550, C4<1>, C4<1>;
L_0x62c9f2f8bcb0 .functor OR 1, L_0x62c9f2f893b0, L_0x62c9f2f8bc20, C4<0>, C4<0>;
L_0x62c9f2f8bd40 .functor AND 1, L_0x62c9f2f88d80, L_0x62c9f2f87fd0, C4<1>, C4<1>;
L_0x62c9f2f8bdb0 .functor AND 1, L_0x62c9f2f8bd40, L_0x62c9f2f879c0, C4<1>, C4<1>;
L_0x62c9f2f8be20 .functor OR 1, L_0x62c9f2f8bcb0, L_0x62c9f2f8bdb0, C4<0>, C4<0>;
L_0x62c9f2f8bf30 .functor AND 1, L_0x62c9f2f88d80, L_0x62c9f2f87fd0, C4<1>, C4<1>;
L_0x62c9f2f8c0f0 .functor AND 1, L_0x62c9f2f8bf30, L_0x62c9f2f87440, C4<1>, C4<1>;
L_0x62c9f2f8c1b0 .functor AND 1, L_0x62c9f2f8c0f0, L_0x62c9f2f86e30, C4<1>, C4<1>;
L_0x62c9f2f8c2c0 .functor OR 1, L_0x62c9f2f8be20, L_0x62c9f2f8c1b0, C4<0>, C4<0>;
L_0x62c9f2f8c3d0 .functor NOT 1, L_0x62c9f2f8c2c0, C4<0>, C4<0>, C4<0>;
L_0x62c9f2f8c4f0 .functor NOT 1, L_0x62c9f2f8c3d0, C4<0>, C4<0>, C4<0>;
L_0x62c9f2f8c560 .functor AND 1, L_0x62c9f2f88d80, L_0x62c9f2f87fd0, C4<1>, C4<1>;
L_0x62c9f2f8c640 .functor AND 1, L_0x62c9f2f8c560, L_0x62c9f2f87440, C4<1>, C4<1>;
L_0x62c9f2f8c6b0 .functor AND 1, L_0x62c9f2f8c640, L_0x62c9f2f86940, C4<1>, C4<1>;
L_0x62c9f2f8c5d0 .functor AND 1, L_0x62c9f2f8c6b0, v0x62c9f2f85290_0, C4<1>, C4<1>;
L_0x62c9f2f8c7f0 .functor OR 1, L_0x62c9f2f8c4f0, L_0x62c9f2f8c5d0, C4<0>, C4<0>;
L_0x62c9f2f8c990 .functor AND 1, L_0x62c9f2f88d80, L_0x62c9f2f87fd0, C4<1>, C4<1>;
L_0x62c9f2f8ca20 .functor AND 1, L_0x62c9f2f8c990, L_0x62c9f2f87440, C4<1>, C4<1>;
L_0x62c9f2f8cb80 .functor AND 1, L_0x62c9f2f8ca20, L_0x62c9f2f86940, C4<1>, C4<1>;
L_0x62c9f2f8cc40 .functor NOT 1, L_0x62c9f2f8cb80, C4<0>, C4<0>, C4<0>;
v0x62c9f2f75270_0 .net *"_ivl_0", 0 0, L_0x62c9f2f8bc20;  1 drivers
v0x62c9f2f75350_0 .net *"_ivl_10", 0 0, L_0x62c9f2f8bf30;  1 drivers
v0x62c9f2f75430_0 .net *"_ivl_12", 0 0, L_0x62c9f2f8c0f0;  1 drivers
v0x62c9f2f754f0_0 .net *"_ivl_14", 0 0, L_0x62c9f2f8c1b0;  1 drivers
v0x62c9f2f755d0_0 .net *"_ivl_16", 0 0, L_0x62c9f2f8c2c0;  1 drivers
v0x62c9f2f75700_0 .net *"_ivl_2", 0 0, L_0x62c9f2f8bcb0;  1 drivers
v0x62c9f2f757e0_0 .net *"_ivl_20", 0 0, L_0x62c9f2f8c4f0;  1 drivers
v0x62c9f2f758c0_0 .net *"_ivl_22", 0 0, L_0x62c9f2f8c560;  1 drivers
v0x62c9f2f759a0_0 .net *"_ivl_24", 0 0, L_0x62c9f2f8c640;  1 drivers
v0x62c9f2f75a80_0 .net *"_ivl_26", 0 0, L_0x62c9f2f8c6b0;  1 drivers
v0x62c9f2f75b60_0 .net *"_ivl_28", 0 0, L_0x62c9f2f8c5d0;  1 drivers
v0x62c9f2f75c40_0 .net *"_ivl_32", 0 0, L_0x62c9f2f8c990;  1 drivers
v0x62c9f2f75d20_0 .net *"_ivl_34", 0 0, L_0x62c9f2f8ca20;  1 drivers
v0x62c9f2f75e00_0 .net *"_ivl_36", 0 0, L_0x62c9f2f8cb80;  1 drivers
v0x62c9f2f75ee0_0 .net *"_ivl_4", 0 0, L_0x62c9f2f8bd40;  1 drivers
v0x62c9f2f75fc0_0 .net *"_ivl_6", 0 0, L_0x62c9f2f8bdb0;  1 drivers
v0x62c9f2f760a0_0 .net *"_ivl_8", 0 0, L_0x62c9f2f8be20;  1 drivers
v0x62c9f2f76180_0 .net "ci_bar", 0 0, v0x62c9f2f85290_0;  alias, 1 drivers
v0x62c9f2f76240_0 .net "co_bar", 0 0, L_0x62c9f2f8c7f0;  alias, 1 drivers
v0x62c9f2f76300_0 .net "input0_out1", 0 0, L_0x62c9f2f86940;  alias, 1 drivers
v0x62c9f2f763c0_0 .net "input0_out2", 0 0, L_0x62c9f2f86e30;  alias, 1 drivers
v0x62c9f2f76480_0 .net "input1_out1", 0 0, L_0x62c9f2f87440;  alias, 1 drivers
v0x62c9f2f76540_0 .net "input1_out2", 0 0, L_0x62c9f2f879c0;  alias, 1 drivers
v0x62c9f2f76600_0 .net "input2_out1", 0 0, L_0x62c9f2f87fd0;  alias, 1 drivers
v0x62c9f2f766c0_0 .net "input2_out2", 0 0, L_0x62c9f2f88550;  alias, 1 drivers
v0x62c9f2f76780_0 .net "input3_out1", 0 0, L_0x62c9f2f88d80;  alias, 1 drivers
v0x62c9f2f76840_0 .net "input3_out2", 0 0, L_0x62c9f2f893b0;  alias, 1 drivers
v0x62c9f2f76900_0 .net "x", 0 0, L_0x62c9f2f8cc40;  alias, 1 drivers
v0x62c9f2f769c0_0 .net "y", 0 0, L_0x62c9f2f8c3d0;  alias, 1 drivers
S_0x62c9f2f76c70 .scope module, "input0" "input_section" 4 18, 4 128 0, S_0x62c9f2f742f0;
 .timescale -9 -11;
    .port_info 0 /INPUT 1 "a";
    .port_info 1 /INPUT 1 "b";
    .port_info 2 /INPUT 1 "s3";
    .port_info 3 /INPUT 1 "s2";
    .port_info 4 /INPUT 1 "s1";
    .port_info 5 /INPUT 1 "s0";
    .port_info 6 /OUTPUT 1 "out1";
    .port_info 7 /OUTPUT 1 "out2";
L_0x62c9f2eeb4c0 .functor AND 1, L_0x62c9f2f8cae0, L_0x62c9f2f8cfe0, C4<1>, C4<1>;
L_0x62c9f2f864f0 .functor AND 1, L_0x62c9f2eeb4c0, L_0x62c9f2f8d2b0, C4<1>, C4<1>;
L_0x62c9f2f865d0 .functor NOT 1, L_0x62c9f2f8cfe0, C4<0>, C4<0>, C4<0>;
L_0x62c9f2f86640 .functor AND 1, L_0x62c9f2f8cae0, L_0x62c9f2f865d0, C4<1>, C4<1>;
L_0x62c9f2f86730 .functor AND 1, L_0x62c9f2f86640, L_0x62c9f2f8d350, C4<1>, C4<1>;
L_0x62c9f2f867f0 .functor OR 1, L_0x62c9f2f864f0, L_0x62c9f2f86730, C4<0>, C4<0>;
L_0x62c9f2f86940 .functor NOT 1, L_0x62c9f2f867f0, C4<0>, C4<0>, C4<0>;
L_0x62c9f2f86a00 .functor NOT 1, L_0x62c9f2f8cfe0, C4<0>, C4<0>, C4<0>;
L_0x62c9f2f86ac0 .functor AND 1, L_0x62c9f2f86a00, L_0x62c9f2f8d450, C4<1>, C4<1>;
L_0x62c9f2f86b30 .functor OR 1, L_0x62c9f2f8cae0, L_0x62c9f2f86ac0, C4<0>, C4<0>;
L_0x62c9f2f86c90 .functor AND 1, L_0x62c9f2f8cfe0, L_0x62c9f2f8d4f0, C4<1>, C4<1>;
L_0x62c9f2f86d00 .functor OR 1, L_0x62c9f2f86b30, L_0x62c9f2f86c90, C4<0>, C4<0>;
L_0x62c9f2f86e30 .functor NOT 1, L_0x62c9f2f86d00, C4<0>, C4<0>, C4<0>;
v0x62c9f2f76f20_0 .net *"_ivl_0", 0 0, L_0x62c9f2eeb4c0;  1 drivers
v0x62c9f2f77000_0 .net *"_ivl_10", 0 0, L_0x62c9f2f867f0;  1 drivers
v0x62c9f2f770e0_0 .net *"_ivl_14", 0 0, L_0x62c9f2f86a00;  1 drivers
v0x62c9f2f771d0_0 .net *"_ivl_16", 0 0, L_0x62c9f2f86ac0;  1 drivers
v0x62c9f2f772b0_0 .net *"_ivl_18", 0 0, L_0x62c9f2f86b30;  1 drivers
v0x62c9f2f773e0_0 .net *"_ivl_2", 0 0, L_0x62c9f2f864f0;  1 drivers
v0x62c9f2f774c0_0 .net *"_ivl_20", 0 0, L_0x62c9f2f86c90;  1 drivers
v0x62c9f2f775a0_0 .net *"_ivl_22", 0 0, L_0x62c9f2f86d00;  1 drivers
v0x62c9f2f77680_0 .net *"_ivl_4", 0 0, L_0x62c9f2f865d0;  1 drivers
v0x62c9f2f77760_0 .net *"_ivl_6", 0 0, L_0x62c9f2f86640;  1 drivers
v0x62c9f2f77840_0 .net *"_ivl_8", 0 0, L_0x62c9f2f86730;  1 drivers
v0x62c9f2f77920_0 .net "a", 0 0, L_0x62c9f2f8cae0;  alias, 1 drivers
v0x62c9f2f779e0_0 .net "b", 0 0, L_0x62c9f2f8cfe0;  alias, 1 drivers
v0x62c9f2f77aa0_0 .net "out1", 0 0, L_0x62c9f2f86940;  alias, 1 drivers
v0x62c9f2f77b40_0 .net "out2", 0 0, L_0x62c9f2f86e30;  alias, 1 drivers
v0x62c9f2f77c10_0 .net "s0", 0 0, L_0x62c9f2f8d4f0;  alias, 1 drivers
v0x62c9f2f77cb0_0 .net "s1", 0 0, L_0x62c9f2f8d450;  alias, 1 drivers
v0x62c9f2f77d50_0 .net "s2", 0 0, L_0x62c9f2f8d350;  alias, 1 drivers
v0x62c9f2f77e10_0 .net "s3", 0 0, L_0x62c9f2f8d2b0;  alias, 1 drivers
S_0x62c9f2f77fd0 .scope module, "input1" "input_section" 4 24, 4 128 0, S_0x62c9f2f742f0;
 .timescale -9 -11;
    .port_info 0 /INPUT 1 "a";
    .port_info 1 /INPUT 1 "b";
    .port_info 2 /INPUT 1 "s3";
    .port_info 3 /INPUT 1 "s2";
    .port_info 4 /INPUT 1 "s1";
    .port_info 5 /INPUT 1 "s0";
    .port_info 6 /OUTPUT 1 "out1";
    .port_info 7 /OUTPUT 1 "out2";
L_0x62c9f2f86ef0 .functor AND 1, L_0x62c9f2f8cdb0, L_0x62c9f2f8d080, C4<1>, C4<1>;
L_0x62c9f2f87020 .functor AND 1, L_0x62c9f2f86ef0, L_0x62c9f2f8d2b0, C4<1>, C4<1>;
L_0x62c9f2f87100 .functor NOT 1, L_0x62c9f2f8d080, C4<0>, C4<0>, C4<0>;
L_0x62c9f2f87170 .functor AND 1, L_0x62c9f2f8cdb0, L_0x62c9f2f87100, C4<1>, C4<1>;
L_0x62c9f2f87230 .functor AND 1, L_0x62c9f2f87170, L_0x62c9f2f8d350, C4<1>, C4<1>;
L_0x62c9f2f872f0 .functor OR 1, L_0x62c9f2f87020, L_0x62c9f2f87230, C4<0>, C4<0>;
L_0x62c9f2f87440 .functor NOT 1, L_0x62c9f2f872f0, C4<0>, C4<0>, C4<0>;
L_0x62c9f2f87500 .functor NOT 1, L_0x62c9f2f8d080, C4<0>, C4<0>, C4<0>;
L_0x62c9f2f87650 .functor AND 1, L_0x62c9f2f87500, L_0x62c9f2f8d450, C4<1>, C4<1>;
L_0x62c9f2f876c0 .functor OR 1, L_0x62c9f2f8cdb0, L_0x62c9f2f87650, C4<0>, C4<0>;
L_0x62c9f2f87820 .functor AND 1, L_0x62c9f2f8d080, L_0x62c9f2f8d4f0, C4<1>, C4<1>;
L_0x62c9f2f87890 .functor OR 1, L_0x62c9f2f876c0, L_0x62c9f2f87820, C4<0>, C4<0>;
L_0x62c9f2f879c0 .functor NOT 1, L_0x62c9f2f87890, C4<0>, C4<0>, C4<0>;
v0x62c9f2f78280_0 .net *"_ivl_0", 0 0, L_0x62c9f2f86ef0;  1 drivers
v0x62c9f2f78380_0 .net *"_ivl_10", 0 0, L_0x62c9f2f872f0;  1 drivers
v0x62c9f2f78460_0 .net *"_ivl_14", 0 0, L_0x62c9f2f87500;  1 drivers
v0x62c9f2f78550_0 .net *"_ivl_16", 0 0, L_0x62c9f2f87650;  1 drivers
v0x62c9f2f78630_0 .net *"_ivl_18", 0 0, L_0x62c9f2f876c0;  1 drivers
v0x62c9f2f78760_0 .net *"_ivl_2", 0 0, L_0x62c9f2f87020;  1 drivers
v0x62c9f2f78840_0 .net *"_ivl_20", 0 0, L_0x62c9f2f87820;  1 drivers
v0x62c9f2f78920_0 .net *"_ivl_22", 0 0, L_0x62c9f2f87890;  1 drivers
v0x62c9f2f78a00_0 .net *"_ivl_4", 0 0, L_0x62c9f2f87100;  1 drivers
v0x62c9f2f78ae0_0 .net *"_ivl_6", 0 0, L_0x62c9f2f87170;  1 drivers
v0x62c9f2f78bc0_0 .net *"_ivl_8", 0 0, L_0x62c9f2f87230;  1 drivers
v0x62c9f2f78ca0_0 .net "a", 0 0, L_0x62c9f2f8cdb0;  alias, 1 drivers
v0x62c9f2f78d60_0 .net "b", 0 0, L_0x62c9f2f8d080;  alias, 1 drivers
v0x62c9f2f78e20_0 .net "out1", 0 0, L_0x62c9f2f87440;  alias, 1 drivers
v0x62c9f2f78ec0_0 .net "out2", 0 0, L_0x62c9f2f879c0;  alias, 1 drivers
v0x62c9f2f78f90_0 .net "s0", 0 0, L_0x62c9f2f8d4f0;  alias, 1 drivers
v0x62c9f2f79060_0 .net "s1", 0 0, L_0x62c9f2f8d450;  alias, 1 drivers
v0x62c9f2f79240_0 .net "s2", 0 0, L_0x62c9f2f8d350;  alias, 1 drivers
v0x62c9f2f79310_0 .net "s3", 0 0, L_0x62c9f2f8d2b0;  alias, 1 drivers
S_0x62c9f2f79420 .scope module, "input2" "input_section" 4 30, 4 128 0, S_0x62c9f2f742f0;
 .timescale -9 -11;
    .port_info 0 /INPUT 1 "a";
    .port_info 1 /INPUT 1 "b";
    .port_info 2 /INPUT 1 "s3";
    .port_info 3 /INPUT 1 "s2";
    .port_info 4 /INPUT 1 "s1";
    .port_info 5 /INPUT 1 "s0";
    .port_info 6 /OUTPUT 1 "out1";
    .port_info 7 /OUTPUT 1 "out2";
L_0x62c9f2f87a80 .functor AND 1, L_0x62c9f2f8cea0, L_0x62c9f2f8d120, C4<1>, C4<1>;
L_0x62c9f2f87bb0 .functor AND 1, L_0x62c9f2f87a80, L_0x62c9f2f8d2b0, C4<1>, C4<1>;
L_0x62c9f2f87c90 .functor NOT 1, L_0x62c9f2f8d120, C4<0>, C4<0>, C4<0>;
L_0x62c9f2f87d00 .functor AND 1, L_0x62c9f2f8cea0, L_0x62c9f2f87c90, C4<1>, C4<1>;
L_0x62c9f2f87dc0 .functor AND 1, L_0x62c9f2f87d00, L_0x62c9f2f8d350, C4<1>, C4<1>;
L_0x62c9f2f87e80 .functor OR 1, L_0x62c9f2f87bb0, L_0x62c9f2f87dc0, C4<0>, C4<0>;
L_0x62c9f2f87fd0 .functor NOT 1, L_0x62c9f2f87e80, C4<0>, C4<0>, C4<0>;
L_0x62c9f2f88090 .functor NOT 1, L_0x62c9f2f8d120, C4<0>, C4<0>, C4<0>;
L_0x62c9f2f881e0 .functor AND 1, L_0x62c9f2f88090, L_0x62c9f2f8d450, C4<1>, C4<1>;
L_0x62c9f2f88250 .functor OR 1, L_0x62c9f2f8cea0, L_0x62c9f2f881e0, C4<0>, C4<0>;
L_0x62c9f2f883b0 .functor AND 1, L_0x62c9f2f8d120, L_0x62c9f2f8d4f0, C4<1>, C4<1>;
L_0x62c9f2f88420 .functor OR 1, L_0x62c9f2f88250, L_0x62c9f2f883b0, C4<0>, C4<0>;
L_0x62c9f2f88550 .functor NOT 1, L_0x62c9f2f88420, C4<0>, C4<0>, C4<0>;
v0x62c9f2f79720_0 .net *"_ivl_0", 0 0, L_0x62c9f2f87a80;  1 drivers
v0x62c9f2f79820_0 .net *"_ivl_10", 0 0, L_0x62c9f2f87e80;  1 drivers
v0x62c9f2f79900_0 .net *"_ivl_14", 0 0, L_0x62c9f2f88090;  1 drivers
v0x62c9f2f799c0_0 .net *"_ivl_16", 0 0, L_0x62c9f2f881e0;  1 drivers
v0x62c9f2f79aa0_0 .net *"_ivl_18", 0 0, L_0x62c9f2f88250;  1 drivers
v0x62c9f2f79bd0_0 .net *"_ivl_2", 0 0, L_0x62c9f2f87bb0;  1 drivers
v0x62c9f2f79cb0_0 .net *"_ivl_20", 0 0, L_0x62c9f2f883b0;  1 drivers
v0x62c9f2f79d90_0 .net *"_ivl_22", 0 0, L_0x62c9f2f88420;  1 drivers
v0x62c9f2f79e70_0 .net *"_ivl_4", 0 0, L_0x62c9f2f87c90;  1 drivers
v0x62c9f2f79f50_0 .net *"_ivl_6", 0 0, L_0x62c9f2f87d00;  1 drivers
v0x62c9f2f7a030_0 .net *"_ivl_8", 0 0, L_0x62c9f2f87dc0;  1 drivers
v0x62c9f2f7a110_0 .net "a", 0 0, L_0x62c9f2f8cea0;  alias, 1 drivers
v0x62c9f2f7a1d0_0 .net "b", 0 0, L_0x62c9f2f8d120;  alias, 1 drivers
v0x62c9f2f7a290_0 .net "out1", 0 0, L_0x62c9f2f87fd0;  alias, 1 drivers
v0x62c9f2f7a330_0 .net "out2", 0 0, L_0x62c9f2f88550;  alias, 1 drivers
v0x62c9f2f7a400_0 .net "s0", 0 0, L_0x62c9f2f8d4f0;  alias, 1 drivers
v0x62c9f2f7a4a0_0 .net "s1", 0 0, L_0x62c9f2f8d450;  alias, 1 drivers
v0x62c9f2f7a6a0_0 .net "s2", 0 0, L_0x62c9f2f8d350;  alias, 1 drivers
v0x62c9f2f7a790_0 .net "s3", 0 0, L_0x62c9f2f8d2b0;  alias, 1 drivers
S_0x62c9f2f7a990 .scope module, "input3" "input_section" 4 36, 4 128 0, S_0x62c9f2f742f0;
 .timescale -9 -11;
    .port_info 0 /INPUT 1 "a";
    .port_info 1 /INPUT 1 "b";
    .port_info 2 /INPUT 1 "s3";
    .port_info 3 /INPUT 1 "s2";
    .port_info 4 /INPUT 1 "s1";
    .port_info 5 /INPUT 1 "s0";
    .port_info 6 /OUTPUT 1 "out1";
    .port_info 7 /OUTPUT 1 "out2";
L_0x62c9f2f88610 .functor AND 1, L_0x62c9f2f8cf40, L_0x62c9f2f8d1c0, C4<1>, C4<1>;
L_0x62c9f2f88740 .functor AND 1, L_0x62c9f2f88610, L_0x62c9f2f8d2b0, C4<1>, C4<1>;
L_0x62c9f2f88930 .functor NOT 1, L_0x62c9f2f8d1c0, C4<0>, C4<0>, C4<0>;
L_0x62c9f2f889a0 .functor AND 1, L_0x62c9f2f8cf40, L_0x62c9f2f88930, C4<1>, C4<1>;
L_0x62c9f2f88a60 .functor AND 1, L_0x62c9f2f889a0, L_0x62c9f2f8d350, C4<1>, C4<1>;
L_0x62c9f2f88c30 .functor OR 1, L_0x62c9f2f88740, L_0x62c9f2f88a60, C4<0>, C4<0>;
L_0x62c9f2f88d80 .functor NOT 1, L_0x62c9f2f88c30, C4<0>, C4<0>, C4<0>;
L_0x62c9f2f88df0 .functor NOT 1, L_0x62c9f2f8d1c0, C4<0>, C4<0>, C4<0>;
L_0x62c9f2f88eb0 .functor AND 1, L_0x62c9f2f88df0, L_0x62c9f2f8d450, C4<1>, C4<1>;
L_0x62c9f2f89030 .functor OR 1, L_0x62c9f2f8cf40, L_0x62c9f2f88eb0, C4<0>, C4<0>;
L_0x62c9f2f89100 .functor AND 1, L_0x62c9f2f8d1c0, L_0x62c9f2f8d4f0, C4<1>, C4<1>;
L_0x62c9f2f89280 .functor OR 1, L_0x62c9f2f89030, L_0x62c9f2f89100, C4<0>, C4<0>;
L_0x62c9f2f893b0 .functor NOT 1, L_0x62c9f2f89280, C4<0>, C4<0>, C4<0>;
v0x62c9f2f7ac40_0 .net *"_ivl_0", 0 0, L_0x62c9f2f88610;  1 drivers
v0x62c9f2f7ad40_0 .net *"_ivl_10", 0 0, L_0x62c9f2f88c30;  1 drivers
v0x62c9f2f7ae20_0 .net *"_ivl_14", 0 0, L_0x62c9f2f88df0;  1 drivers
v0x62c9f2f7aee0_0 .net *"_ivl_16", 0 0, L_0x62c9f2f88eb0;  1 drivers
v0x62c9f2f7afc0_0 .net *"_ivl_18", 0 0, L_0x62c9f2f89030;  1 drivers
v0x62c9f2f7b0f0_0 .net *"_ivl_2", 0 0, L_0x62c9f2f88740;  1 drivers
v0x62c9f2f7b1d0_0 .net *"_ivl_20", 0 0, L_0x62c9f2f89100;  1 drivers
v0x62c9f2f7b2b0_0 .net *"_ivl_22", 0 0, L_0x62c9f2f89280;  1 drivers
v0x62c9f2f7b390_0 .net *"_ivl_4", 0 0, L_0x62c9f2f88930;  1 drivers
v0x62c9f2f7b470_0 .net *"_ivl_6", 0 0, L_0x62c9f2f889a0;  1 drivers
v0x62c9f2f7b550_0 .net *"_ivl_8", 0 0, L_0x62c9f2f88a60;  1 drivers
v0x62c9f2f7b630_0 .net "a", 0 0, L_0x62c9f2f8cf40;  alias, 1 drivers
v0x62c9f2f7b6f0_0 .net "b", 0 0, L_0x62c9f2f8d1c0;  alias, 1 drivers
v0x62c9f2f7b7b0_0 .net "out1", 0 0, L_0x62c9f2f88d80;  alias, 1 drivers
v0x62c9f2f7b850_0 .net "out2", 0 0, L_0x62c9f2f893b0;  alias, 1 drivers
v0x62c9f2f7b8f0_0 .net "s0", 0 0, L_0x62c9f2f8d4f0;  alias, 1 drivers
v0x62c9f2f7b990_0 .net "s1", 0 0, L_0x62c9f2f8d450;  alias, 1 drivers
v0x62c9f2f7bb40_0 .net "s2", 0 0, L_0x62c9f2f8d350;  alias, 1 drivers
v0x62c9f2f7bbe0_0 .net "s3", 0 0, L_0x62c9f2f8d2b0;  alias, 1 drivers
S_0x62c9f2f7bd40 .scope module, "invert" "invert_m" 4 45, 4 143 0, S_0x62c9f2f742f0;
 .timescale -9 -11;
    .port_info 0 /INPUT 1 "a";
    .port_info 1 /OUTPUT 1 "y";
L_0x62c9f2f89420 .functor NOT 1, v0x62c9f2f857a0_0, C4<0>, C4<0>, C4<0>;
v0x62c9f2f7bef0_0 .net "a", 0 0, v0x62c9f2f857a0_0;  alias, 1 drivers
v0x62c9f2f7bfd0_0 .net "y", 0 0, L_0x62c9f2f89420;  alias, 1 drivers
S_0x62c9f2f7c0f0 .scope module, "out0" "out_section_out0" 4 53, 4 156 0, S_0x62c9f2f742f0;
 .timescale -9 -11;
    .port_info 0 /INPUT 1 "input0_out1";
    .port_info 1 /INPUT 1 "input0_out2";
    .port_info 2 /INPUT 1 "m_bar";
    .port_info 3 /INPUT 1 "ci_bar";
    .port_info 4 /OUTPUT 1 "f0";
L_0x62c9f2f894d0 .functor XOR 1, L_0x62c9f2f86940, L_0x62c9f2f86e30, C4<0>, C4<0>;
L_0x62c9f2f89780 .functor AND 1, v0x62c9f2f85290_0, L_0x62c9f2f89420, C4<1>, C4<1>;
L_0x62c9f2f89810 .functor NOT 1, L_0x62c9f2f89780, C4<0>, C4<0>, C4<0>;
L_0x62c9f2f898d0 .functor XOR 1, L_0x62c9f2f894d0, L_0x62c9f2f89810, C4<0>, C4<0>;
v0x62c9f2f7c2d0_0 .net *"_ivl_0", 0 0, L_0x62c9f2f894d0;  1 drivers
v0x62c9f2f7c3b0_0 .net *"_ivl_2", 0 0, L_0x62c9f2f89780;  1 drivers
v0x62c9f2f7c490_0 .net *"_ivl_4", 0 0, L_0x62c9f2f89810;  1 drivers
v0x62c9f2f7c550_0 .net "ci_bar", 0 0, v0x62c9f2f85290_0;  alias, 1 drivers
v0x62c9f2f7c620_0 .net "f0", 0 0, L_0x62c9f2f898d0;  alias, 1 drivers
v0x62c9f2f7c710_0 .net "input0_out1", 0 0, L_0x62c9f2f86940;  alias, 1 drivers
v0x62c9f2f7c800_0 .net "input0_out2", 0 0, L_0x62c9f2f86e30;  alias, 1 drivers
v0x62c9f2f7c8f0_0 .net "m_bar", 0 0, L_0x62c9f2f89420;  alias, 1 drivers
S_0x62c9f2f7c9d0 .scope module, "out1" "out_section_out1" 4 61, 4 170 0, S_0x62c9f2f742f0;
 .timescale -9 -11;
    .port_info 0 /INPUT 1 "input1_out1";
    .port_info 1 /INPUT 1 "input1_out2";
    .port_info 2 /INPUT 1 "input0_out1";
    .port_info 3 /INPUT 1 "input0_out2";
    .port_info 4 /INPUT 1 "m_bar";
    .port_info 5 /INPUT 1 "ci_bar";
    .port_info 6 /OUTPUT 1 "f1";
L_0x62c9f2f899e0 .functor XOR 1, L_0x62c9f2f87440, L_0x62c9f2f879c0, C4<0>, C4<0>;
L_0x62c9f2f89a50 .functor AND 1, v0x62c9f2f85290_0, L_0x62c9f2f86940, C4<1>, C4<1>;
L_0x62c9f2f89bf0 .functor AND 1, L_0x62c9f2f89a50, L_0x62c9f2f89420, C4<1>, C4<1>;
L_0x62c9f2f89dc0 .functor AND 1, L_0x62c9f2f86e30, L_0x62c9f2f89420, C4<1>, C4<1>;
L_0x62c9f2f89e30 .functor OR 1, L_0x62c9f2f89bf0, L_0x62c9f2f89dc0, C4<0>, C4<0>;
L_0x62c9f2f89f40 .functor NOT 1, L_0x62c9f2f89e30, C4<0>, C4<0>, C4<0>;
L_0x62c9f2f8a040 .functor XOR 1, L_0x62c9f2f899e0, L_0x62c9f2f89f40, C4<0>, C4<0>;
v0x62c9f2f7cc60_0 .net *"_ivl_0", 0 0, L_0x62c9f2f899e0;  1 drivers
v0x62c9f2f7cd60_0 .net *"_ivl_10", 0 0, L_0x62c9f2f89f40;  1 drivers
v0x62c9f2f7ce40_0 .net *"_ivl_2", 0 0, L_0x62c9f2f89a50;  1 drivers
v0x62c9f2f7cf00_0 .net *"_ivl_4", 0 0, L_0x62c9f2f89bf0;  1 drivers
v0x62c9f2f7cfe0_0 .net *"_ivl_6", 0 0, L_0x62c9f2f89dc0;  1 drivers
v0x62c9f2f7d0c0_0 .net *"_ivl_8", 0 0, L_0x62c9f2f89e30;  1 drivers
v0x62c9f2f7d1a0_0 .net "ci_bar", 0 0, v0x62c9f2f85290_0;  alias, 1 drivers
v0x62c9f2f7d290_0 .net "f1", 0 0, L_0x62c9f2f8a040;  alias, 1 drivers
v0x62c9f2f7d330_0 .net "input0_out1", 0 0, L_0x62c9f2f86940;  alias, 1 drivers
v0x62c9f2f7d460_0 .net "input0_out2", 0 0, L_0x62c9f2f86e30;  alias, 1 drivers
v0x62c9f2f7d500_0 .net "input1_out1", 0 0, L_0x62c9f2f87440;  alias, 1 drivers
v0x62c9f2f7d5a0_0 .net "input1_out2", 0 0, L_0x62c9f2f879c0;  alias, 1 drivers
v0x62c9f2f7d690_0 .net "m_bar", 0 0, L_0x62c9f2f89420;  alias, 1 drivers
S_0x62c9f2f7d840 .scope module, "out2" "out_section_out2" 4 71, 4 187 0, S_0x62c9f2f742f0;
 .timescale -9 -11;
    .port_info 0 /INPUT 1 "input2_out1";
    .port_info 1 /INPUT 1 "input2_out2";
    .port_info 2 /INPUT 1 "input1_out1";
    .port_info 3 /INPUT 1 "input1_out2";
    .port_info 4 /INPUT 1 "input0_out1";
    .port_info 5 /INPUT 1 "input0_out2";
    .port_info 6 /INPUT 1 "m_bar";
    .port_info 7 /INPUT 1 "ci_bar";
    .port_info 8 /OUTPUT 1 "f2";
L_0x62c9f2f8a150 .functor XOR 1, L_0x62c9f2f87fd0, L_0x62c9f2f88550, C4<0>, C4<0>;
L_0x62c9f2f8a1c0 .functor AND 1, v0x62c9f2f85290_0, L_0x62c9f2f87440, C4<1>, C4<1>;
L_0x62c9f2f8a360 .functor AND 1, L_0x62c9f2f8a1c0, L_0x62c9f2f86940, C4<1>, C4<1>;
L_0x62c9f2f8a420 .functor AND 1, L_0x62c9f2f8a360, L_0x62c9f2f89420, C4<1>, C4<1>;
L_0x62c9f2f8a4e0 .functor AND 1, L_0x62c9f2f87440, L_0x62c9f2f86e30, C4<1>, C4<1>;
L_0x62c9f2f8a550 .functor AND 1, L_0x62c9f2f8a4e0, L_0x62c9f2f89420, C4<1>, C4<1>;
L_0x62c9f2f8a650 .functor OR 1, L_0x62c9f2f8a420, L_0x62c9f2f8a550, C4<0>, C4<0>;
L_0x62c9f2f8a760 .functor AND 1, L_0x62c9f2f879c0, L_0x62c9f2f89420, C4<1>, C4<1>;
L_0x62c9f2f8a930 .functor OR 1, L_0x62c9f2f8a650, L_0x62c9f2f8a760, C4<0>, C4<0>;
L_0x62c9f2f8aa40 .functor NOT 1, L_0x62c9f2f8a930, C4<0>, C4<0>, C4<0>;
L_0x62c9f2f8ab60 .functor XOR 1, L_0x62c9f2f8a150, L_0x62c9f2f8aa40, C4<0>, C4<0>;
v0x62c9f2f7db50_0 .net *"_ivl_0", 0 0, L_0x62c9f2f8a150;  1 drivers
v0x62c9f2f7dc50_0 .net *"_ivl_10", 0 0, L_0x62c9f2f8a550;  1 drivers
v0x62c9f2f7dd30_0 .net *"_ivl_12", 0 0, L_0x62c9f2f8a650;  1 drivers
v0x62c9f2f7ddf0_0 .net *"_ivl_14", 0 0, L_0x62c9f2f8a760;  1 drivers
v0x62c9f2f7ded0_0 .net *"_ivl_16", 0 0, L_0x62c9f2f8a930;  1 drivers
v0x62c9f2f7e000_0 .net *"_ivl_18", 0 0, L_0x62c9f2f8aa40;  1 drivers
v0x62c9f2f7e0e0_0 .net *"_ivl_2", 0 0, L_0x62c9f2f8a1c0;  1 drivers
v0x62c9f2f7e1c0_0 .net *"_ivl_4", 0 0, L_0x62c9f2f8a360;  1 drivers
v0x62c9f2f7e2a0_0 .net *"_ivl_6", 0 0, L_0x62c9f2f8a420;  1 drivers
v0x62c9f2f7e410_0 .net *"_ivl_8", 0 0, L_0x62c9f2f8a4e0;  1 drivers
v0x62c9f2f7e4f0_0 .net "ci_bar", 0 0, v0x62c9f2f85290_0;  alias, 1 drivers
v0x62c9f2f7e590_0 .net "f2", 0 0, L_0x62c9f2f8ab60;  alias, 1 drivers
v0x62c9f2f7e630_0 .net "input0_out1", 0 0, L_0x62c9f2f86940;  alias, 1 drivers
v0x62c9f2f7e760_0 .net "input0_out2", 0 0, L_0x62c9f2f86e30;  alias, 1 drivers
v0x62c9f2f7e890_0 .net "input1_out1", 0 0, L_0x62c9f2f87440;  alias, 1 drivers
v0x62c9f2f7e930_0 .net "input1_out2", 0 0, L_0x62c9f2f879c0;  alias, 1 drivers
v0x62c9f2f7e9d0_0 .net "input2_out1", 0 0, L_0x62c9f2f87fd0;  alias, 1 drivers
v0x62c9f2f7eb80_0 .net "input2_out2", 0 0, L_0x62c9f2f88550;  alias, 1 drivers
v0x62c9f2f7ec20_0 .net "m_bar", 0 0, L_0x62c9f2f89420;  alias, 1 drivers
S_0x62c9f2f7edc0 .scope module, "out3" "out_section_out3" 4 84, 4 208 0, S_0x62c9f2f742f0;
 .timescale -9 -11;
    .port_info 0 /INPUT 1 "input3_out1";
    .port_info 1 /INPUT 1 "input3_out2";
    .port_info 2 /INPUT 1 "input2_out1";
    .port_info 3 /INPUT 1 "input2_out2";
    .port_info 4 /INPUT 1 "input1_out1";
    .port_info 5 /INPUT 1 "input1_out2";
    .port_info 6 /INPUT 1 "input0_out1";
    .port_info 7 /INPUT 1 "input0_out2";
    .port_info 8 /INPUT 1 "m_bar";
    .port_info 9 /INPUT 1 "ci_bar";
    .port_info 10 /OUTPUT 1 "f3";
L_0x62c9f2f8ac20 .functor XOR 1, L_0x62c9f2f88d80, L_0x62c9f2f893b0, C4<0>, C4<0>;
L_0x62c9f2f8ac90 .functor AND 1, v0x62c9f2f85290_0, L_0x62c9f2f87fd0, C4<1>, C4<1>;
L_0x62c9f2f8ad20 .functor AND 1, L_0x62c9f2f8ac90, L_0x62c9f2f87440, C4<1>, C4<1>;
L_0x62c9f2f8ade0 .functor AND 1, L_0x62c9f2f8ad20, L_0x62c9f2f86940, C4<1>, C4<1>;
L_0x62c9f2f8aea0 .functor AND 1, L_0x62c9f2f8ade0, L_0x62c9f2f89420, C4<1>, C4<1>;
L_0x62c9f2f8af60 .functor AND 1, L_0x62c9f2f87fd0, L_0x62c9f2f87440, C4<1>, C4<1>;
L_0x62c9f2f8b120 .functor AND 1, L_0x62c9f2f8af60, L_0x62c9f2f86e30, C4<1>, C4<1>;
L_0x62c9f2f8b1e0 .functor AND 1, L_0x62c9f2f8b120, L_0x62c9f2f89420, C4<1>, C4<1>;
L_0x62c9f2f8b2f0 .functor OR 1, L_0x62c9f2f8aea0, L_0x62c9f2f8b1e0, C4<0>, C4<0>;
L_0x62c9f2f8b400 .functor AND 1, L_0x62c9f2f87fd0, L_0x62c9f2f879c0, C4<1>, C4<1>;
L_0x62c9f2f8b4d0 .functor AND 1, L_0x62c9f2f8b400, L_0x62c9f2f89420, C4<1>, C4<1>;
L_0x62c9f2f8b540 .functor OR 1, L_0x62c9f2f8b2f0, L_0x62c9f2f8b4d0, C4<0>, C4<0>;
L_0x62c9f2f8b6c0 .functor AND 1, L_0x62c9f2f88550, L_0x62c9f2f89420, C4<1>, C4<1>;
L_0x62c9f2f8b730 .functor OR 1, L_0x62c9f2f8b540, L_0x62c9f2f8b6c0, C4<0>, C4<0>;
L_0x62c9f2f8b650 .functor NOT 1, L_0x62c9f2f8b730, C4<0>, C4<0>, C4<0>;
L_0x62c9f2f8b910 .functor XOR 1, L_0x62c9f2f8ac20, L_0x62c9f2f8b650, C4<0>, C4<0>;
v0x62c9f2f7f060_0 .net *"_ivl_0", 0 0, L_0x62c9f2f8ac20;  1 drivers
v0x62c9f2f7f160_0 .net *"_ivl_10", 0 0, L_0x62c9f2f8af60;  1 drivers
v0x62c9f2f7f240_0 .net *"_ivl_12", 0 0, L_0x62c9f2f8b120;  1 drivers
v0x62c9f2f7f300_0 .net *"_ivl_14", 0 0, L_0x62c9f2f8b1e0;  1 drivers
v0x62c9f2f7f3e0_0 .net *"_ivl_16", 0 0, L_0x62c9f2f8b2f0;  1 drivers
v0x62c9f2f7f510_0 .net *"_ivl_18", 0 0, L_0x62c9f2f8b400;  1 drivers
v0x62c9f2f7f5f0_0 .net *"_ivl_2", 0 0, L_0x62c9f2f8ac90;  1 drivers
v0x62c9f2f7f6d0_0 .net *"_ivl_20", 0 0, L_0x62c9f2f8b4d0;  1 drivers
v0x62c9f2f7f7b0_0 .net *"_ivl_22", 0 0, L_0x62c9f2f8b540;  1 drivers
v0x62c9f2f7f890_0 .net *"_ivl_24", 0 0, L_0x62c9f2f8b6c0;  1 drivers
v0x62c9f2f7f970_0 .net *"_ivl_26", 0 0, L_0x62c9f2f8b730;  1 drivers
v0x62c9f2f7fa50_0 .net *"_ivl_28", 0 0, L_0x62c9f2f8b650;  1 drivers
v0x62c9f2f7fb30_0 .net *"_ivl_4", 0 0, L_0x62c9f2f8ad20;  1 drivers
v0x62c9f2f7fc10_0 .net *"_ivl_6", 0 0, L_0x62c9f2f8ade0;  1 drivers
v0x62c9f2f7fcf0_0 .net *"_ivl_8", 0 0, L_0x62c9f2f8aea0;  1 drivers
v0x62c9f2f7fdd0_0 .net "ci_bar", 0 0, v0x62c9f2f85290_0;  alias, 1 drivers
v0x62c9f2f7ff00_0 .net "f3", 0 0, L_0x62c9f2f8b910;  alias, 1 drivers
v0x62c9f2f800b0_0 .net "input0_out1", 0 0, L_0x62c9f2f86940;  alias, 1 drivers
v0x62c9f2f80150_0 .net "input0_out2", 0 0, L_0x62c9f2f86e30;  alias, 1 drivers
v0x62c9f2f801f0_0 .net "input1_out1", 0 0, L_0x62c9f2f87440;  alias, 1 drivers
v0x62c9f2f80290_0 .net "input1_out2", 0 0, L_0x62c9f2f879c0;  alias, 1 drivers
v0x62c9f2f803c0_0 .net "input2_out1", 0 0, L_0x62c9f2f87fd0;  alias, 1 drivers
v0x62c9f2f80460_0 .net "input2_out2", 0 0, L_0x62c9f2f88550;  alias, 1 drivers
v0x62c9f2f80500_0 .net "input3_out1", 0 0, L_0x62c9f2f88d80;  alias, 1 drivers
v0x62c9f2f805a0_0 .net "input3_out2", 0 0, L_0x62c9f2f893b0;  alias, 1 drivers
v0x62c9f2f80640_0 .net "m_bar", 0 0, L_0x62c9f2f89420;  alias, 1 drivers
S_0x62c9f2f82310 .scope task, "errors_warnings_check" "errors_warnings_check" 3 727, 3 727 0, S_0x62c9f2f562b0;
 .timescale -9 -11;
TD_tb_alu.errors_warnings_check ;
    %load/vec4 v0x62c9f2f85500_0;
    %load/vec4 v0x62c9f2f856c0_0;
    %cmp/ne;
    %jmp/0xz  T_8.63, 6;
    %vpi_call/w 3 732 "$display", "***ERROR: F = %b, F_expected = %b", v0x62c9f2f85500_0, v0x62c9f2f856c0_0 {0 0 0};
    %load/vec4 v0x62c9f2f85420_0;
    %addi 1, 0, 32;
    %store/vec4 v0x62c9f2f85420_0, 0, 32;
T_8.63 ;
    %load/vec4 v0x62c9f2f84dd0_0;
    %load/vec4 v0x62c9f2f86010_0;
    %cmp/ne;
    %jmp/1 T_8.70, 6;
    %flag_mov 8, 6;
    %load/vec4 v0x62c9f2f84fe0_0;
    %load/vec4 v0x62c9f2f860f0_0;
    %cmp/ne;
    %flag_or 6, 8;
T_8.70;
    %jmp/1 T_8.69, 6;
    %flag_mov 8, 6;
    %load/vec4 v0x62c9f2f85840_0;
    %load/vec4 v0x62c9f2f86350_0;
    %cmp/ne;
    %flag_or 6, 8;
T_8.69;
    %jmp/1 T_8.68, 6;
    %flag_mov 8, 6;
    %load/vec4 v0x62c9f2f857a0_0;
    %load/vec4 v0x62c9f2f86290_0;
    %cmp/ne;
    %flag_or 6, 8;
T_8.68;
    %jmp/1 T_8.67, 6;
    %flag_mov 8, 6;
    %load/vec4 v0x62c9f2f85290_0;
    %load/vec4 v0x62c9f2f861d0_0;
    %cmp/ne;
    %flag_or 6, 8;
T_8.67;
    %jmp/0xz  T_8.65, 6;
    %vpi_call/w 3 740 "$display", "***ERROR: Racing Condition Occur" {0 0 0};
    %load/vec4 v0x62c9f2f85420_0;
    %addi 1, 0, 32;
    %store/vec4 v0x62c9f2f85420_0, 0, 32;
T_8.65 ;
    %end;
S_0x62c9f2f824a0 .scope function.vec4.s4, "fexp" "fexp" 3 197, 3 197 0, S_0x62c9f2f562b0;
 .timescale -9 -11;
v0x62c9f2f82630_0 .var "A", 3 0;
v0x62c9f2f82730_0 .var "B", 3 0;
v0x62c9f2f82810_0 .var "Ci_bar", 0 0;
v0x62c9f2f828b0_0 .var "M", 0 0;
v0x62c9f2f82970_0 .var "S", 3 0;
; Variable fexp is vec4 return value of scope S_0x62c9f2f824a0
TD_tb_alu.fexp ;
    %load/vec4 v0x62c9f2f828b0_0;
    %load/vec4 v0x62c9f2f82810_0;
    %concat/vec4; draw_concat_vec4
    %dup/vec4;
    %pushi/vec4 0, 0, 2;
    %cmp/u;
    %jmp/1 T_9.71, 6;
    %dup/vec4;
    %pushi/vec4 1, 0, 2;
    %cmp/u;
    %jmp/1 T_9.72, 6;
    %dup/vec4;
    %pushi/vec4 2, 0, 2;
    %cmp/u;
    %jmp/1 T_9.73, 6;
    %load/vec4 v0x62c9f2f82630_0;
    %load/vec4 v0x62c9f2f82730_0;
    %load/vec4 v0x62c9f2f82970_0;
    %store/vec4 v0x62c9f2f838f0_0, 0, 4;
    %store/vec4 v0x62c9f2f83810_0, 0, 4;
    %store/vec4 v0x62c9f2f83710_0, 0, 4;
    %callf/vec4 TD_tb_alu.fexp_logic_ci_bar, S_0x62c9f2f83580;
    %ret/vec4 0, 0, 4;  Assign to fexp (store_vec4_to_lval)
    %jmp T_9.75;
T_9.71 ;
    %load/vec4 v0x62c9f2f82630_0;
    %load/vec4 v0x62c9f2f82730_0;
    %load/vec4 v0x62c9f2f82970_0;
    %store/vec4 v0x62c9f2f82ea0_0, 0, 4;
    %store/vec4 v0x62c9f2f82dc0_0, 0, 4;
    %store/vec4 v0x62c9f2f82cc0_0, 0, 4;
    %callf/vec4 TD_tb_alu.fexp_arith_ci_bar, S_0x62c9f2f82b30;
    %ret/vec4 0, 0, 4;  Assign to fexp (store_vec4_to_lval)
    %jmp T_9.75;
T_9.72 ;
    %load/vec4 v0x62c9f2f82630_0;
    %load/vec4 v0x62c9f2f82730_0;
    %load/vec4 v0x62c9f2f82970_0;
    %store/vec4 v0x62c9f2f833b0_0, 0, 4;
    %store/vec4 v0x62c9f2f832d0_0, 0, 4;
    %store/vec4 v0x62c9f2f831d0_0, 0, 4;
    %callf/vec4 TD_tb_alu.fexp_arith_xci_bar, S_0x62c9f2f83040;
    %ret/vec4 0, 0, 4;  Assign to fexp (store_vec4_to_lval)
    %jmp T_9.75;
T_9.73 ;
    %load/vec4 v0x62c9f2f82630_0;
    %load/vec4 v0x62c9f2f82730_0;
    %load/vec4 v0x62c9f2f82970_0;
    %store/vec4 v0x62c9f2f838f0_0, 0, 4;
    %store/vec4 v0x62c9f2f83810_0, 0, 4;
    %store/vec4 v0x62c9f2f83710_0, 0, 4;
    %callf/vec4 TD_tb_alu.fexp_logic_ci_bar, S_0x62c9f2f83580;
    %ret/vec4 0, 0, 4;  Assign to fexp (store_vec4_to_lval)
    %jmp T_9.75;
T_9.75 ;
    %pop/vec4 1;
    %end;
S_0x62c9f2f82b30 .scope function.vec4.u4, "fexp_arith_ci_bar" "fexp_arith_ci_bar" 3 217, 3 217 0, S_0x62c9f2f562b0;
 .timescale -9 -11;
v0x62c9f2f82cc0_0 .var "A", 3 0;
v0x62c9f2f82dc0_0 .var "B", 3 0;
v0x62c9f2f82ea0_0 .var "S", 3 0;
; Variable fexp_arith_ci_bar is vec4 return value of scope S_0x62c9f2f82b30
TD_tb_alu.fexp_arith_ci_bar ;
    %load/vec4 v0x62c9f2f82ea0_0;
    %dup/vec4;
    %pushi/vec4 0, 0, 4;
    %cmp/u;
    %jmp/1 T_10.76, 6;
    %dup/vec4;
    %pushi/vec4 1, 0, 4;
    %cmp/u;
    %jmp/1 T_10.77, 6;
    %dup/vec4;
    %pushi/vec4 2, 0, 4;
    %cmp/u;
    %jmp/1 T_10.78, 6;
    %dup/vec4;
    %pushi/vec4 3, 0, 4;
    %cmp/u;
    %jmp/1 T_10.79, 6;
    %dup/vec4;
    %pushi/vec4 4, 0, 4;
    %cmp/u;
    %jmp/1 T_10.80, 6;
    %dup/vec4;
    %pushi/vec4 5, 0, 4;
    %cmp/u;
    %jmp/1 T_10.81, 6;
    %dup/vec4;
    %pushi/vec4 6, 0, 4;
    %cmp/u;
    %jmp/1 T_10.82, 6;
    %dup/vec4;
    %pushi/vec4 7, 0, 4;
    %cmp/u;
    %jmp/1 T_10.83, 6;
    %dup/vec4;
    %pushi/vec4 8, 0, 4;
    %cmp/u;
    %jmp/1 T_10.84, 6;
    %dup/vec4;
    %pushi/vec4 9, 0, 4;
    %cmp/u;
    %jmp/1 T_10.85, 6;
    %dup/vec4;
    %pushi/vec4 10, 0, 4;
    %cmp/u;
    %jmp/1 T_10.86, 6;
    %dup/vec4;
    %pushi/vec4 11, 0, 4;
    %cmp/u;
    %jmp/1 T_10.87, 6;
    %dup/vec4;
    %pushi/vec4 12, 0, 4;
    %cmp/u;
    %jmp/1 T_10.88, 6;
    %dup/vec4;
    %pushi/vec4 13, 0, 4;
    %cmp/u;
    %jmp/1 T_10.89, 6;
    %dup/vec4;
    %pushi/vec4 14, 0, 4;
    %cmp/u;
    %jmp/1 T_10.90, 6;
    %dup/vec4;
    %pushi/vec4 15, 0, 4;
    %cmp/u;
    %jmp/1 T_10.91, 6;
    %jmp T_10.92;
T_10.76 ;
    %load/vec4 v0x62c9f2f82cc0_0;
    %addi 1, 0, 4;
    %ret/vec4 0, 0, 4;  Assign to fexp_arith_ci_bar (store_vec4_to_lval)
    %jmp T_10.92;
T_10.77 ;
    %load/vec4 v0x62c9f2f82cc0_0;
    %load/vec4 v0x62c9f2f82dc0_0;
    %or;
    %addi 1, 0, 4;
    %ret/vec4 0, 0, 4;  Assign to fexp_arith_ci_bar (store_vec4_to_lval)
    %jmp T_10.92;
T_10.78 ;
    %load/vec4 v0x62c9f2f82cc0_0;
    %load/vec4 v0x62c9f2f82dc0_0;
    %nor/r;
    %pad/u 4;
    %or;
    %addi 1, 0, 4;
    %ret/vec4 0, 0, 4;  Assign to fexp_arith_ci_bar (store_vec4_to_lval)
    %jmp T_10.92;
T_10.79 ;
    %pushi/vec4 0, 0, 4;
    %ret/vec4 0, 0, 4;  Assign to fexp_arith_ci_bar (store_vec4_to_lval)
    %jmp T_10.92;
T_10.80 ;
    %load/vec4 v0x62c9f2f82cc0_0;
    %load/vec4 v0x62c9f2f82cc0_0;
    %load/vec4 v0x62c9f2f82dc0_0;
    %nor/r;
    %pad/u 4;
    %and;
    %add;
    %addi 1, 0, 4;
    %ret/vec4 0, 0, 4;  Assign to fexp_arith_ci_bar (store_vec4_to_lval)
    %jmp T_10.92;
T_10.81 ;
    %load/vec4 v0x62c9f2f82cc0_0;
    %load/vec4 v0x62c9f2f82dc0_0;
    %or;
    %load/vec4 v0x62c9f2f82cc0_0;
    %load/vec4 v0x62c9f2f82dc0_0;
    %nor/r;
    %pad/u 4;
    %and;
    %add;
    %addi 1, 0, 4;
    %ret/vec4 0, 0, 4;  Assign to fexp_arith_ci_bar (store_vec4_to_lval)
    %jmp T_10.92;
T_10.82 ;
    %load/vec4 v0x62c9f2f82cc0_0;
    %load/vec4 v0x62c9f2f82dc0_0;
    %sub;
    %ret/vec4 0, 0, 4;  Assign to fexp_arith_ci_bar (store_vec4_to_lval)
    %jmp T_10.92;
T_10.83 ;
    %load/vec4 v0x62c9f2f82cc0_0;
    %load/vec4 v0x62c9f2f82dc0_0;
    %nor/r;
    %pad/u 4;
    %and;
    %ret/vec4 0, 0, 4;  Assign to fexp_arith_ci_bar (store_vec4_to_lval)
    %jmp T_10.92;
T_10.84 ;
    %load/vec4 v0x62c9f2f82cc0_0;
    %load/vec4 v0x62c9f2f82cc0_0;
    %load/vec4 v0x62c9f2f82dc0_0;
    %and;
    %add;
    %addi 1, 0, 4;
    %ret/vec4 0, 0, 4;  Assign to fexp_arith_ci_bar (store_vec4_to_lval)
    %jmp T_10.92;
T_10.85 ;
    %load/vec4 v0x62c9f2f82cc0_0;
    %load/vec4 v0x62c9f2f82dc0_0;
    %add;
    %addi 1, 0, 4;
    %ret/vec4 0, 0, 4;  Assign to fexp_arith_ci_bar (store_vec4_to_lval)
    %jmp T_10.92;
T_10.86 ;
    %load/vec4 v0x62c9f2f82cc0_0;
    %load/vec4 v0x62c9f2f82dc0_0;
    %nor/r;
    %pad/u 4;
    %or;
    %load/vec4 v0x62c9f2f82cc0_0;
    %load/vec4 v0x62c9f2f82dc0_0;
    %and;
    %add;
    %addi 1, 0, 4;
    %ret/vec4 0, 0, 4;  Assign to fexp_arith_ci_bar (store_vec4_to_lval)
    %jmp T_10.92;
T_10.87 ;
    %load/vec4 v0x62c9f2f82cc0_0;
    %load/vec4 v0x62c9f2f82dc0_0;
    %and;
    %ret/vec4 0, 0, 4;  Assign to fexp_arith_ci_bar (store_vec4_to_lval)
    %jmp T_10.92;
T_10.88 ;
    %load/vec4 v0x62c9f2f82cc0_0;
    %load/vec4 v0x62c9f2f82cc0_0;
    %add;
    %addi 1, 0, 4;
    %ret/vec4 0, 0, 4;  Assign to fexp_arith_ci_bar (store_vec4_to_lval)
    %jmp T_10.92;
T_10.89 ;
    %load/vec4 v0x62c9f2f82cc0_0;
    %load/vec4 v0x62c9f2f82dc0_0;
    %or;
    %load/vec4 v0x62c9f2f82cc0_0;
    %add;
    %addi 1, 0, 4;
    %ret/vec4 0, 0, 4;  Assign to fexp_arith_ci_bar (store_vec4_to_lval)
    %jmp T_10.92;
T_10.90 ;
    %load/vec4 v0x62c9f2f82cc0_0;
    %load/vec4 v0x62c9f2f82dc0_0;
    %nor/r;
    %pad/u 4;
    %or;
    %load/vec4 v0x62c9f2f82cc0_0;
    %add;
    %addi 1, 0, 4;
    %ret/vec4 0, 0, 4;  Assign to fexp_arith_ci_bar (store_vec4_to_lval)
    %jmp T_10.92;
T_10.91 ;
    %load/vec4 v0x62c9f2f82cc0_0;
    %ret/vec4 0, 0, 4;  Assign to fexp_arith_ci_bar (store_vec4_to_lval)
    %jmp T_10.92;
T_10.92 ;
    %pop/vec4 1;
    %end;
S_0x62c9f2f83040 .scope function.vec4.u4, "fexp_arith_xci_bar" "fexp_arith_xci_bar" 3 247, 3 247 0, S_0x62c9f2f562b0;
 .timescale -9 -11;
v0x62c9f2f831d0_0 .var "A", 3 0;
v0x62c9f2f832d0_0 .var "B", 3 0;
v0x62c9f2f833b0_0 .var "S", 3 0;
; Variable fexp_arith_xci_bar is vec4 return value of scope S_0x62c9f2f83040
TD_tb_alu.fexp_arith_xci_bar ;
    %load/vec4 v0x62c9f2f833b0_0;
    %dup/vec4;
    %pushi/vec4 0, 0, 4;
    %cmp/u;
    %jmp/1 T_11.93, 6;
    %dup/vec4;
    %pushi/vec4 1, 0, 4;
    %cmp/u;
    %jmp/1 T_11.94, 6;
    %dup/vec4;
    %pushi/vec4 2, 0, 4;
    %cmp/u;
    %jmp/1 T_11.95, 6;
    %dup/vec4;
    %pushi/vec4 3, 0, 4;
    %cmp/u;
    %jmp/1 T_11.96, 6;
    %dup/vec4;
    %pushi/vec4 4, 0, 4;
    %cmp/u;
    %jmp/1 T_11.97, 6;
    %dup/vec4;
    %pushi/vec4 5, 0, 4;
    %cmp/u;
    %jmp/1 T_11.98, 6;
    %dup/vec4;
    %pushi/vec4 6, 0, 4;
    %cmp/u;
    %jmp/1 T_11.99, 6;
    %dup/vec4;
    %pushi/vec4 7, 0, 4;
    %cmp/u;
    %jmp/1 T_11.100, 6;
    %dup/vec4;
    %pushi/vec4 8, 0, 4;
    %cmp/u;
    %jmp/1 T_11.101, 6;
    %dup/vec4;
    %pushi/vec4 9, 0, 4;
    %cmp/u;
    %jmp/1 T_11.102, 6;
    %dup/vec4;
    %pushi/vec4 10, 0, 4;
    %cmp/u;
    %jmp/1 T_11.103, 6;
    %dup/vec4;
    %pushi/vec4 11, 0, 4;
    %cmp/u;
    %jmp/1 T_11.104, 6;
    %dup/vec4;
    %pushi/vec4 12, 0, 4;
    %cmp/u;
    %jmp/1 T_11.105, 6;
    %dup/vec4;
    %pushi/vec4 13, 0, 4;
    %cmp/u;
    %jmp/1 T_11.106, 6;
    %dup/vec4;
    %pushi/vec4 14, 0, 4;
    %cmp/u;
    %jmp/1 T_11.107, 6;
    %dup/vec4;
    %pushi/vec4 15, 0, 4;
    %cmp/u;
    %jmp/1 T_11.108, 6;
    %jmp T_11.109;
T_11.93 ;
    %load/vec4 v0x62c9f2f831d0_0;
    %ret/vec4 0, 0, 4;  Assign to fexp_arith_xci_bar (store_vec4_to_lval)
    %jmp T_11.109;
T_11.94 ;
    %load/vec4 v0x62c9f2f831d0_0;
    %load/vec4 v0x62c9f2f832d0_0;
    %or;
    %ret/vec4 0, 0, 4;  Assign to fexp_arith_xci_bar (store_vec4_to_lval)
    %jmp T_11.109;
T_11.95 ;
    %load/vec4 v0x62c9f2f831d0_0;
    %load/vec4 v0x62c9f2f832d0_0;
    %nor/r;
    %pad/u 4;
    %or;
    %ret/vec4 0, 0, 4;  Assign to fexp_arith_xci_bar (store_vec4_to_lval)
    %jmp T_11.109;
T_11.96 ;
    %pushi/vec4 15, 0, 4;
    %ret/vec4 0, 0, 4;  Assign to fexp_arith_xci_bar (store_vec4_to_lval)
    %jmp T_11.109;
T_11.97 ;
    %load/vec4 v0x62c9f2f831d0_0;
    %load/vec4 v0x62c9f2f831d0_0;
    %load/vec4 v0x62c9f2f832d0_0;
    %nor/r;
    %pad/u 4;
    %and;
    %add;
    %ret/vec4 0, 0, 4;  Assign to fexp_arith_xci_bar (store_vec4_to_lval)
    %jmp T_11.109;
T_11.98 ;
    %load/vec4 v0x62c9f2f831d0_0;
    %load/vec4 v0x62c9f2f832d0_0;
    %or;
    %load/vec4 v0x62c9f2f831d0_0;
    %load/vec4 v0x62c9f2f832d0_0;
    %nor/r;
    %pad/u 4;
    %and;
    %add;
    %ret/vec4 0, 0, 4;  Assign to fexp_arith_xci_bar (store_vec4_to_lval)
    %jmp T_11.109;
T_11.99 ;
    %load/vec4 v0x62c9f2f831d0_0;
    %load/vec4 v0x62c9f2f832d0_0;
    %sub;
    %subi 1, 0, 4;
    %ret/vec4 0, 0, 4;  Assign to fexp_arith_xci_bar (store_vec4_to_lval)
    %jmp T_11.109;
T_11.100 ;
    %load/vec4 v0x62c9f2f831d0_0;
    %load/vec4 v0x62c9f2f832d0_0;
    %nor/r;
    %pad/u 4;
    %and;
    %subi 1, 0, 4;
    %ret/vec4 0, 0, 4;  Assign to fexp_arith_xci_bar (store_vec4_to_lval)
    %jmp T_11.109;
T_11.101 ;
    %load/vec4 v0x62c9f2f831d0_0;
    %load/vec4 v0x62c9f2f831d0_0;
    %load/vec4 v0x62c9f2f832d0_0;
    %and;
    %add;
    %ret/vec4 0, 0, 4;  Assign to fexp_arith_xci_bar (store_vec4_to_lval)
    %jmp T_11.109;
T_11.102 ;
    %load/vec4 v0x62c9f2f831d0_0;
    %load/vec4 v0x62c9f2f832d0_0;
    %add;
    %ret/vec4 0, 0, 4;  Assign to fexp_arith_xci_bar (store_vec4_to_lval)
    %jmp T_11.109;
T_11.103 ;
    %load/vec4 v0x62c9f2f831d0_0;
    %load/vec4 v0x62c9f2f832d0_0;
    %nor/r;
    %pad/u 4;
    %or;
    %load/vec4 v0x62c9f2f831d0_0;
    %load/vec4 v0x62c9f2f832d0_0;
    %and;
    %add;
    %ret/vec4 0, 0, 4;  Assign to fexp_arith_xci_bar (store_vec4_to_lval)
    %jmp T_11.109;
T_11.104 ;
    %load/vec4 v0x62c9f2f831d0_0;
    %load/vec4 v0x62c9f2f832d0_0;
    %and;
    %subi 1, 0, 4;
    %ret/vec4 0, 0, 4;  Assign to fexp_arith_xci_bar (store_vec4_to_lval)
    %jmp T_11.109;
T_11.105 ;
    %load/vec4 v0x62c9f2f831d0_0;
    %load/vec4 v0x62c9f2f831d0_0;
    %add;
    %ret/vec4 0, 0, 4;  Assign to fexp_arith_xci_bar (store_vec4_to_lval)
    %jmp T_11.109;
T_11.106 ;
    %load/vec4 v0x62c9f2f831d0_0;
    %load/vec4 v0x62c9f2f832d0_0;
    %or;
    %load/vec4 v0x62c9f2f831d0_0;
    %add;
    %ret/vec4 0, 0, 4;  Assign to fexp_arith_xci_bar (store_vec4_to_lval)
    %jmp T_11.109;
T_11.107 ;
    %load/vec4 v0x62c9f2f831d0_0;
    %load/vec4 v0x62c9f2f832d0_0;
    %nor/r;
    %pad/u 4;
    %or;
    %load/vec4 v0x62c9f2f831d0_0;
    %add;
    %ret/vec4 0, 0, 4;  Assign to fexp_arith_xci_bar (store_vec4_to_lval)
    %jmp T_11.109;
T_11.108 ;
    %load/vec4 v0x62c9f2f831d0_0;
    %subi 1, 0, 4;
    %ret/vec4 0, 0, 4;  Assign to fexp_arith_xci_bar (store_vec4_to_lval)
    %jmp T_11.109;
T_11.109 ;
    %pop/vec4 1;
    %end;
S_0x62c9f2f83580 .scope function.vec4.s4, "fexp_logic_ci_bar" "fexp_logic_ci_bar" 3 277, 3 277 0, S_0x62c9f2f562b0;
 .timescale -9 -11;
v0x62c9f2f83710_0 .var "A", 3 0;
v0x62c9f2f83810_0 .var "B", 3 0;
v0x62c9f2f838f0_0 .var "S", 3 0;
; Variable fexp_logic_ci_bar is vec4 return value of scope S_0x62c9f2f83580
TD_tb_alu.fexp_logic_ci_bar ;
    %load/vec4 v0x62c9f2f838f0_0;
    %dup/vec4;
    %pushi/vec4 0, 0, 4;
    %cmp/u;
    %jmp/1 T_12.110, 6;
    %dup/vec4;
    %pushi/vec4 1, 0, 4;
    %cmp/u;
    %jmp/1 T_12.111, 6;
    %dup/vec4;
    %pushi/vec4 2, 0, 4;
    %cmp/u;
    %jmp/1 T_12.112, 6;
    %dup/vec4;
    %pushi/vec4 3, 0, 4;
    %cmp/u;
    %jmp/1 T_12.113, 6;
    %dup/vec4;
    %pushi/vec4 4, 0, 4;
    %cmp/u;
    %jmp/1 T_12.114, 6;
    %dup/vec4;
    %pushi/vec4 5, 0, 4;
    %cmp/u;
    %jmp/1 T_12.115, 6;
    %dup/vec4;
    %pushi/vec4 6, 0, 4;
    %cmp/u;
    %jmp/1 T_12.116, 6;
    %dup/vec4;
    %pushi/vec4 7, 0, 4;
    %cmp/u;
    %jmp/1 T_12.117, 6;
    %dup/vec4;
    %pushi/vec4 8, 0, 4;
    %cmp/u;
    %jmp/1 T_12.118, 6;
    %dup/vec4;
    %pushi/vec4 9, 0, 4;
    %cmp/u;
    %jmp/1 T_12.119, 6;
    %dup/vec4;
    %pushi/vec4 10, 0, 4;
    %cmp/u;
    %jmp/1 T_12.120, 6;
    %dup/vec4;
    %pushi/vec4 11, 0, 4;
    %cmp/u;
    %jmp/1 T_12.121, 6;
    %dup/vec4;
    %pushi/vec4 12, 0, 4;
    %cmp/u;
    %jmp/1 T_12.122, 6;
    %dup/vec4;
    %pushi/vec4 13, 0, 4;
    %cmp/u;
    %jmp/1 T_12.123, 6;
    %dup/vec4;
    %pushi/vec4 14, 0, 4;
    %cmp/u;
    %jmp/1 T_12.124, 6;
    %dup/vec4;
    %pushi/vec4 15, 0, 4;
    %cmp/u;
    %jmp/1 T_12.125, 6;
    %jmp T_12.126;
T_12.110 ;
    %load/vec4 v0x62c9f2f83710_0;
    %nor/r;
    %pad/u 4;
    %ret/vec4 0, 0, 4;  Assign to fexp_logic_ci_bar (store_vec4_to_lval)
    %jmp T_12.126;
T_12.111 ;
    %load/vec4 v0x62c9f2f83710_0;
    %load/vec4 v0x62c9f2f83810_0;
    %or;
    %nor/r;
    %pad/u 4;
    %ret/vec4 0, 0, 4;  Assign to fexp_logic_ci_bar (store_vec4_to_lval)
    %jmp T_12.126;
T_12.112 ;
    %load/vec4 v0x62c9f2f83710_0;
    %nor/r;
    %pad/u 4;
    %load/vec4 v0x62c9f2f83810_0;
    %and;
    %ret/vec4 0, 0, 4;  Assign to fexp_logic_ci_bar (store_vec4_to_lval)
    %jmp T_12.126;
T_12.113 ;
    %pushi/vec4 0, 0, 4;
    %ret/vec4 0, 0, 4;  Assign to fexp_logic_ci_bar (store_vec4_to_lval)
    %jmp T_12.126;
T_12.114 ;
    %load/vec4 v0x62c9f2f83710_0;
    %load/vec4 v0x62c9f2f83810_0;
    %and;
    %nor/r;
    %pad/u 4;
    %ret/vec4 0, 0, 4;  Assign to fexp_logic_ci_bar (store_vec4_to_lval)
    %jmp T_12.126;
T_12.115 ;
    %load/vec4 v0x62c9f2f83810_0;
    %nor/r;
    %pad/u 4;
    %ret/vec4 0, 0, 4;  Assign to fexp_logic_ci_bar (store_vec4_to_lval)
    %jmp T_12.126;
T_12.116 ;
    %load/vec4 v0x62c9f2f83710_0;
    %load/vec4 v0x62c9f2f83810_0;
    %xor;
    %ret/vec4 0, 0, 4;  Assign to fexp_logic_ci_bar (store_vec4_to_lval)
    %jmp T_12.126;
T_12.117 ;
    %load/vec4 v0x62c9f2f83710_0;
    %load/vec4 v0x62c9f2f83810_0;
    %nor/r;
    %pad/u 4;
    %and;
    %ret/vec4 0, 0, 4;  Assign to fexp_logic_ci_bar (store_vec4_to_lval)
    %jmp T_12.126;
T_12.118 ;
    %load/vec4 v0x62c9f2f83710_0;
    %nor/r;
    %pad/u 4;
    %load/vec4 v0x62c9f2f83810_0;
    %or;
    %ret/vec4 0, 0, 4;  Assign to fexp_logic_ci_bar (store_vec4_to_lval)
    %jmp T_12.126;
T_12.119 ;
    %load/vec4 v0x62c9f2f83710_0;
    %load/vec4 v0x62c9f2f83810_0;
    %xor;
    %nor/r;
    %pad/u 4;
    %ret/vec4 0, 0, 4;  Assign to fexp_logic_ci_bar (store_vec4_to_lval)
    %jmp T_12.126;
T_12.120 ;
    %load/vec4 v0x62c9f2f83810_0;
    %ret/vec4 0, 0, 4;  Assign to fexp_logic_ci_bar (store_vec4_to_lval)
    %jmp T_12.126;
T_12.121 ;
    %load/vec4 v0x62c9f2f83710_0;
    %load/vec4 v0x62c9f2f83810_0;
    %and;
    %ret/vec4 0, 0, 4;  Assign to fexp_logic_ci_bar (store_vec4_to_lval)
    %jmp T_12.126;
T_12.122 ;
    %pushi/vec4 1, 0, 4;
    %ret/vec4 0, 0, 4;  Assign to fexp_logic_ci_bar (store_vec4_to_lval)
    %jmp T_12.126;
T_12.123 ;
    %load/vec4 v0x62c9f2f83710_0;
    %load/vec4 v0x62c9f2f83810_0;
    %nor/r;
    %pad/u 4;
    %or;
    %ret/vec4 0, 0, 4;  Assign to fexp_logic_ci_bar (store_vec4_to_lval)
    %jmp T_12.126;
T_12.124 ;
    %load/vec4 v0x62c9f2f83710_0;
    %load/vec4 v0x62c9f2f83810_0;
    %or;
    %ret/vec4 0, 0, 4;  Assign to fexp_logic_ci_bar (store_vec4_to_lval)
    %jmp T_12.126;
T_12.125 ;
    %load/vec4 v0x62c9f2f83710_0;
    %ret/vec4 0, 0, 4;  Assign to fexp_logic_ci_bar (store_vec4_to_lval)
    %jmp T_12.126;
T_12.126 ;
    %pop/vec4 1;
    %end;
S_0x62c9f2f83ac0 .scope task, "initialize" "initialize" 3 315, 3 315 0, S_0x62c9f2f562b0;
 .timescale -9 -11;
TD_tb_alu.initialize ;
    %vpi_func 3 317 "$fopen" 32, "tb_alu.tv", "r" {0 0 0};
    %store/vec4 v0x62c9f2f855e0_0, 0, 32;
    %pushi/vec4 0, 0, 1;
    %store/vec4 v0x62c9f2f85920_0, 0, 1;
    %pushi/vec4 0, 0, 32;
    %store/vec4 v0x62c9f2f859e0_0, 0, 32;
    %pushi/vec4 0, 0, 32;
    %store/vec4 v0x62c9f2f85420_0, 0, 32;
    %pushi/vec4 0, 0, 32;
    %store/vec4 v0x62c9f2f85e70_0, 0, 32;
T_13.127 ;
    %load/vec4 v0x62c9f2f85e70_0;
    %cmpi/s 64, 0, 32;
    %jmp/0xz T_13.128, 5;
    %pushi/vec4 0, 0, 32;
    %ix/getv/s 4, v0x62c9f2f85e70_0;
    %store/vec4a v0x62c9f2f85f50, 4, 0;
    ; show_stmt_assign_vector: Get l-value for compressed += operand
    %load/vec4 v0x62c9f2f85e70_0;
    %pushi/vec4 1, 0, 32;
    %add;
    %cast2;
    %store/vec4 v0x62c9f2f85e70_0, 0, 32;
    %jmp T_13.127;
T_13.128 ;
    %pushi/vec4 0, 0, 1;
    %store/vec4 v0x62c9f2f85db0_0, 0, 1;
    %vpi_call/w 3 330 "$display" {0 0 0};
    %vpi_call/w 3 331 "$display", "TEST_START----------------------------------------------------------------------------------------------" {0 0 0};
    %vpi_call/w 3 332 "$display" {0 0 0};
    %vpi_call/w 3 333 "$display", "                           | TIME | M | Ci_bar |    S    |    A    |    B    |    F    | FEXPECTED |" {0 0 0};
    %vpi_call/w 3 334 "$display", "--------------------------------------------------------------------------------------------------------" {0 0 0};
    %end;
S_0x62c9f2f83ca0 .scope function.vec4.s1, "num" "num" 3 71, 3 71 0, S_0x62c9f2f562b0;
 .timescale -9 -11;
v0x62c9f2f83e80_0 .var "cha", 7 0;
; Variable num is vec4 return value of scope S_0x62c9f2f83ca0
TD_tb_alu.num ;
    %load/vec4 v0x62c9f2f83e80_0;
    %pushi/vec4 49, 0, 8; draw_string_vec4
    %cmp/e;
    %flag_mov 8, 4;
    %jmp/0 T_14.129, 8;
    %pushi/vec4 1, 0, 1;
    %jmp/1 T_14.130, 8;
T_14.129 ; End of true expr.
    %load/vec4 v0x62c9f2f83e80_0;
    %pushi/vec4 48, 0, 8; draw_string_vec4
    %cmp/e;
    %flag_mov 9, 4;
    %jmp/0 T_14.131, 9;
    %pushi/vec4 0, 0, 1;
    %jmp/1 T_14.132, 9;
T_14.131 ; End of true expr.
    %pushi/vec4 1, 1, 1;
    %jmp/0 T_14.132, 9;
 ; End of false expr.
    %blend;
T_14.132;
    %jmp/0 T_14.130, 8;
 ; End of false expr.
    %blend;
T_14.130;
    %ret/vec4 0, 0, 1;  Assign to num (store_vec4_to_lval)
    %end;
S_0x62c9f2f84040 .scope task, "random_in" "random_in" 3 625, 3 625 0, S_0x62c9f2f562b0;
 .timescale -9 -11;
TD_tb_alu.random_in ;
    %vpi_func 3 628 "$urandom" 32 {0 0 0};
    %pushi/vec4 2, 0, 32;
    %mod;
    %pad/u 1;
    %store/vec4 v0x62c9f2f857a0_0, 0, 1;
    %load/vec4 v0x62c9f2f857a0_0;
    %pad/u 32;
    %cmpi/e 0, 0, 32;
    %flag_mov 8, 4;
    %jmp/0 T_15.133, 8;
    %vpi_func 3 629 "$urandom" 32 {0 0 0};
    %pushi/vec4 2, 0, 32;
    %mod;
    %jmp/1 T_15.134, 8;
T_15.133 ; End of true expr.
    %pushi/vec4 0, 0, 32;
    %jmp/0 T_15.134, 8;
 ; End of false expr.
    %blend;
T_15.134;
    %pad/u 1;
    %store/vec4 v0x62c9f2f85290_0, 0, 1;
    %vpi_func 3 630 "$urandom" 32 {0 0 0};
    %pushi/vec4 16, 0, 32;
    %mod;
    %pad/u 4;
    %store/vec4 v0x62c9f2f85840_0, 0, 4;
    %vpi_func 3 631 "$urandom" 32 {0 0 0};
    %pushi/vec4 16, 0, 32;
    %mod;
    %pad/u 4;
    %store/vec4 v0x62c9f2f84dd0_0, 0, 4;
    %vpi_func 3 632 "$urandom" 32 {0 0 0};
    %pushi/vec4 16, 0, 32;
    %mod;
    %pad/u 4;
    %store/vec4 v0x62c9f2f84fe0_0, 0, 4;
    %load/vec4 v0x62c9f2f84dd0_0;
    %load/vec4 v0x62c9f2f84fe0_0;
    %load/vec4 v0x62c9f2f85840_0;
    %load/vec4 v0x62c9f2f857a0_0;
    %load/vec4 v0x62c9f2f85290_0;
    %store/vec4 v0x62c9f2f72b50_0, 0, 1;
    %store/vec4 v0x62c9f2f72bf0_0, 0, 1;
    %store/vec4 v0x62c9f2f72cb0_0, 0, 4;
    %store/vec4 v0x62c9f2f72a70_0, 0, 4;
    %store/vec4 v0x62c9f2f58300_0, 0, 4;
    %callf/vec4 TD_tb_alu.cmt, S_0x62c9f2f4ee70;
    %store/vec4 v0x62c9f2f85080_0, 0, 256;
    %vpi_func 3 636 "$urandom_range" 32, 32'sb00000000000000000000000000000001, 32'sb00000000000000000000000000001010 {0 0 0};
    %pad/u 64;
    %muli 100, 0, 64;
    %ix/vec4 4;
    %delayx 4;
    %end;
S_0x62c9f2f84330 .scope task, "scan_file" "scan_file" 3 343, 3 343 0, S_0x62c9f2f562b0;
 .timescale -9 -11;
TD_tb_alu.scan_file ;
    %fork t_1, S_0x62c9f2f84510;
    %jmp t_0;
    .scope S_0x62c9f2f84510;
t_1 ;
    %vpi_func 3 350 "$fgets" 32, v0x62c9f2f84ac0_0, v0x62c9f2f855e0_0 {0 0 0};
    %store/vec4 v0x62c9f2f85160_0, 0, 32;
    %load/vec4 v0x62c9f2f85160_0;
    %pushi/vec4 0, 0, 32;
    %cmp/e;
    %flag_get/vec4 4;
    %store/vec4 v0x62c9f2f85db0_0, 0, 1;
    %pushi/vec4 0, 0, 32;
    %store/vec4 v0x62c9f2f848f0_0, 0, 32;
T_16.135 ;
    %load/vec4 v0x62c9f2f848f0_0;
    %cmpi/s 256, 0, 32;
    %flag_get/vec4 5;
    %jmp/0 T_16.139, 5;
    %load/vec4 v0x62c9f2f84ac0_0;
    %load/vec4 v0x62c9f2f848f0_0;
    %muli 8, 0, 32;
    %part/s 8;
    %pushi/vec4 0, 0, 8;
    %cmp/ne;
    %flag_get/vec4 6;
    %and;
T_16.139;
    %flag_set/vec4 10;
    %flag_get/vec4 10;
    %jmp/0 T_16.138, 10;
    %load/vec4 v0x62c9f2f84ac0_0;
    %load/vec4 v0x62c9f2f848f0_0;
    %muli 8, 0, 32;
    %part/s 8;
    %pushi/vec4 10, 0, 8;
    %cmp/ne;
    %flag_get/vec4 6;
    %and;
T_16.138;
    %flag_set/vec4 9;
    %flag_get/vec4 9;
    %jmp/0 T_16.137, 9;
    %load/vec4 v0x62c9f2f84ac0_0;
    %load/vec4 v0x62c9f2f848f0_0;
    %muli 8, 0, 32;
    %part/s 8;
    %pushi/vec4 13, 0, 8;
    %cmp/ne;
    %flag_get/vec4 6;
    %and;
T_16.137;
    %flag_set/vec4 8;
    %jmp/0xz T_16.136, 8;
    %load/vec4 v0x62c9f2f848f0_0;
    %addi 1, 0, 32;
    %store/vec4 v0x62c9f2f848f0_0, 0, 32;
    %jmp T_16.135;
T_16.136 ;
    %load/vec4 v0x62c9f2f848f0_0;
    %cmpi/ne 0, 0, 32;
    %jmp/0xz  T_16.140, 6;
    %load/vec4 v0x62c9f2f848f0_0;
    %subi 1, 0, 32;
    %store/vec4 v0x62c9f2f849e0_0, 0, 32;
    %jmp T_16.141;
T_16.140 ;
    %load/vec4 v0x62c9f2f848f0_0;
    %cmpi/e 0, 0, 32;
    %jmp/0xz  T_16.142, 4;
    %load/vec4 v0x62c9f2f848f0_0;
    %addi 1, 0, 32;
    %store/vec4 v0x62c9f2f849e0_0, 0, 32;
T_16.142 ;
T_16.141 ;
    %load/vec4 v0x62c9f2f849e0_0;
    %cmpi/s 0, 0, 32;
    %flag_or 5, 4;
    %jmp/1 T_16.146, 5;
    %flag_mov 8, 5;
    %load/vec4 v0x62c9f2f84ac0_0;
    %load/vec4 v0x62c9f2f849e0_0;
    %muli 8, 0, 32;
    %part/s 8;
    %cmpi/e 0, 0, 8;
    %flag_or 4, 8;
    %flag_mov 5, 4;
T_16.146;
    %jmp/0xz  T_16.144, 5;
    %disable S_0x62c9f2f84330;
T_16.144 ;
T_16.147 ;
    %load/vec4 v0x62c9f2f849e0_0;
    %cmpi/s 0, 0, 32;
    %flag_or 5, 4; GT is !LE
    %flag_inv 5;
    %flag_get/vec4 5;
    %jmp/0 T_16.149, 5;
    %load/vec4 v0x62c9f2f84ac0_0;
    %load/vec4 v0x62c9f2f849e0_0;
    %muli 8, 0, 32;
    %part/s 8;
    %cmpi/e 32, 0, 8;
    %flag_get/vec4 4;
    %jmp/1 T_16.150, 4;
    %load/vec4 v0x62c9f2f84ac0_0;
    %load/vec4 v0x62c9f2f849e0_0;
    %muli 8, 0, 32;
    %part/s 8;
    %pushi/vec4 9, 0, 8;
    %cmp/e;
    %flag_get/vec4 4;
    %or;
T_16.150;
    %and;
T_16.149;
    %flag_set/vec4 8;
    %jmp/0xz T_16.148, 8;
    %load/vec4 v0x62c9f2f848f0_0;
    %cmpi/e 0, 0, 32;
    %flag_mov 8, 4;
    %jmp/0 T_16.151, 8;
    %load/vec4 v0x62c9f2f849e0_0;
    %addi 1, 0, 32;
    %jmp/1 T_16.152, 8;
T_16.151 ; End of true expr.
    %load/vec4 v0x62c9f2f849e0_0;
    %subi 1, 0, 32;
    %jmp/0 T_16.152, 8;
 ; End of false expr.
    %blend;
T_16.152;
    %store/vec4 v0x62c9f2f849e0_0, 0, 32;
    %jmp T_16.147;
T_16.148 ;
    %load/vec4 v0x62c9f2f849e0_0;
    %store/vec4 v0x62c9f2f84810_0, 0, 32;
    %load/vec4 v0x62c9f2f848f0_0;
    %cmpi/e 0, 0, 32;
    %jmp/0xz  T_16.153, 4;
    %pushi/vec4 0, 0, 32;
    %store/vec4 v0x62c9f2f84710_0, 0, 32;
T_16.155 ;
    %load/vec4 v0x62c9f2f84710_0;
    %cmpi/s 256, 0, 32;
    %flag_get/vec4 5;
    %jmp/0 T_16.157, 5;
    %load/vec4 v0x62c9f2f84ac0_0;
    %load/vec4 v0x62c9f2f84710_0;
    %muli 8, 0, 32;
    %part/s 8;
    %pushi/vec4 0, 0, 8;
    %cmp/ne;
    %flag_get/vec4 6;
    %and;
T_16.157;
    %flag_set/vec4 8;
    %jmp/0xz T_16.156, 8;
    %load/vec4 v0x62c9f2f84710_0;
    %addi 1, 0, 32;
    %store/vec4 v0x62c9f2f84710_0, 0, 32;
    %jmp T_16.155;
T_16.156 ;
T_16.158 ;
    %load/vec4 v0x62c9f2f84ac0_0;
    %load/vec4 v0x62c9f2f84710_0;
    %muli 8, 0, 32;
    %part/s 8;
    %cmpi/e 32, 0, 8;
    %jmp/1 T_16.161, 4;
    %flag_mov 8, 4;
    %load/vec4 v0x62c9f2f84ac0_0;
    %load/vec4 v0x62c9f2f84710_0;
    %muli 8, 0, 32;
    %part/s 8;
    %cmpi/e 9, 0, 8;
    %flag_or 4, 8;
T_16.161;
    %jmp/1 T_16.160, 4;
    %flag_mov 8, 4;
    %load/vec4 v0x62c9f2f84ac0_0;
    %load/vec4 v0x62c9f2f84710_0;
    %muli 8, 0, 32;
    %part/s 8;
    %cmpi/e 0, 0, 8;
    %flag_or 4, 8;
T_16.160;
    %jmp/0xz T_16.159, 4;
    %load/vec4 v0x62c9f2f84710_0;
    %subi 1, 0, 32;
    %store/vec4 v0x62c9f2f84710_0, 0, 32;
    %jmp T_16.158;
T_16.159 ;
    %pushi/vec4 0, 0, 8;
    %load/vec4 v0x62c9f2f84710_0;
    %addi 1, 0, 32;
    %muli 8, 0, 32;
    %ix/vec4/s 4;
    %store/vec4 v0x62c9f2f84ac0_0, 4, 8;
    %jmp T_16.154;
T_16.153 ;
    %pushi/vec4 0, 0, 8;
    %load/vec4 v0x62c9f2f848f0_0;
    %muli 8, 0, 32;
    %ix/vec4/s 4;
    %store/vec4 v0x62c9f2f84ac0_0, 4, 8;
T_16.154 ;
T_16.162 ;
    %load/vec4 v0x62c9f2f84810_0;
    %cmpi/s 0, 0, 32;
    %flag_or 5, 4; GT is !LE
    %flag_inv 5;
    %flag_get/vec4 5;
    %jmp/0 T_16.164, 5;
    %load/vec4 v0x62c9f2f84ac0_0;
    %load/vec4 v0x62c9f2f84810_0;
    %muli 8, 0, 32;
    %part/s 8;
    %cmpi/e 49, 0, 8;
    %flag_get/vec4 4;
    %jmp/1 T_16.165, 4;
    %load/vec4 v0x62c9f2f84ac0_0;
    %load/vec4 v0x62c9f2f84810_0;
    %muli 8, 0, 32;
    %part/s 8;
    %pushi/vec4 48, 0, 8;
    %cmp/e;
    %flag_get/vec4 4;
    %or;
T_16.165;
    %and;
T_16.164;
    %flag_set/vec4 8;
    %jmp/0xz T_16.163, 8;
    %load/vec4 v0x62c9f2f848f0_0;
    %cmpi/e 0, 0, 32;
    %flag_mov 8, 4;
    %jmp/0 T_16.166, 8;
    %load/vec4 v0x62c9f2f84810_0;
    %addi 1, 0, 32;
    %jmp/1 T_16.167, 8;
T_16.166 ; End of true expr.
    %load/vec4 v0x62c9f2f84810_0;
    %subi 1, 0, 32;
    %jmp/0 T_16.167, 8;
 ; End of false expr.
    %blend;
T_16.167;
    %store/vec4 v0x62c9f2f84810_0, 0, 32;
    %jmp T_16.162;
T_16.163 ;
    %load/vec4 v0x62c9f2f84ac0_0;
    %load/vec4 v0x62c9f2f849e0_0;
    %muli 8, 0, 32;
    %part/s 8;
    %cmpi/e 49, 0, 8;
    %jmp/1 T_16.171, 4;
    %flag_mov 8, 4;
    %load/vec4 v0x62c9f2f84ac0_0;
    %load/vec4 v0x62c9f2f849e0_0;
    %muli 8, 0, 32;
    %part/s 8;
    %cmpi/e 48, 0, 8;
    %flag_or 4, 8;
T_16.171;
    %jmp/1 T_16.170, 4;
    %flag_mov 8, 4;
    %load/vec4 v0x62c9f2f84ac0_0;
    %load/vec4 v0x62c9f2f849e0_0;
    %muli 8, 0, 32;
    %part/s 8;
    %cmpi/e 45, 0, 8;
    %flag_or 4, 8;
T_16.170;
    %jmp/0xz  T_16.168, 4;
    %pushi/vec4 0, 0, 32;
    %store/vec4 v0x62c9f2f85e70_0, 0, 32;
T_16.172 ;
    %load/vec4 v0x62c9f2f85e70_0;
    %load/vec4 v0x62c9f2f848f0_0;
    %cmpi/e 0, 0, 32;
    %flag_mov 8, 4;
    %jmp/0 T_16.174, 8;
    %load/vec4 v0x62c9f2f84810_0;
    %load/vec4 v0x62c9f2f849e0_0;
    %sub;
    %jmp/1 T_16.175, 8;
T_16.174 ; End of true expr.
    %load/vec4 v0x62c9f2f849e0_0;
    %load/vec4 v0x62c9f2f84810_0;
    %sub;
    %jmp/0 T_16.175, 8;
 ; End of false expr.
    %blend;
T_16.175;
    %cmp/s;
    %jmp/0xz T_16.173, 5;
    %load/vec4 v0x62c9f2f849e0_0;
    %cmpi/s 0, 0, 32;
    %flag_inv 5; GE is !LT
    %jmp/0xz  T_16.176, 5;
    %load/vec4 v0x62c9f2f848f0_0;
    %cmpi/e 0, 0, 32;
    %flag_mov 8, 4;
    %jmp/0 T_16.178, 8;
    %load/vec4 v0x62c9f2f84ac0_0;
    %load/vec4 v0x62c9f2f849e0_0;
    %load/vec4 v0x62c9f2f85e70_0;
    %add;
    %muli 8, 0, 32;
    %part/s 8;
    %store/vec4 v0x62c9f2f83e80_0, 0, 8;
    %callf/vec4 TD_tb_alu.num, S_0x62c9f2f83ca0;
    %jmp/1 T_16.179, 8;
T_16.178 ; End of true expr.
    %load/vec4 v0x62c9f2f84ac0_0;
    %load/vec4 v0x62c9f2f849e0_0;
    %load/vec4 v0x62c9f2f85e70_0;
    %sub;
    %muli 8, 0, 32;
    %part/s 8;
    %store/vec4 v0x62c9f2f83e80_0, 0, 8;
    %callf/vec4 TD_tb_alu.num, S_0x62c9f2f83ca0;
    %jmp/0 T_16.179, 8;
 ; End of false expr.
    %blend;
T_16.179;
    %ix/getv/s 4, v0x62c9f2f85e70_0;
    %store/vec4 v0x62c9f2f856c0_0, 4, 1;
T_16.176 ;
    ; show_stmt_assign_vector: Get l-value for compressed += operand
    %load/vec4 v0x62c9f2f85e70_0;
    %pushi/vec4 1, 0, 32;
    %add;
    %cast2;
    %store/vec4 v0x62c9f2f85e70_0, 0, 32;
    %jmp T_16.172;
T_16.173 ;
T_16.168 ;
    %load/vec4 v0x62c9f2f84810_0;
    %store/vec4 v0x62c9f2f849e0_0, 0, 32;
T_16.180 ;
    %load/vec4 v0x62c9f2f849e0_0;
    %cmpi/s 0, 0, 32;
    %flag_or 5, 4; GT is !LE
    %flag_inv 5;
    %flag_get/vec4 5;
    %jmp/0 T_16.182, 5;
    %load/vec4 v0x62c9f2f84ac0_0;
    %load/vec4 v0x62c9f2f849e0_0;
    %muli 8, 0, 32;
    %part/s 8;
    %cmpi/e 32, 0, 8;
    %flag_get/vec4 4;
    %jmp/1 T_16.183, 4;
    %load/vec4 v0x62c9f2f84ac0_0;
    %load/vec4 v0x62c9f2f849e0_0;
    %muli 8, 0, 32;
    %part/s 8;
    %pushi/vec4 9, 0, 8;
    %cmp/e;
    %flag_get/vec4 4;
    %or;
T_16.183;
    %and;
T_16.182;
    %flag_set/vec4 8;
    %jmp/0xz T_16.181, 8;
    %load/vec4 v0x62c9f2f848f0_0;
    %cmpi/e 0, 0, 32;
    %flag_mov 8, 4;
    %jmp/0 T_16.184, 8;
    %load/vec4 v0x62c9f2f849e0_0;
    %addi 1, 0, 32;
    %jmp/1 T_16.185, 8;
T_16.184 ; End of true expr.
    %load/vec4 v0x62c9f2f849e0_0;
    %subi 1, 0, 32;
    %jmp/0 T_16.185, 8;
 ; End of false expr.
    %blend;
T_16.185;
    %store/vec4 v0x62c9f2f849e0_0, 0, 32;
    %jmp T_16.180;
T_16.181 ;
    %load/vec4 v0x62c9f2f849e0_0;
    %store/vec4 v0x62c9f2f84810_0, 0, 32;
T_16.186 ;
    %load/vec4 v0x62c9f2f84810_0;
    %cmpi/s 0, 0, 32;
    %flag_or 5, 4; GT is !LE
    %flag_inv 5;
    %flag_get/vec4 5;
    %jmp/0 T_16.188, 5;
    %load/vec4 v0x62c9f2f84ac0_0;
    %load/vec4 v0x62c9f2f84810_0;
    %muli 8, 0, 32;
    %part/s 8;
    %cmpi/e 49, 0, 8;
    %flag_get/vec4 4;
    %jmp/1 T_16.189, 4;
    %load/vec4 v0x62c9f2f84ac0_0;
    %load/vec4 v0x62c9f2f84810_0;
    %muli 8, 0, 32;
    %part/s 8;
    %pushi/vec4 48, 0, 8;
    %cmp/e;
    %flag_get/vec4 4;
    %or;
T_16.189;
    %and;
T_16.188;
    %flag_set/vec4 8;
    %jmp/0xz T_16.187, 8;
    %load/vec4 v0x62c9f2f848f0_0;
    %cmpi/e 0, 0, 32;
    %flag_mov 8, 4;
    %jmp/0 T_16.190, 8;
    %load/vec4 v0x62c9f2f84810_0;
    %addi 1, 0, 32;
    %jmp/1 T_16.191, 8;
T_16.190 ; End of true expr.
    %load/vec4 v0x62c9f2f84810_0;
    %subi 1, 0, 32;
    %jmp/0 T_16.191, 8;
 ; End of false expr.
    %blend;
T_16.191;
    %store/vec4 v0x62c9f2f84810_0, 0, 32;
    %jmp T_16.186;
T_16.187 ;
    %load/vec4 v0x62c9f2f84ac0_0;
    %load/vec4 v0x62c9f2f849e0_0;
    %muli 8, 0, 32;
    %part/s 8;
    %cmpi/e 49, 0, 8;
    %jmp/1 T_16.195, 4;
    %flag_mov 8, 4;
    %load/vec4 v0x62c9f2f84ac0_0;
    %load/vec4 v0x62c9f2f849e0_0;
    %muli 8, 0, 32;
    %part/s 8;
    %cmpi/e 48, 0, 8;
    %flag_or 4, 8;
T_16.195;
    %jmp/1 T_16.194, 4;
    %flag_mov 8, 4;
    %load/vec4 v0x62c9f2f84ac0_0;
    %load/vec4 v0x62c9f2f849e0_0;
    %muli 8, 0, 32;
    %part/s 8;
    %cmpi/e 45, 0, 8;
    %flag_or 4, 8;
T_16.194;
    %jmp/0xz  T_16.192, 4;
    %pushi/vec4 0, 0, 32;
    %store/vec4 v0x62c9f2f85e70_0, 0, 32;
T_16.196 ;
    %load/vec4 v0x62c9f2f85e70_0;
    %load/vec4 v0x62c9f2f848f0_0;
    %cmpi/e 0, 0, 32;
    %flag_mov 8, 4;
    %jmp/0 T_16.198, 8;
    %load/vec4 v0x62c9f2f84810_0;
    %load/vec4 v0x62c9f2f849e0_0;
    %sub;
    %jmp/1 T_16.199, 8;
T_16.198 ; End of true expr.
    %load/vec4 v0x62c9f2f849e0_0;
    %load/vec4 v0x62c9f2f84810_0;
    %sub;
    %jmp/0 T_16.199, 8;
 ; End of false expr.
    %blend;
T_16.199;
    %cmp/s;
    %jmp/0xz T_16.197, 5;
    %load/vec4 v0x62c9f2f849e0_0;
    %cmpi/s 0, 0, 32;
    %flag_inv 5; GE is !LT
    %jmp/0xz  T_16.200, 5;
    %load/vec4 v0x62c9f2f848f0_0;
    %cmpi/e 0, 0, 32;
    %flag_mov 8, 4;
    %jmp/0 T_16.202, 8;
    %load/vec4 v0x62c9f2f84ac0_0;
    %load/vec4 v0x62c9f2f849e0_0;
    %load/vec4 v0x62c9f2f85e70_0;
    %add;
    %muli 8, 0, 32;
    %part/s 8;
    %store/vec4 v0x62c9f2f83e80_0, 0, 8;
    %callf/vec4 TD_tb_alu.num, S_0x62c9f2f83ca0;
    %jmp/1 T_16.203, 8;
T_16.202 ; End of true expr.
    %load/vec4 v0x62c9f2f84ac0_0;
    %load/vec4 v0x62c9f2f849e0_0;
    %load/vec4 v0x62c9f2f85e70_0;
    %sub;
    %muli 8, 0, 32;
    %part/s 8;
    %store/vec4 v0x62c9f2f83e80_0, 0, 8;
    %callf/vec4 TD_tb_alu.num, S_0x62c9f2f83ca0;
    %jmp/0 T_16.203, 8;
 ; End of false expr.
    %blend;
T_16.203;
    %ix/getv/s 4, v0x62c9f2f85e70_0;
    %store/vec4 v0x62c9f2f84fe0_0, 4, 1;
T_16.200 ;
    ; show_stmt_assign_vector: Get l-value for compressed += operand
    %load/vec4 v0x62c9f2f85e70_0;
    %pushi/vec4 1, 0, 32;
    %add;
    %cast2;
    %store/vec4 v0x62c9f2f85e70_0, 0, 32;
    %jmp T_16.196;
T_16.197 ;
T_16.192 ;
    %load/vec4 v0x62c9f2f84810_0;
    %store/vec4 v0x62c9f2f849e0_0, 0, 32;
T_16.204 ;
    %load/vec4 v0x62c9f2f849e0_0;
    %cmpi/s 0, 0, 32;
    %flag_or 5, 4; GT is !LE
    %flag_inv 5;
    %flag_get/vec4 5;
    %jmp/0 T_16.206, 5;
    %load/vec4 v0x62c9f2f84ac0_0;
    %load/vec4 v0x62c9f2f849e0_0;
    %muli 8, 0, 32;
    %part/s 8;
    %cmpi/e 32, 0, 8;
    %flag_get/vec4 4;
    %jmp/1 T_16.207, 4;
    %load/vec4 v0x62c9f2f84ac0_0;
    %load/vec4 v0x62c9f2f849e0_0;
    %muli 8, 0, 32;
    %part/s 8;
    %pushi/vec4 9, 0, 8;
    %cmp/e;
    %flag_get/vec4 4;
    %or;
T_16.207;
    %and;
T_16.206;
    %flag_set/vec4 8;
    %jmp/0xz T_16.205, 8;
    %load/vec4 v0x62c9f2f848f0_0;
    %cmpi/e 0, 0, 32;
    %flag_mov 8, 4;
    %jmp/0 T_16.208, 8;
    %load/vec4 v0x62c9f2f849e0_0;
    %addi 1, 0, 32;
    %jmp/1 T_16.209, 8;
T_16.208 ; End of true expr.
    %load/vec4 v0x62c9f2f849e0_0;
    %subi 1, 0, 32;
    %jmp/0 T_16.209, 8;
 ; End of false expr.
    %blend;
T_16.209;
    %store/vec4 v0x62c9f2f849e0_0, 0, 32;
    %jmp T_16.204;
T_16.205 ;
    %load/vec4 v0x62c9f2f849e0_0;
    %store/vec4 v0x62c9f2f84810_0, 0, 32;
T_16.210 ;
    %load/vec4 v0x62c9f2f84810_0;
    %cmpi/s 0, 0, 32;
    %flag_or 5, 4; GT is !LE
    %flag_inv 5;
    %flag_get/vec4 5;
    %jmp/0 T_16.212, 5;
    %load/vec4 v0x62c9f2f84ac0_0;
    %load/vec4 v0x62c9f2f84810_0;
    %muli 8, 0, 32;
    %part/s 8;
    %cmpi/e 49, 0, 8;
    %flag_get/vec4 4;
    %jmp/1 T_16.213, 4;
    %load/vec4 v0x62c9f2f84ac0_0;
    %load/vec4 v0x62c9f2f84810_0;
    %muli 8, 0, 32;
    %part/s 8;
    %pushi/vec4 48, 0, 8;
    %cmp/e;
    %flag_get/vec4 4;
    %or;
T_16.213;
    %and;
T_16.212;
    %flag_set/vec4 8;
    %jmp/0xz T_16.211, 8;
    %load/vec4 v0x62c9f2f848f0_0;
    %cmpi/e 0, 0, 32;
    %flag_mov 8, 4;
    %jmp/0 T_16.214, 8;
    %load/vec4 v0x62c9f2f84810_0;
    %addi 1, 0, 32;
    %jmp/1 T_16.215, 8;
T_16.214 ; End of true expr.
    %load/vec4 v0x62c9f2f84810_0;
    %subi 1, 0, 32;
    %jmp/0 T_16.215, 8;
 ; End of false expr.
    %blend;
T_16.215;
    %store/vec4 v0x62c9f2f84810_0, 0, 32;
    %jmp T_16.210;
T_16.211 ;
    %load/vec4 v0x62c9f2f84ac0_0;
    %load/vec4 v0x62c9f2f849e0_0;
    %muli 8, 0, 32;
    %part/s 8;
    %cmpi/e 49, 0, 8;
    %jmp/1 T_16.219, 4;
    %flag_mov 8, 4;
    %load/vec4 v0x62c9f2f84ac0_0;
    %load/vec4 v0x62c9f2f849e0_0;
    %muli 8, 0, 32;
    %part/s 8;
    %cmpi/e 48, 0, 8;
    %flag_or 4, 8;
T_16.219;
    %jmp/1 T_16.218, 4;
    %flag_mov 8, 4;
    %load/vec4 v0x62c9f2f84ac0_0;
    %load/vec4 v0x62c9f2f849e0_0;
    %muli 8, 0, 32;
    %part/s 8;
    %cmpi/e 45, 0, 8;
    %flag_or 4, 8;
T_16.218;
    %jmp/0xz  T_16.216, 4;
    %pushi/vec4 0, 0, 32;
    %store/vec4 v0x62c9f2f85e70_0, 0, 32;
T_16.220 ;
    %load/vec4 v0x62c9f2f85e70_0;
    %load/vec4 v0x62c9f2f848f0_0;
    %cmpi/e 0, 0, 32;
    %flag_mov 8, 4;
    %jmp/0 T_16.222, 8;
    %load/vec4 v0x62c9f2f84810_0;
    %load/vec4 v0x62c9f2f849e0_0;
    %sub;
    %jmp/1 T_16.223, 8;
T_16.222 ; End of true expr.
    %load/vec4 v0x62c9f2f849e0_0;
    %load/vec4 v0x62c9f2f84810_0;
    %sub;
    %jmp/0 T_16.223, 8;
 ; End of false expr.
    %blend;
T_16.223;
    %cmp/s;
    %jmp/0xz T_16.221, 5;
    %load/vec4 v0x62c9f2f849e0_0;
    %cmpi/s 0, 0, 32;
    %flag_inv 5; GE is !LT
    %jmp/0xz  T_16.224, 5;
    %load/vec4 v0x62c9f2f848f0_0;
    %cmpi/e 0, 0, 32;
    %flag_mov 8, 4;
    %jmp/0 T_16.226, 8;
    %load/vec4 v0x62c9f2f84ac0_0;
    %load/vec4 v0x62c9f2f849e0_0;
    %load/vec4 v0x62c9f2f85e70_0;
    %add;
    %muli 8, 0, 32;
    %part/s 8;
    %store/vec4 v0x62c9f2f83e80_0, 0, 8;
    %callf/vec4 TD_tb_alu.num, S_0x62c9f2f83ca0;
    %jmp/1 T_16.227, 8;
T_16.226 ; End of true expr.
    %load/vec4 v0x62c9f2f84ac0_0;
    %load/vec4 v0x62c9f2f849e0_0;
    %load/vec4 v0x62c9f2f85e70_0;
    %sub;
    %muli 8, 0, 32;
    %part/s 8;
    %store/vec4 v0x62c9f2f83e80_0, 0, 8;
    %callf/vec4 TD_tb_alu.num, S_0x62c9f2f83ca0;
    %jmp/0 T_16.227, 8;
 ; End of false expr.
    %blend;
T_16.227;
    %ix/getv/s 4, v0x62c9f2f85e70_0;
    %store/vec4 v0x62c9f2f84dd0_0, 4, 1;
T_16.224 ;
    ; show_stmt_assign_vector: Get l-value for compressed += operand
    %load/vec4 v0x62c9f2f85e70_0;
    %pushi/vec4 1, 0, 32;
    %add;
    %cast2;
    %store/vec4 v0x62c9f2f85e70_0, 0, 32;
    %jmp T_16.220;
T_16.221 ;
T_16.216 ;
    %load/vec4 v0x62c9f2f84810_0;
    %store/vec4 v0x62c9f2f849e0_0, 0, 32;
T_16.228 ;
    %load/vec4 v0x62c9f2f849e0_0;
    %cmpi/s 0, 0, 32;
    %flag_or 5, 4; GT is !LE
    %flag_inv 5;
    %flag_get/vec4 5;
    %jmp/0 T_16.230, 5;
    %load/vec4 v0x62c9f2f84ac0_0;
    %load/vec4 v0x62c9f2f849e0_0;
    %muli 8, 0, 32;
    %part/s 8;
    %cmpi/e 32, 0, 8;
    %flag_get/vec4 4;
    %jmp/1 T_16.231, 4;
    %load/vec4 v0x62c9f2f84ac0_0;
    %load/vec4 v0x62c9f2f849e0_0;
    %muli 8, 0, 32;
    %part/s 8;
    %pushi/vec4 9, 0, 8;
    %cmp/e;
    %flag_get/vec4 4;
    %or;
T_16.231;
    %and;
T_16.230;
    %flag_set/vec4 8;
    %jmp/0xz T_16.229, 8;
    %load/vec4 v0x62c9f2f848f0_0;
    %cmpi/e 0, 0, 32;
    %flag_mov 8, 4;
    %jmp/0 T_16.232, 8;
    %load/vec4 v0x62c9f2f849e0_0;
    %addi 1, 0, 32;
    %jmp/1 T_16.233, 8;
T_16.232 ; End of true expr.
    %load/vec4 v0x62c9f2f849e0_0;
    %subi 1, 0, 32;
    %jmp/0 T_16.233, 8;
 ; End of false expr.
    %blend;
T_16.233;
    %store/vec4 v0x62c9f2f849e0_0, 0, 32;
    %jmp T_16.228;
T_16.229 ;
    %load/vec4 v0x62c9f2f849e0_0;
    %store/vec4 v0x62c9f2f84810_0, 0, 32;
T_16.234 ;
    %load/vec4 v0x62c9f2f84810_0;
    %cmpi/s 0, 0, 32;
    %flag_or 5, 4; GT is !LE
    %flag_inv 5;
    %flag_get/vec4 5;
    %jmp/0 T_16.236, 5;
    %load/vec4 v0x62c9f2f84ac0_0;
    %load/vec4 v0x62c9f2f84810_0;
    %muli 8, 0, 32;
    %part/s 8;
    %cmpi/e 49, 0, 8;
    %flag_get/vec4 4;
    %jmp/1 T_16.237, 4;
    %load/vec4 v0x62c9f2f84ac0_0;
    %load/vec4 v0x62c9f2f84810_0;
    %muli 8, 0, 32;
    %part/s 8;
    %pushi/vec4 48, 0, 8;
    %cmp/e;
    %flag_get/vec4 4;
    %or;
T_16.237;
    %and;
T_16.236;
    %flag_set/vec4 8;
    %jmp/0xz T_16.235, 8;
    %load/vec4 v0x62c9f2f848f0_0;
    %cmpi/e 0, 0, 32;
    %flag_mov 8, 4;
    %jmp/0 T_16.238, 8;
    %load/vec4 v0x62c9f2f84810_0;
    %addi 1, 0, 32;
    %jmp/1 T_16.239, 8;
T_16.238 ; End of true expr.
    %load/vec4 v0x62c9f2f84810_0;
    %subi 1, 0, 32;
    %jmp/0 T_16.239, 8;
 ; End of false expr.
    %blend;
T_16.239;
    %store/vec4 v0x62c9f2f84810_0, 0, 32;
    %jmp T_16.234;
T_16.235 ;
    %load/vec4 v0x62c9f2f84ac0_0;
    %load/vec4 v0x62c9f2f849e0_0;
    %muli 8, 0, 32;
    %part/s 8;
    %cmpi/e 49, 0, 8;
    %jmp/1 T_16.243, 4;
    %flag_mov 8, 4;
    %load/vec4 v0x62c9f2f84ac0_0;
    %load/vec4 v0x62c9f2f849e0_0;
    %muli 8, 0, 32;
    %part/s 8;
    %cmpi/e 48, 0, 8;
    %flag_or 4, 8;
T_16.243;
    %jmp/1 T_16.242, 4;
    %flag_mov 8, 4;
    %load/vec4 v0x62c9f2f84ac0_0;
    %load/vec4 v0x62c9f2f849e0_0;
    %muli 8, 0, 32;
    %part/s 8;
    %cmpi/e 45, 0, 8;
    %flag_or 4, 8;
T_16.242;
    %jmp/0xz  T_16.240, 4;
    %pushi/vec4 0, 0, 32;
    %store/vec4 v0x62c9f2f85e70_0, 0, 32;
T_16.244 ;
    %load/vec4 v0x62c9f2f85e70_0;
    %load/vec4 v0x62c9f2f848f0_0;
    %cmpi/e 0, 0, 32;
    %flag_mov 8, 4;
    %jmp/0 T_16.246, 8;
    %load/vec4 v0x62c9f2f84810_0;
    %load/vec4 v0x62c9f2f849e0_0;
    %sub;
    %jmp/1 T_16.247, 8;
T_16.246 ; End of true expr.
    %load/vec4 v0x62c9f2f849e0_0;
    %load/vec4 v0x62c9f2f84810_0;
    %sub;
    %jmp/0 T_16.247, 8;
 ; End of false expr.
    %blend;
T_16.247;
    %cmp/s;
    %jmp/0xz T_16.245, 5;
    %load/vec4 v0x62c9f2f849e0_0;
    %cmpi/s 0, 0, 32;
    %flag_inv 5; GE is !LT
    %jmp/0xz  T_16.248, 5;
    %load/vec4 v0x62c9f2f848f0_0;
    %cmpi/e 0, 0, 32;
    %flag_mov 8, 4;
    %jmp/0 T_16.250, 8;
    %load/vec4 v0x62c9f2f84ac0_0;
    %load/vec4 v0x62c9f2f849e0_0;
    %load/vec4 v0x62c9f2f85e70_0;
    %add;
    %muli 8, 0, 32;
    %part/s 8;
    %store/vec4 v0x62c9f2f83e80_0, 0, 8;
    %callf/vec4 TD_tb_alu.num, S_0x62c9f2f83ca0;
    %jmp/1 T_16.251, 8;
T_16.250 ; End of true expr.
    %load/vec4 v0x62c9f2f84ac0_0;
    %load/vec4 v0x62c9f2f849e0_0;
    %load/vec4 v0x62c9f2f85e70_0;
    %sub;
    %muli 8, 0, 32;
    %part/s 8;
    %store/vec4 v0x62c9f2f83e80_0, 0, 8;
    %callf/vec4 TD_tb_alu.num, S_0x62c9f2f83ca0;
    %jmp/0 T_16.251, 8;
 ; End of false expr.
    %blend;
T_16.251;
    %ix/getv/s 4, v0x62c9f2f85e70_0;
    %store/vec4 v0x62c9f2f85840_0, 4, 1;
T_16.248 ;
    ; show_stmt_assign_vector: Get l-value for compressed += operand
    %load/vec4 v0x62c9f2f85e70_0;
    %pushi/vec4 1, 0, 32;
    %add;
    %cast2;
    %store/vec4 v0x62c9f2f85e70_0, 0, 32;
    %jmp T_16.244;
T_16.245 ;
T_16.240 ;
    %load/vec4 v0x62c9f2f84810_0;
    %store/vec4 v0x62c9f2f849e0_0, 0, 32;
T_16.252 ;
    %load/vec4 v0x62c9f2f849e0_0;
    %cmpi/s 0, 0, 32;
    %flag_or 5, 4; GT is !LE
    %flag_inv 5;
    %flag_get/vec4 5;
    %jmp/0 T_16.254, 5;
    %load/vec4 v0x62c9f2f84ac0_0;
    %load/vec4 v0x62c9f2f849e0_0;
    %muli 8, 0, 32;
    %part/s 8;
    %cmpi/e 32, 0, 8;
    %flag_get/vec4 4;
    %jmp/1 T_16.255, 4;
    %load/vec4 v0x62c9f2f84ac0_0;
    %load/vec4 v0x62c9f2f849e0_0;
    %muli 8, 0, 32;
    %part/s 8;
    %pushi/vec4 9, 0, 8;
    %cmp/e;
    %flag_get/vec4 4;
    %or;
T_16.255;
    %and;
T_16.254;
    %flag_set/vec4 8;
    %jmp/0xz T_16.253, 8;
    %load/vec4 v0x62c9f2f848f0_0;
    %cmpi/e 0, 0, 32;
    %flag_mov 8, 4;
    %jmp/0 T_16.256, 8;
    %load/vec4 v0x62c9f2f849e0_0;
    %addi 1, 0, 32;
    %jmp/1 T_16.257, 8;
T_16.256 ; End of true expr.
    %load/vec4 v0x62c9f2f849e0_0;
    %subi 1, 0, 32;
    %jmp/0 T_16.257, 8;
 ; End of false expr.
    %blend;
T_16.257;
    %store/vec4 v0x62c9f2f849e0_0, 0, 32;
    %jmp T_16.252;
T_16.253 ;
    %load/vec4 v0x62c9f2f849e0_0;
    %store/vec4 v0x62c9f2f84810_0, 0, 32;
T_16.258 ;
    %load/vec4 v0x62c9f2f84810_0;
    %cmpi/s 0, 0, 32;
    %flag_or 5, 4; GT is !LE
    %flag_inv 5;
    %flag_get/vec4 5;
    %jmp/0 T_16.260, 5;
    %load/vec4 v0x62c9f2f84ac0_0;
    %load/vec4 v0x62c9f2f84810_0;
    %muli 8, 0, 32;
    %part/s 8;
    %cmpi/e 49, 0, 8;
    %flag_get/vec4 4;
    %jmp/1 T_16.261, 4;
    %load/vec4 v0x62c9f2f84ac0_0;
    %load/vec4 v0x62c9f2f84810_0;
    %muli 8, 0, 32;
    %part/s 8;
    %pushi/vec4 48, 0, 8;
    %cmp/e;
    %flag_get/vec4 4;
    %or;
T_16.261;
    %and;
T_16.260;
    %flag_set/vec4 8;
    %jmp/0xz T_16.259, 8;
    %load/vec4 v0x62c9f2f848f0_0;
    %cmpi/e 0, 0, 32;
    %flag_mov 8, 4;
    %jmp/0 T_16.262, 8;
    %load/vec4 v0x62c9f2f84810_0;
    %addi 1, 0, 32;
    %jmp/1 T_16.263, 8;
T_16.262 ; End of true expr.
    %load/vec4 v0x62c9f2f84810_0;
    %subi 1, 0, 32;
    %jmp/0 T_16.263, 8;
 ; End of false expr.
    %blend;
T_16.263;
    %store/vec4 v0x62c9f2f84810_0, 0, 32;
    %jmp T_16.258;
T_16.259 ;
    %load/vec4 v0x62c9f2f84ac0_0;
    %load/vec4 v0x62c9f2f849e0_0;
    %muli 8, 0, 32;
    %part/s 8;
    %cmpi/e 49, 0, 8;
    %jmp/1 T_16.267, 4;
    %flag_mov 8, 4;
    %load/vec4 v0x62c9f2f84ac0_0;
    %load/vec4 v0x62c9f2f849e0_0;
    %muli 8, 0, 32;
    %part/s 8;
    %cmpi/e 48, 0, 8;
    %flag_or 4, 8;
T_16.267;
    %jmp/1 T_16.266, 4;
    %flag_mov 8, 4;
    %load/vec4 v0x62c9f2f84ac0_0;
    %load/vec4 v0x62c9f2f849e0_0;
    %muli 8, 0, 32;
    %part/s 8;
    %cmpi/e 45, 0, 8;
    %flag_or 4, 8;
T_16.266;
    %jmp/0xz  T_16.264, 4;
    %pushi/vec4 0, 0, 32;
    %store/vec4 v0x62c9f2f85e70_0, 0, 32;
T_16.268 ;
    %load/vec4 v0x62c9f2f85e70_0;
    %load/vec4 v0x62c9f2f848f0_0;
    %cmpi/e 0, 0, 32;
    %flag_mov 8, 4;
    %jmp/0 T_16.270, 8;
    %load/vec4 v0x62c9f2f84810_0;
    %load/vec4 v0x62c9f2f849e0_0;
    %sub;
    %jmp/1 T_16.271, 8;
T_16.270 ; End of true expr.
    %load/vec4 v0x62c9f2f849e0_0;
    %load/vec4 v0x62c9f2f84810_0;
    %sub;
    %jmp/0 T_16.271, 8;
 ; End of false expr.
    %blend;
T_16.271;
    %cmp/s;
    %jmp/0xz T_16.269, 5;
    %load/vec4 v0x62c9f2f849e0_0;
    %cmpi/s 0, 0, 32;
    %flag_inv 5; GE is !LT
    %jmp/0xz  T_16.272, 5;
    %load/vec4 v0x62c9f2f848f0_0;
    %cmpi/e 0, 0, 32;
    %flag_mov 8, 4;
    %jmp/0 T_16.274, 8;
    %load/vec4 v0x62c9f2f84ac0_0;
    %load/vec4 v0x62c9f2f849e0_0;
    %load/vec4 v0x62c9f2f85e70_0;
    %add;
    %muli 8, 0, 32;
    %part/s 8;
    %store/vec4 v0x62c9f2f83e80_0, 0, 8;
    %callf/vec4 TD_tb_alu.num, S_0x62c9f2f83ca0;
    %jmp/1 T_16.275, 8;
T_16.274 ; End of true expr.
    %load/vec4 v0x62c9f2f84ac0_0;
    %load/vec4 v0x62c9f2f849e0_0;
    %load/vec4 v0x62c9f2f85e70_0;
    %sub;
    %muli 8, 0, 32;
    %part/s 8;
    %store/vec4 v0x62c9f2f83e80_0, 0, 8;
    %callf/vec4 TD_tb_alu.num, S_0x62c9f2f83ca0;
    %jmp/0 T_16.275, 8;
 ; End of false expr.
    %blend;
T_16.275;
    %store/vec4 v0x62c9f2f85290_0, 0, 1;
T_16.272 ;
    ; show_stmt_assign_vector: Get l-value for compressed += operand
    %load/vec4 v0x62c9f2f85e70_0;
    %pushi/vec4 1, 0, 32;
    %add;
    %cast2;
    %store/vec4 v0x62c9f2f85e70_0, 0, 32;
    %jmp T_16.268;
T_16.269 ;
T_16.264 ;
    %load/vec4 v0x62c9f2f84810_0;
    %store/vec4 v0x62c9f2f849e0_0, 0, 32;
T_16.276 ;
    %load/vec4 v0x62c9f2f849e0_0;
    %cmpi/s 0, 0, 32;
    %flag_or 5, 4; GT is !LE
    %flag_inv 5;
    %flag_get/vec4 5;
    %jmp/0 T_16.278, 5;
    %load/vec4 v0x62c9f2f84ac0_0;
    %load/vec4 v0x62c9f2f849e0_0;
    %muli 8, 0, 32;
    %part/s 8;
    %cmpi/e 32, 0, 8;
    %flag_get/vec4 4;
    %jmp/1 T_16.279, 4;
    %load/vec4 v0x62c9f2f84ac0_0;
    %load/vec4 v0x62c9f2f849e0_0;
    %muli 8, 0, 32;
    %part/s 8;
    %pushi/vec4 9, 0, 8;
    %cmp/e;
    %flag_get/vec4 4;
    %or;
T_16.279;
    %and;
T_16.278;
    %flag_set/vec4 8;
    %jmp/0xz T_16.277, 8;
    %load/vec4 v0x62c9f2f848f0_0;
    %cmpi/e 0, 0, 32;
    %flag_mov 8, 4;
    %jmp/0 T_16.280, 8;
    %load/vec4 v0x62c9f2f849e0_0;
    %addi 1, 0, 32;
    %jmp/1 T_16.281, 8;
T_16.280 ; End of true expr.
    %load/vec4 v0x62c9f2f849e0_0;
    %subi 1, 0, 32;
    %jmp/0 T_16.281, 8;
 ; End of false expr.
    %blend;
T_16.281;
    %store/vec4 v0x62c9f2f849e0_0, 0, 32;
    %jmp T_16.276;
T_16.277 ;
    %load/vec4 v0x62c9f2f849e0_0;
    %store/vec4 v0x62c9f2f84810_0, 0, 32;
T_16.282 ;
    %load/vec4 v0x62c9f2f84810_0;
    %cmpi/s 0, 0, 32;
    %flag_or 5, 4; GT is !LE
    %flag_inv 5;
    %flag_get/vec4 5;
    %jmp/0 T_16.284, 5;
    %load/vec4 v0x62c9f2f84ac0_0;
    %load/vec4 v0x62c9f2f84810_0;
    %muli 8, 0, 32;
    %part/s 8;
    %cmpi/e 49, 0, 8;
    %flag_get/vec4 4;
    %jmp/1 T_16.285, 4;
    %load/vec4 v0x62c9f2f84ac0_0;
    %load/vec4 v0x62c9f2f84810_0;
    %muli 8, 0, 32;
    %part/s 8;
    %pushi/vec4 48, 0, 8;
    %cmp/e;
    %flag_get/vec4 4;
    %or;
T_16.285;
    %and;
T_16.284;
    %flag_set/vec4 8;
    %jmp/0xz T_16.283, 8;
    %load/vec4 v0x62c9f2f848f0_0;
    %cmpi/e 0, 0, 32;
    %flag_mov 8, 4;
    %jmp/0 T_16.286, 8;
    %load/vec4 v0x62c9f2f84810_0;
    %addi 1, 0, 32;
    %jmp/1 T_16.287, 8;
T_16.286 ; End of true expr.
    %load/vec4 v0x62c9f2f84810_0;
    %subi 1, 0, 32;
    %jmp/0 T_16.287, 8;
 ; End of false expr.
    %blend;
T_16.287;
    %store/vec4 v0x62c9f2f84810_0, 0, 32;
    %jmp T_16.282;
T_16.283 ;
    %load/vec4 v0x62c9f2f84ac0_0;
    %load/vec4 v0x62c9f2f849e0_0;
    %muli 8, 0, 32;
    %part/s 8;
    %cmpi/e 49, 0, 8;
    %jmp/1 T_16.291, 4;
    %flag_mov 8, 4;
    %load/vec4 v0x62c9f2f84ac0_0;
    %load/vec4 v0x62c9f2f849e0_0;
    %muli 8, 0, 32;
    %part/s 8;
    %cmpi/e 48, 0, 8;
    %flag_or 4, 8;
T_16.291;
    %jmp/1 T_16.290, 4;
    %flag_mov 8, 4;
    %load/vec4 v0x62c9f2f84ac0_0;
    %load/vec4 v0x62c9f2f849e0_0;
    %muli 8, 0, 32;
    %part/s 8;
    %cmpi/e 45, 0, 8;
    %flag_or 4, 8;
T_16.290;
    %jmp/0xz  T_16.288, 4;
    %pushi/vec4 0, 0, 32;
    %store/vec4 v0x62c9f2f85e70_0, 0, 32;
T_16.292 ;
    %load/vec4 v0x62c9f2f85e70_0;
    %load/vec4 v0x62c9f2f848f0_0;
    %cmpi/e 0, 0, 32;
    %flag_mov 8, 4;
    %jmp/0 T_16.294, 8;
    %load/vec4 v0x62c9f2f84810_0;
    %load/vec4 v0x62c9f2f849e0_0;
    %sub;
    %jmp/1 T_16.295, 8;
T_16.294 ; End of true expr.
    %load/vec4 v0x62c9f2f849e0_0;
    %load/vec4 v0x62c9f2f84810_0;
    %sub;
    %jmp/0 T_16.295, 8;
 ; End of false expr.
    %blend;
T_16.295;
    %cmp/s;
    %jmp/0xz T_16.293, 5;
    %load/vec4 v0x62c9f2f849e0_0;
    %cmpi/s 0, 0, 32;
    %flag_inv 5; GE is !LT
    %jmp/0xz  T_16.296, 5;
    %load/vec4 v0x62c9f2f848f0_0;
    %cmpi/e 0, 0, 32;
    %flag_mov 8, 4;
    %jmp/0 T_16.298, 8;
    %load/vec4 v0x62c9f2f84ac0_0;
    %load/vec4 v0x62c9f2f849e0_0;
    %load/vec4 v0x62c9f2f85e70_0;
    %add;
    %muli 8, 0, 32;
    %part/s 8;
    %store/vec4 v0x62c9f2f83e80_0, 0, 8;
    %callf/vec4 TD_tb_alu.num, S_0x62c9f2f83ca0;
    %jmp/1 T_16.299, 8;
T_16.298 ; End of true expr.
    %load/vec4 v0x62c9f2f84ac0_0;
    %load/vec4 v0x62c9f2f849e0_0;
    %load/vec4 v0x62c9f2f85e70_0;
    %sub;
    %muli 8, 0, 32;
    %part/s 8;
    %store/vec4 v0x62c9f2f83e80_0, 0, 8;
    %callf/vec4 TD_tb_alu.num, S_0x62c9f2f83ca0;
    %jmp/0 T_16.299, 8;
 ; End of false expr.
    %blend;
T_16.299;
    %store/vec4 v0x62c9f2f857a0_0, 0, 1;
T_16.296 ;
    ; show_stmt_assign_vector: Get l-value for compressed += operand
    %load/vec4 v0x62c9f2f85e70_0;
    %pushi/vec4 1, 0, 32;
    %add;
    %cast2;
    %store/vec4 v0x62c9f2f85e70_0, 0, 32;
    %jmp T_16.292;
T_16.293 ;
T_16.288 ;
    %load/vec4 v0x62c9f2f84810_0;
    %store/vec4 v0x62c9f2f849e0_0, 0, 32;
T_16.300 ;
    %load/vec4 v0x62c9f2f849e0_0;
    %cmpi/s 0, 0, 32;
    %flag_or 5, 4; GT is !LE
    %flag_inv 5;
    %flag_get/vec4 5;
    %jmp/0 T_16.302, 5;
    %load/vec4 v0x62c9f2f84ac0_0;
    %load/vec4 v0x62c9f2f849e0_0;
    %muli 8, 0, 32;
    %part/s 8;
    %cmpi/e 32, 0, 8;
    %flag_get/vec4 4;
    %jmp/1 T_16.303, 4;
    %load/vec4 v0x62c9f2f84ac0_0;
    %load/vec4 v0x62c9f2f849e0_0;
    %muli 8, 0, 32;
    %part/s 8;
    %pushi/vec4 9, 0, 8;
    %cmp/e;
    %flag_get/vec4 4;
    %or;
T_16.303;
    %and;
T_16.302;
    %flag_set/vec4 8;
    %jmp/0xz T_16.301, 8;
    %load/vec4 v0x62c9f2f848f0_0;
    %cmpi/e 0, 0, 32;
    %flag_mov 8, 4;
    %jmp/0 T_16.304, 8;
    %load/vec4 v0x62c9f2f849e0_0;
    %addi 1, 0, 32;
    %jmp/1 T_16.305, 8;
T_16.304 ; End of true expr.
    %load/vec4 v0x62c9f2f849e0_0;
    %subi 1, 0, 32;
    %jmp/0 T_16.305, 8;
 ; End of false expr.
    %blend;
T_16.305;
    %store/vec4 v0x62c9f2f849e0_0, 0, 32;
    %jmp T_16.300;
T_16.301 ;
    %load/vec4 v0x62c9f2f849e0_0;
    %store/vec4 v0x62c9f2f84810_0, 0, 32;
    %pushi/vec4 0, 0, 32;
    %store/vec4 v0x62c9f2f85e70_0, 0, 32;
T_16.306 ;
    %load/vec4 v0x62c9f2f85e70_0;
    %load/vec4 v0x62c9f2f84710_0;
    %load/vec4 v0x62c9f2f849e0_0;
    %sub;
    %addi 1, 0, 32;
    %cmp/s;
    %jmp/0xz T_16.307, 5;
    %load/vec4 v0x62c9f2f84ac0_0;
    %load/vec4 v0x62c9f2f849e0_0;
    %load/vec4 v0x62c9f2f85e70_0;
    %add;
    %muli 8, 0, 32;
    %part/s 8;
    %pad/u 1;
    %ix/getv/s 4, v0x62c9f2f85e70_0;
    %store/vec4 v0x62c9f2f85080_0, 4, 1;
    ; show_stmt_assign_vector: Get l-value for compressed += operand
    %load/vec4 v0x62c9f2f85e70_0;
    %pushi/vec4 1, 0, 32;
    %add;
    %cast2;
    %store/vec4 v0x62c9f2f85e70_0, 0, 32;
    %jmp T_16.306;
T_16.307 ;
    %end;
    .scope S_0x62c9f2f84330;
t_0 %join;
    %end;
S_0x62c9f2f84510 .scope begin, "$unm_blk_13" "$unm_blk_13" 3 343, 3 343 0, S_0x62c9f2f84330;
 .timescale -9 -11;
v0x62c9f2f84710_0 .var/i "a", 31 0;
v0x62c9f2f84810_0 .var/i "c", 31 0;
v0x62c9f2f848f0_0 .var/i "cut", 31 0;
v0x62c9f2f849e0_0 .var/i "idx", 31 0;
v0x62c9f2f84ac0_0 .var "line", 2047 0;
S_0x62c9f2f84bf0 .scope task, "vectorcount" "vectorcount" 3 695, 3 695 0, S_0x62c9f2f562b0;
 .timescale -9 -11;
TD_tb_alu.vectorcount ;
    %load/vec4 v0x62c9f2f859e0_0;
    %addi 1, 0, 32;
    %store/vec4 v0x62c9f2f859e0_0, 0, 32;
    %end;
    .scope S_0x62c9f2f562b0;
T_18 ;
    %vpi_call/w 3 48 "$dumpfile", "tb_alu.vcd" {0 0 0};
    %vpi_call/w 3 49 "$dumpvars", 32'sb00000000000000000000000000000000, S_0x62c9f2f562b0 {0 0 0};
    %end;
    .thread T_18;
    .scope S_0x62c9f2f562b0;
T_19 ;
    %delay 1000, 0;
    %load/vec4 v0x62c9f2f85920_0;
    %inv;
    %store/vec4 v0x62c9f2f85920_0, 0, 1;
    %jmp T_19;
    .thread T_19;
    .scope S_0x62c9f2f562b0;
T_20 ;
    %fork TD_tb_alu.initialize, S_0x62c9f2f83ac0;
    %join;
    %pushi/vec4 0, 0, 32;
    %store/vec4 v0x62c9f2f85e70_0, 0, 32;
T_20.0 ;
    %load/vec4 v0x62c9f2f85e70_0;
    %cmpi/s 2, 0, 32;
    %jmp/0xz T_20.1, 5;
    %fork TD_tb_alu.scan_file, S_0x62c9f2f84330;
    %join;
    ; show_stmt_assign_vector: Get l-value for compressed += operand
    %load/vec4 v0x62c9f2f85e70_0;
    %pushi/vec4 1, 0, 32;
    %add;
    %cast2;
    %store/vec4 v0x62c9f2f85e70_0, 0, 32;
    %jmp T_20.0;
T_20.1 ;
    %end;
    .thread T_20;
    .scope S_0x62c9f2f562b0;
T_21 ;
    %wait E_0x62c9f2eeb480;
    %delay 120, 0;
    %load/vec4 v0x62c9f2f85db0_0;
    %nor/r;
    %flag_set/vec4 8;
    %jmp/0xz  T_21.0, 8;
    %fork TD_tb_alu.scan_file, S_0x62c9f2f84330;
    %join;
T_21.0 ;
    %jmp T_21;
    .thread T_21;
    .scope S_0x62c9f2f562b0;
T_22 ;
    %wait E_0x62c9f2ee9d80;
    %fork TD_tb_alu.coverage_update, S_0x62c9f2f73f30;
    %join;
    %load/vec4 v0x62c9f2f84dd0_0;
    %store/vec4 v0x62c9f2f86010_0, 0, 4;
    %load/vec4 v0x62c9f2f84fe0_0;
    %store/vec4 v0x62c9f2f860f0_0, 0, 4;
    %load/vec4 v0x62c9f2f85840_0;
    %store/vec4 v0x62c9f2f86350_0, 0, 4;
    %load/vec4 v0x62c9f2f857a0_0;
    %store/vec4 v0x62c9f2f86290_0, 0, 1;
    %load/vec4 v0x62c9f2f85290_0;
    %store/vec4 v0x62c9f2f861d0_0, 0, 1;
    %delay 10, 0;
    %fork TD_tb_alu.FEXP, S_0x62c9f2f572d0;
    %join;
    %fork TD_tb_alu.display_file, S_0x62c9f2f74110;
    %join;
    %fork TD_tb_alu.errors_warnings_check, S_0x62c9f2f82310;
    %join;
    %fork TD_tb_alu.vectorcount, S_0x62c9f2f84bf0;
    %join;
    %jmp T_22;
    .thread T_22;
    .scope S_0x62c9f2f562b0;
T_23 ;
T_23.0 ;
    %load/vec4 v0x62c9f2f85db0_0;
    %cmpi/ne 1, 0, 1;
    %jmp/0xz T_23.1, 6;
    %wait E_0x62c9f2ee9af0;
    %jmp T_23.0;
T_23.1 ;
    %vpi_call/w 3 811 "$display" {0 0 0};
    %vpi_call/w 3 812 "$display", "%13s ***time = %0d,eof ***", "\000", $time {0 0 0};
    %vpi_call/w 3 813 "$display" {0 0 0};
    %pushi/vec4 0, 0, 32;
    %store/vec4 v0x62c9f2f85e70_0, 0, 32;
T_23.2 ;
    %load/vec4 v0x62c9f2f85e70_0;
    %cmpi/s 50, 0, 32;
    %jmp/0xz T_23.3, 5;
    %load/vec4 v0x62c9f2f857a0_0;
    %pad/u 32;
    %cmpi/e 1, 0, 32;
    %flag_get/vec4 4;
    %jmp/0 T_23.7, 4;
    %load/vec4 v0x62c9f2f85290_0;
    %pad/u 32;
    %pushi/vec4 2, 0, 32;
    %cmp/e;
    %flag_get/vec4 4;
    %and;
T_23.7;
    %flag_set/vec4 9;
    %flag_get/vec4 9;
    %jmp/0 T_23.6, 9;
    %load/vec4 v0x62c9f2f85840_0;
    %pushi/vec4 0, 0, 4;
    %cmp/e;
    %flag_get/vec4 4;
    %and;
T_23.6;
    %flag_set/vec4 8;
    %jmp/0xz  T_23.4, 8;
    %fork TD_tb_alu.vectorcount, S_0x62c9f2f84bf0;
    %join;
    %fork TD_tb_alu.close, S_0x62c9f2f57ed0;
    %join;
    %jmp T_23.5;
T_23.4 ;
    %fork TD_tb_alu.random_in, S_0x62c9f2f84040;
    %join;
T_23.5 ;
    ; show_stmt_assign_vector: Get l-value for compressed += operand
    %load/vec4 v0x62c9f2f85e70_0;
    %pushi/vec4 1, 0, 32;
    %add;
    %cast2;
    %store/vec4 v0x62c9f2f85e70_0, 0, 32;
    %jmp T_23.2;
T_23.3 ;
    %fork TD_tb_alu.close, S_0x62c9f2f57ed0;
    %join;
    %end;
    .thread T_23;
# The file index is used to find the file name in the following table.
:file_names 5;
    "N/A";
    "<interactive>";
    "-";
    "tb_alu.v";
    "alu.v";
