#! /usr/bin/vvp
:ivl_version "12.0 (stable)";
:ivl_delay_selection "TYPICAL";
:vpi_time_precision - 11;
:vpi_module "/usr/lib/x86_64-linux-gnu/ivl/system.vpi";
:vpi_module "/usr/lib/x86_64-linux-gnu/ivl/vhdl_sys.vpi";
:vpi_module "/usr/lib/x86_64-linux-gnu/ivl/vhdl_textio.vpi";
:vpi_module "/usr/lib/x86_64-linux-gnu/ivl/v2005_math.vpi";
:vpi_module "/usr/lib/x86_64-linux-gnu/ivl/va_math.vpi";
:vpi_module "/usr/lib/x86_64-linux-gnu/ivl/v2009.vpi";
S_0x5e16d543a380 .scope package, "$unit" "$unit" 2 1;
 .timescale 0 0;
S_0x5e16d54a1e90 .scope function.vec4.s1, "co_bar_general" "co_bar_general" 3 103, 3 103 0, S_0x5e16d543a380;
 .timescale 0 0;
v0x5e16d54b1d60_0 .var "A", 3 0;
v0x5e16d54cf4a0_0 .var "B", 3 0;
v0x5e16d54cf580_0 .var "CI_BAR", 0 0;
v0x5e16d54cf620_0 .var "S", 3 0;
; Variable co_bar_general is vec4 return value of scope S_0x5e16d54a1e90
v0x5e16d54cf810_0 .var "y", 0 0;
TD_$unit.co_bar_general ;
    %pushi/vec4 9, 0, 4;
    %store/vec4 v0x5e16d54cf620_0, 0, 4;
    %load/vec4 v0x5e16d54b1d60_0;
    %parti/s 1, 3, 3;
    %load/vec4 v0x5e16d54cf4a0_0;
    %parti/s 1, 3, 3;
    %load/vec4 v0x5e16d54cf620_0;
    %store/vec4 v0x5e16d54d1f20_0, 0, 4;
    %store/vec4 v0x5e16d54d1e60_0, 0, 1;
    %store/vec4 v0x5e16d54d1d80_0, 0, 1;
    %callf/vec4 TD_$unit.input_out2, S_0x5e16d54d1ba0;
    %flag_set/vec4 8;
    %jmp/1 T_0.3, 8;
    %load/vec4 v0x5e16d54b1d60_0;
    %parti/s 1, 3, 3;
    %load/vec4 v0x5e16d54cf4a0_0;
    %parti/s 1, 3, 3;
    %load/vec4 v0x5e16d54cf620_0;
    %store/vec4 v0x5e16d54d1a20_0, 0, 4;
    %store/vec4 v0x5e16d54d1960_0, 0, 1;
    %store/vec4 v0x5e16d54d1880_0, 0, 1;
    %callf/vec4 TD_$unit.input_out1, S_0x5e16d54d16a0;
    %flag_set/vec4 10;
    %flag_get/vec4 10;
    %jmp/0 T_0.4, 10;
    %load/vec4 v0x5e16d54b1d60_0;
    %parti/s 1, 2, 3;
    %load/vec4 v0x5e16d54cf4a0_0;
    %parti/s 1, 2, 3;
    %load/vec4 v0x5e16d54cf620_0;
    %store/vec4 v0x5e16d54d1f20_0, 0, 4;
    %store/vec4 v0x5e16d54d1e60_0, 0, 1;
    %store/vec4 v0x5e16d54d1d80_0, 0, 1;
    %callf/vec4 TD_$unit.input_out2, S_0x5e16d54d1ba0;
    %and;
T_0.4;
    %flag_set/vec4 9;
    %flag_or 8, 9;
T_0.3;
    %jmp/1 T_0.2, 8;
    %load/vec4 v0x5e16d54b1d60_0;
    %parti/s 1, 3, 3;
    %load/vec4 v0x5e16d54cf4a0_0;
    %parti/s 1, 3, 3;
    %load/vec4 v0x5e16d54cf620_0;
    %store/vec4 v0x5e16d54d1a20_0, 0, 4;
    %store/vec4 v0x5e16d54d1960_0, 0, 1;
    %store/vec4 v0x5e16d54d1880_0, 0, 1;
    %callf/vec4 TD_$unit.input_out1, S_0x5e16d54d16a0;
    %flag_set/vec4 11;
    %flag_get/vec4 11;
    %jmp/0 T_0.6, 11;
    %load/vec4 v0x5e16d54b1d60_0;
    %parti/s 1, 2, 3;
    %load/vec4 v0x5e16d54cf4a0_0;
    %parti/s 1, 2, 3;
    %load/vec4 v0x5e16d54cf620_0;
    %store/vec4 v0x5e16d54d1a20_0, 0, 4;
    %store/vec4 v0x5e16d54d1960_0, 0, 1;
    %store/vec4 v0x5e16d54d1880_0, 0, 1;
    %callf/vec4 TD_$unit.input_out1, S_0x5e16d54d16a0;
    %and;
T_0.6;
    %flag_set/vec4 10;
    %flag_get/vec4 10;
    %jmp/0 T_0.5, 10;
    %load/vec4 v0x5e16d54b1d60_0;
    %parti/s 1, 1, 2;
    %load/vec4 v0x5e16d54cf4a0_0;
    %parti/s 1, 1, 2;
    %load/vec4 v0x5e16d54cf620_0;
    %store/vec4 v0x5e16d54d1f20_0, 0, 4;
    %store/vec4 v0x5e16d54d1e60_0, 0, 1;
    %store/vec4 v0x5e16d54d1d80_0, 0, 1;
    %callf/vec4 TD_$unit.input_out2, S_0x5e16d54d1ba0;
    %and;
T_0.5;
    %flag_set/vec4 9;
    %flag_or 8, 9;
T_0.2;
    %jmp/1 T_0.1, 8;
    %load/vec4 v0x5e16d54b1d60_0;
    %parti/s 1, 3, 3;
    %load/vec4 v0x5e16d54cf4a0_0;
    %parti/s 1, 3, 3;
    %load/vec4 v0x5e16d54cf620_0;
    %store/vec4 v0x5e16d54d1a20_0, 0, 4;
    %store/vec4 v0x5e16d54d1960_0, 0, 1;
    %store/vec4 v0x5e16d54d1880_0, 0, 1;
    %callf/vec4 TD_$unit.input_out1, S_0x5e16d54d16a0;
    %flag_set/vec4 11;
    %flag_get/vec4 11;
    %jmp/0 T_0.8, 11;
    %load/vec4 v0x5e16d54b1d60_0;
    %parti/s 1, 2, 3;
    %load/vec4 v0x5e16d54cf4a0_0;
    %parti/s 1, 2, 3;
    %load/vec4 v0x5e16d54cf620_0;
    %store/vec4 v0x5e16d54d1a20_0, 0, 4;
    %store/vec4 v0x5e16d54d1960_0, 0, 1;
    %store/vec4 v0x5e16d54d1880_0, 0, 1;
    %callf/vec4 TD_$unit.input_out1, S_0x5e16d54d16a0;
    %load/vec4 v0x5e16d54b1d60_0;
    %parti/s 1, 1, 2;
    %load/vec4 v0x5e16d54cf4a0_0;
    %parti/s 1, 1, 2;
    %load/vec4 v0x5e16d54cf620_0;
    %store/vec4 v0x5e16d54d1a20_0, 0, 4;
    %store/vec4 v0x5e16d54d1960_0, 0, 1;
    %store/vec4 v0x5e16d54d1880_0, 0, 1;
    %callf/vec4 TD_$unit.input_out1, S_0x5e16d54d16a0;
    %and;
    %and;
T_0.8;
    %flag_set/vec4 10;
    %flag_get/vec4 10;
    %jmp/0 T_0.7, 10;
    %load/vec4 v0x5e16d54b1d60_0;
    %parti/s 1, 0, 2;
    %load/vec4 v0x5e16d54cf4a0_0;
    %parti/s 1, 0, 2;
    %load/vec4 v0x5e16d54cf620_0;
    %store/vec4 v0x5e16d54d1f20_0, 0, 4;
    %store/vec4 v0x5e16d54d1e60_0, 0, 1;
    %store/vec4 v0x5e16d54d1d80_0, 0, 1;
    %callf/vec4 TD_$unit.input_out2, S_0x5e16d54d1ba0;
    %and;
T_0.7;
    %flag_set/vec4 9;
    %flag_or 8, 9;
T_0.1;
    %flag_get/vec4 8;
    %jmp/1 T_0.0, 8;
    %load/vec4 v0x5e16d54b1d60_0;
    %parti/s 1, 3, 3;
    %load/vec4 v0x5e16d54cf4a0_0;
    %parti/s 1, 3, 3;
    %load/vec4 v0x5e16d54cf620_0;
    %store/vec4 v0x5e16d54d1a20_0, 0, 4;
    %store/vec4 v0x5e16d54d1960_0, 0, 1;
    %store/vec4 v0x5e16d54d1880_0, 0, 1;
    %callf/vec4 TD_$unit.input_out1, S_0x5e16d54d16a0;
    %flag_set/vec4 10;
    %flag_get/vec4 10;
    %jmp/0 T_0.11, 10;
    %load/vec4 v0x5e16d54b1d60_0;
    %parti/s 1, 2, 3;
    %load/vec4 v0x5e16d54cf4a0_0;
    %parti/s 1, 2, 3;
    %load/vec4 v0x5e16d54cf620_0;
    %store/vec4 v0x5e16d54d1a20_0, 0, 4;
    %store/vec4 v0x5e16d54d1960_0, 0, 1;
    %store/vec4 v0x5e16d54d1880_0, 0, 1;
    %callf/vec4 TD_$unit.input_out1, S_0x5e16d54d16a0;
    %and;
T_0.11;
    %flag_set/vec4 9;
    %flag_get/vec4 9;
    %jmp/0 T_0.10, 9;
    %load/vec4 v0x5e16d54b1d60_0;
    %parti/s 1, 1, 2;
    %load/vec4 v0x5e16d54cf4a0_0;
    %parti/s 1, 1, 2;
    %load/vec4 v0x5e16d54cf620_0;
    %store/vec4 v0x5e16d54d1a20_0, 0, 4;
    %store/vec4 v0x5e16d54d1960_0, 0, 1;
    %store/vec4 v0x5e16d54d1880_0, 0, 1;
    %callf/vec4 TD_$unit.input_out1, S_0x5e16d54d16a0;
    %and;
T_0.10;
    %flag_set/vec4 8;
    %flag_get/vec4 8;
    %jmp/0 T_0.9, 8;
    %load/vec4 v0x5e16d54b1d60_0;
    %parti/s 1, 0, 2;
    %load/vec4 v0x5e16d54cf4a0_0;
    %parti/s 1, 0, 2;
    %load/vec4 v0x5e16d54cf620_0;
    %store/vec4 v0x5e16d54d1a20_0, 0, 4;
    %store/vec4 v0x5e16d54d1960_0, 0, 1;
    %store/vec4 v0x5e16d54d1880_0, 0, 1;
    %callf/vec4 TD_$unit.input_out1, S_0x5e16d54d16a0;
    %and;
T_0.9;
    %or;
T_0.0;
    %inv;
    %store/vec4 v0x5e16d54cf810_0, 0, 1;
    %load/vec4 v0x5e16d54cf810_0;
    %inv;
    %flag_set/vec4 8;
    %flag_get/vec4 8;
    %jmp/1 T_0.12, 8;
    %load/vec4 v0x5e16d54b1d60_0;
    %parti/s 1, 3, 3;
    %load/vec4 v0x5e16d54cf4a0_0;
    %parti/s 1, 3, 3;
    %load/vec4 v0x5e16d54cf620_0;
    %store/vec4 v0x5e16d54d1a20_0, 0, 4;
    %store/vec4 v0x5e16d54d1960_0, 0, 1;
    %store/vec4 v0x5e16d54d1880_0, 0, 1;
    %callf/vec4 TD_$unit.input_out1, S_0x5e16d54d16a0;
    %flag_set/vec4 11;
    %flag_get/vec4 11;
    %jmp/0 T_0.16, 11;
    %load/vec4 v0x5e16d54b1d60_0;
    %parti/s 1, 2, 3;
    %load/vec4 v0x5e16d54cf4a0_0;
    %parti/s 1, 2, 3;
    %load/vec4 v0x5e16d54cf620_0;
    %store/vec4 v0x5e16d54d1a20_0, 0, 4;
    %store/vec4 v0x5e16d54d1960_0, 0, 1;
    %store/vec4 v0x5e16d54d1880_0, 0, 1;
    %callf/vec4 TD_$unit.input_out1, S_0x5e16d54d16a0;
    %and;
T_0.16;
    %flag_set/vec4 10;
    %flag_get/vec4 10;
    %jmp/0 T_0.15, 10;
    %load/vec4 v0x5e16d54b1d60_0;
    %parti/s 1, 1, 2;
    %load/vec4 v0x5e16d54cf4a0_0;
    %parti/s 1, 1, 2;
    %load/vec4 v0x5e16d54cf620_0;
    %store/vec4 v0x5e16d54d1a20_0, 0, 4;
    %store/vec4 v0x5e16d54d1960_0, 0, 1;
    %store/vec4 v0x5e16d54d1880_0, 0, 1;
    %callf/vec4 TD_$unit.input_out1, S_0x5e16d54d16a0;
    %and;
T_0.15;
    %flag_set/vec4 9;
    %flag_get/vec4 9;
    %jmp/0 T_0.14, 9;
    %load/vec4 v0x5e16d54b1d60_0;
    %parti/s 1, 0, 2;
    %load/vec4 v0x5e16d54cf4a0_0;
    %parti/s 1, 0, 2;
    %load/vec4 v0x5e16d54cf620_0;
    %store/vec4 v0x5e16d54d1a20_0, 0, 4;
    %store/vec4 v0x5e16d54d1960_0, 0, 1;
    %store/vec4 v0x5e16d54d1880_0, 0, 1;
    %callf/vec4 TD_$unit.input_out1, S_0x5e16d54d16a0;
    %and;
T_0.14;
    %flag_set/vec4 8;
    %flag_get/vec4 8;
    %jmp/0 T_0.13, 8;
    %load/vec4 v0x5e16d54cf580_0;
    %and;
T_0.13;
    %or;
T_0.12;
    %ret/vec4 0, 0, 1;  Assign to co_bar_general (store_vec4_to_lval)
    %end;
S_0x5e16d54cf8d0 .scope function.vec4.s1, "co_bar_pick" "co_bar_pick" 3 125, 3 125 0, S_0x5e16d543a380;
 .timescale 0 0;
v0x5e16d54cfad0_0 .var "A", 3 0;
v0x5e16d54cfbb0_0 .var "B", 3 0;
v0x5e16d54cfc90_0 .var "CI_BAR", 0 0;
v0x5e16d54cfd30_0 .var "S", 3 0;
; Variable co_bar_pick is vec4 return value of scope S_0x5e16d54cf8d0
TD_$unit.co_bar_pick ;
    %load/vec4 v0x5e16d54cfd30_0;
    %dup/vec4;
    %pushi/vec4 0, 0, 4;
    %cmp/u;
    %jmp/1 T_1.17, 6;
    %dup/vec4;
    %pushi/vec4 1, 0, 4;
    %cmp/u;
    %jmp/1 T_1.18, 6;
    %dup/vec4;
    %pushi/vec4 2, 0, 4;
    %cmp/u;
    %jmp/1 T_1.19, 6;
    %dup/vec4;
    %pushi/vec4 3, 0, 4;
    %cmp/u;
    %jmp/1 T_1.20, 6;
    %dup/vec4;
    %pushi/vec4 4, 0, 4;
    %cmp/u;
    %jmp/1 T_1.21, 6;
    %dup/vec4;
    %pushi/vec4 5, 0, 4;
    %cmp/u;
    %jmp/1 T_1.22, 6;
    %dup/vec4;
    %pushi/vec4 6, 0, 4;
    %cmp/u;
    %jmp/1 T_1.23, 6;
    %dup/vec4;
    %pushi/vec4 7, 0, 4;
    %cmp/u;
    %jmp/1 T_1.24, 6;
    %dup/vec4;
    %pushi/vec4 8, 0, 4;
    %cmp/u;
    %jmp/1 T_1.25, 6;
    %dup/vec4;
    %pushi/vec4 9, 0, 4;
    %cmp/u;
    %jmp/1 T_1.26, 6;
    %dup/vec4;
    %pushi/vec4 10, 0, 4;
    %cmp/u;
    %jmp/1 T_1.27, 6;
    %dup/vec4;
    %pushi/vec4 11, 0, 4;
    %cmp/u;
    %jmp/1 T_1.28, 6;
    %dup/vec4;
    %pushi/vec4 12, 0, 4;
    %cmp/u;
    %jmp/1 T_1.29, 6;
    %dup/vec4;
    %pushi/vec4 13, 0, 4;
    %cmp/u;
    %jmp/1 T_1.30, 6;
    %dup/vec4;
    %pushi/vec4 14, 0, 4;
    %cmp/u;
    %jmp/1 T_1.31, 6;
    %dup/vec4;
    %pushi/vec4 15, 0, 4;
    %cmp/u;
    %jmp/1 T_1.32, 6;
    %jmp T_1.33;
T_1.17 ;
    %load/vec4 v0x5e16d54cfc90_0;
    %load/vec4 v0x5e16d54cfad0_0;
    %pushi/vec4 0, 0, 4;
    %store/vec4 v0x5e16d54cf4a0_0, 0, 4;
    %store/vec4 v0x5e16d54b1d60_0, 0, 4;
    %store/vec4 v0x5e16d54cf580_0, 0, 1;
    %callf/vec4 TD_$unit.co_bar_general, S_0x5e16d54a1e90;
    %ret/vec4 0, 0, 1;  Assign to co_bar_pick (store_vec4_to_lval)
    %jmp T_1.33;
T_1.18 ;
    %load/vec4 v0x5e16d54cfc90_0;
    %load/vec4 v0x5e16d54cfad0_0;
    %load/vec4 v0x5e16d54cfbb0_0;
    %or;
    %pushi/vec4 0, 0, 4;
    %store/vec4 v0x5e16d54cf4a0_0, 0, 4;
    %store/vec4 v0x5e16d54b1d60_0, 0, 4;
    %store/vec4 v0x5e16d54cf580_0, 0, 1;
    %callf/vec4 TD_$unit.co_bar_general, S_0x5e16d54a1e90;
    %ret/vec4 0, 0, 1;  Assign to co_bar_pick (store_vec4_to_lval)
    %jmp T_1.33;
T_1.19 ;
    %load/vec4 v0x5e16d54cfc90_0;
    %load/vec4 v0x5e16d54cfad0_0;
    %load/vec4 v0x5e16d54cfbb0_0;
    %inv;
    %or;
    %pushi/vec4 0, 0, 4;
    %store/vec4 v0x5e16d54cf4a0_0, 0, 4;
    %store/vec4 v0x5e16d54b1d60_0, 0, 4;
    %store/vec4 v0x5e16d54cf580_0, 0, 1;
    %callf/vec4 TD_$unit.co_bar_general, S_0x5e16d54a1e90;
    %ret/vec4 0, 0, 1;  Assign to co_bar_pick (store_vec4_to_lval)
    %jmp T_1.33;
T_1.20 ;
    %pushi/vec4 1, 0, 1;
    %ret/vec4 0, 0, 1;  Assign to co_bar_pick (store_vec4_to_lval)
    %jmp T_1.33;
T_1.21 ;
    %load/vec4 v0x5e16d54cfc90_0;
    %load/vec4 v0x5e16d54cfad0_0;
    %load/vec4 v0x5e16d54cfad0_0;
    %load/vec4 v0x5e16d54cfbb0_0;
    %inv;
    %and;
    %store/vec4 v0x5e16d54cf4a0_0, 0, 4;
    %store/vec4 v0x5e16d54b1d60_0, 0, 4;
    %store/vec4 v0x5e16d54cf580_0, 0, 1;
    %callf/vec4 TD_$unit.co_bar_general, S_0x5e16d54a1e90;
    %ret/vec4 0, 0, 1;  Assign to co_bar_pick (store_vec4_to_lval)
    %jmp T_1.33;
T_1.22 ;
    %load/vec4 v0x5e16d54cfc90_0;
    %load/vec4 v0x5e16d54cfad0_0;
    %load/vec4 v0x5e16d54cfbb0_0;
    %or;
    %load/vec4 v0x5e16d54cfad0_0;
    %load/vec4 v0x5e16d54cfbb0_0;
    %inv;
    %and;
    %store/vec4 v0x5e16d54cf4a0_0, 0, 4;
    %store/vec4 v0x5e16d54b1d60_0, 0, 4;
    %store/vec4 v0x5e16d54cf580_0, 0, 1;
    %callf/vec4 TD_$unit.co_bar_general, S_0x5e16d54a1e90;
    %ret/vec4 0, 0, 1;  Assign to co_bar_pick (store_vec4_to_lval)
    %jmp T_1.33;
T_1.23 ;
    %load/vec4 v0x5e16d54cfc90_0;
    %load/vec4 v0x5e16d54cfad0_0;
    %load/vec4 v0x5e16d54cfbb0_0;
    %addi 1, 0, 4;
    %inv;
    %addi 1, 0, 4;
    %store/vec4 v0x5e16d54cf4a0_0, 0, 4;
    %store/vec4 v0x5e16d54b1d60_0, 0, 4;
    %store/vec4 v0x5e16d54cf580_0, 0, 1;
    %callf/vec4 TD_$unit.co_bar_general, S_0x5e16d54a1e90;
    %ret/vec4 0, 0, 1;  Assign to co_bar_pick (store_vec4_to_lval)
    %jmp T_1.33;
T_1.24 ;
    %load/vec4 v0x5e16d54cfc90_0;
    %load/vec4 v0x5e16d54cfad0_0;
    %load/vec4 v0x5e16d54cfbb0_0;
    %inv;
    %and;
    %pushi/vec4 15, 0, 4;
    %store/vec4 v0x5e16d54cf4a0_0, 0, 4;
    %store/vec4 v0x5e16d54b1d60_0, 0, 4;
    %store/vec4 v0x5e16d54cf580_0, 0, 1;
    %callf/vec4 TD_$unit.co_bar_general, S_0x5e16d54a1e90;
    %ret/vec4 0, 0, 1;  Assign to co_bar_pick (store_vec4_to_lval)
    %jmp T_1.33;
T_1.25 ;
    %load/vec4 v0x5e16d54cfc90_0;
    %load/vec4 v0x5e16d54cfad0_0;
    %load/vec4 v0x5e16d54cfad0_0;
    %load/vec4 v0x5e16d54cfbb0_0;
    %and;
    %store/vec4 v0x5e16d54cf4a0_0, 0, 4;
    %store/vec4 v0x5e16d54b1d60_0, 0, 4;
    %store/vec4 v0x5e16d54cf580_0, 0, 1;
    %callf/vec4 TD_$unit.co_bar_general, S_0x5e16d54a1e90;
    %ret/vec4 0, 0, 1;  Assign to co_bar_pick (store_vec4_to_lval)
    %jmp T_1.33;
T_1.26 ;
    %load/vec4 v0x5e16d54cfc90_0;
    %load/vec4 v0x5e16d54cfad0_0;
    %load/vec4 v0x5e16d54cfbb0_0;
    %store/vec4 v0x5e16d54cf4a0_0, 0, 4;
    %store/vec4 v0x5e16d54b1d60_0, 0, 4;
    %store/vec4 v0x5e16d54cf580_0, 0, 1;
    %callf/vec4 TD_$unit.co_bar_general, S_0x5e16d54a1e90;
    %ret/vec4 0, 0, 1;  Assign to co_bar_pick (store_vec4_to_lval)
    %jmp T_1.33;
T_1.27 ;
    %load/vec4 v0x5e16d54cfc90_0;
    %load/vec4 v0x5e16d54cfad0_0;
    %load/vec4 v0x5e16d54cfbb0_0;
    %inv;
    %or;
    %load/vec4 v0x5e16d54cfad0_0;
    %load/vec4 v0x5e16d54cfbb0_0;
    %and;
    %store/vec4 v0x5e16d54cf4a0_0, 0, 4;
    %store/vec4 v0x5e16d54b1d60_0, 0, 4;
    %store/vec4 v0x5e16d54cf580_0, 0, 1;
    %callf/vec4 TD_$unit.co_bar_general, S_0x5e16d54a1e90;
    %ret/vec4 0, 0, 1;  Assign to co_bar_pick (store_vec4_to_lval)
    %jmp T_1.33;
T_1.28 ;
    %load/vec4 v0x5e16d54cfc90_0;
    %load/vec4 v0x5e16d54cfad0_0;
    %load/vec4 v0x5e16d54cfbb0_0;
    %and;
    %pushi/vec4 15, 0, 4;
    %store/vec4 v0x5e16d54cf4a0_0, 0, 4;
    %store/vec4 v0x5e16d54b1d60_0, 0, 4;
    %store/vec4 v0x5e16d54cf580_0, 0, 1;
    %callf/vec4 TD_$unit.co_bar_general, S_0x5e16d54a1e90;
    %ret/vec4 0, 0, 1;  Assign to co_bar_pick (store_vec4_to_lval)
    %jmp T_1.33;
T_1.29 ;
    %load/vec4 v0x5e16d54cfc90_0;
    %load/vec4 v0x5e16d54cfad0_0;
    %load/vec4 v0x5e16d54cfad0_0;
    %store/vec4 v0x5e16d54cf4a0_0, 0, 4;
    %store/vec4 v0x5e16d54b1d60_0, 0, 4;
    %store/vec4 v0x5e16d54cf580_0, 0, 1;
    %callf/vec4 TD_$unit.co_bar_general, S_0x5e16d54a1e90;
    %ret/vec4 0, 0, 1;  Assign to co_bar_pick (store_vec4_to_lval)
    %jmp T_1.33;
T_1.30 ;
    %load/vec4 v0x5e16d54cfc90_0;
    %load/vec4 v0x5e16d54cfad0_0;
    %load/vec4 v0x5e16d54cfad0_0;
    %load/vec4 v0x5e16d54cfbb0_0;
    %or;
    %store/vec4 v0x5e16d54cf4a0_0, 0, 4;
    %store/vec4 v0x5e16d54b1d60_0, 0, 4;
    %store/vec4 v0x5e16d54cf580_0, 0, 1;
    %callf/vec4 TD_$unit.co_bar_general, S_0x5e16d54a1e90;
    %ret/vec4 0, 0, 1;  Assign to co_bar_pick (store_vec4_to_lval)
    %jmp T_1.33;
T_1.31 ;
    %load/vec4 v0x5e16d54cfc90_0;
    %load/vec4 v0x5e16d54cfad0_0;
    %load/vec4 v0x5e16d54cfad0_0;
    %load/vec4 v0x5e16d54cfbb0_0;
    %inv;
    %or;
    %store/vec4 v0x5e16d54cf4a0_0, 0, 4;
    %store/vec4 v0x5e16d54b1d60_0, 0, 4;
    %store/vec4 v0x5e16d54cf580_0, 0, 1;
    %callf/vec4 TD_$unit.co_bar_general, S_0x5e16d54a1e90;
    %ret/vec4 0, 0, 1;  Assign to co_bar_pick (store_vec4_to_lval)
    %jmp T_1.33;
T_1.32 ;
    %load/vec4 v0x5e16d54cfc90_0;
    %load/vec4 v0x5e16d54cfad0_0;
    %pushi/vec4 15, 0, 4;
    %store/vec4 v0x5e16d54cf4a0_0, 0, 4;
    %store/vec4 v0x5e16d54b1d60_0, 0, 4;
    %store/vec4 v0x5e16d54cf580_0, 0, 1;
    %callf/vec4 TD_$unit.co_bar_general, S_0x5e16d54a1e90;
    %ret/vec4 0, 0, 1;  Assign to co_bar_pick (store_vec4_to_lval)
    %jmp T_1.33;
T_1.33 ;
    %pop/vec4 1;
    %end;
S_0x5e16d54cff20 .scope function.vec4.s4, "f_pick" "f_pick" 3 202, 3 202 0, S_0x5e16d543a380;
 .timescale 0 0;
v0x5e16d54d0100_0 .var "A", 3 0;
v0x5e16d54d01e0_0 .var "B", 3 0;
v0x5e16d54d02c0_0 .var "Ci_bar", 0 0;
v0x5e16d54d0360_0 .var "M", 0 0;
v0x5e16d54d0420_0 .var "S", 3 0;
; Variable f_pick is vec4 return value of scope S_0x5e16d54cff20
TD_$unit.f_pick ;
    %load/vec4 v0x5e16d54d0360_0;
    %load/vec4 v0x5e16d54d02c0_0;
    %concat/vec4; draw_concat_vec4
    %dup/vec4;
    %pushi/vec4 0, 0, 2;
    %cmp/u;
    %jmp/1 T_2.34, 6;
    %dup/vec4;
    %pushi/vec4 1, 0, 2;
    %cmp/u;
    %jmp/1 T_2.35, 6;
    %dup/vec4;
    %pushi/vec4 2, 0, 2;
    %cmp/u;
    %jmp/1 T_2.36, 6;
    %load/vec4 v0x5e16d54d0100_0;
    %load/vec4 v0x5e16d54d01e0_0;
    %load/vec4 v0x5e16d54d0420_0;
    %store/vec4 v0x5e16d54d1500_0, 0, 4;
    %store/vec4 v0x5e16d54d1420_0, 0, 4;
    %store/vec4 v0x5e16d54d1320_0, 0, 4;
    %callf/vec4 TD_$unit.fexp_logic_ci_bar, S_0x5e16d54d1140;
    %ret/vec4 0, 0, 4;  Assign to f_pick (store_vec4_to_lval)
    %jmp T_2.38;
T_2.34 ;
    %load/vec4 v0x5e16d54d0100_0;
    %load/vec4 v0x5e16d54d01e0_0;
    %load/vec4 v0x5e16d54d0420_0;
    %store/vec4 v0x5e16d54d0fa0_0, 0, 4;
    %store/vec4 v0x5e16d54d0ec0_0, 0, 4;
    %store/vec4 v0x5e16d54d0dc0_0, 0, 4;
    %callf/vec4 TD_$unit.fexp_arith_xci_bar, S_0x5e16d54d0b90;
    %ret/vec4 0, 0, 4;  Assign to f_pick (store_vec4_to_lval)
    %jmp T_2.38;
T_2.35 ;
    %load/vec4 v0x5e16d54d0100_0;
    %load/vec4 v0x5e16d54d01e0_0;
    %load/vec4 v0x5e16d54d0420_0;
    %store/vec4 v0x5e16d54d09f0_0, 0, 4;
    %store/vec4 v0x5e16d54d0910_0, 0, 4;
    %store/vec4 v0x5e16d54d0810_0, 0, 4;
    %callf/vec4 TD_$unit.fexp_arith_ci_bar, S_0x5e16d54d0630;
    %ret/vec4 0, 0, 4;  Assign to f_pick (store_vec4_to_lval)
    %jmp T_2.38;
T_2.36 ;
    %load/vec4 v0x5e16d54d0100_0;
    %load/vec4 v0x5e16d54d01e0_0;
    %load/vec4 v0x5e16d54d0420_0;
    %store/vec4 v0x5e16d54d1500_0, 0, 4;
    %store/vec4 v0x5e16d54d1420_0, 0, 4;
    %store/vec4 v0x5e16d54d1320_0, 0, 4;
    %callf/vec4 TD_$unit.fexp_logic_ci_bar, S_0x5e16d54d1140;
    %ret/vec4 0, 0, 4;  Assign to f_pick (store_vec4_to_lval)
    %jmp T_2.38;
T_2.38 ;
    %pop/vec4 1;
    %end;
S_0x5e16d54d0630 .scope function.vec4.s4, "fexp_arith_ci_bar" "fexp_arith_ci_bar" 3 252, 3 252 0, S_0x5e16d543a380;
 .timescale 0 0;
v0x5e16d54d0810_0 .var "A", 3 0;
v0x5e16d54d0910_0 .var "B", 3 0;
v0x5e16d54d09f0_0 .var "S", 3 0;
; Variable fexp_arith_ci_bar is vec4 return value of scope S_0x5e16d54d0630
TD_$unit.fexp_arith_ci_bar ;
    %load/vec4 v0x5e16d54d09f0_0;
    %dup/vec4;
    %pushi/vec4 0, 0, 4;
    %cmp/u;
    %jmp/1 T_3.39, 6;
    %dup/vec4;
    %pushi/vec4 1, 0, 4;
    %cmp/u;
    %jmp/1 T_3.40, 6;
    %dup/vec4;
    %pushi/vec4 2, 0, 4;
    %cmp/u;
    %jmp/1 T_3.41, 6;
    %dup/vec4;
    %pushi/vec4 3, 0, 4;
    %cmp/u;
    %jmp/1 T_3.42, 6;
    %dup/vec4;
    %pushi/vec4 4, 0, 4;
    %cmp/u;
    %jmp/1 T_3.43, 6;
    %dup/vec4;
    %pushi/vec4 5, 0, 4;
    %cmp/u;
    %jmp/1 T_3.44, 6;
    %dup/vec4;
    %pushi/vec4 6, 0, 4;
    %cmp/u;
    %jmp/1 T_3.45, 6;
    %dup/vec4;
    %pushi/vec4 7, 0, 4;
    %cmp/u;
    %jmp/1 T_3.46, 6;
    %dup/vec4;
    %pushi/vec4 8, 0, 4;
    %cmp/u;
    %jmp/1 T_3.47, 6;
    %dup/vec4;
    %pushi/vec4 9, 0, 4;
    %cmp/u;
    %jmp/1 T_3.48, 6;
    %dup/vec4;
    %pushi/vec4 10, 0, 4;
    %cmp/u;
    %jmp/1 T_3.49, 6;
    %dup/vec4;
    %pushi/vec4 11, 0, 4;
    %cmp/u;
    %jmp/1 T_3.50, 6;
    %dup/vec4;
    %pushi/vec4 12, 0, 4;
    %cmp/u;
    %jmp/1 T_3.51, 6;
    %dup/vec4;
    %pushi/vec4 13, 0, 4;
    %cmp/u;
    %jmp/1 T_3.52, 6;
    %dup/vec4;
    %pushi/vec4 14, 0, 4;
    %cmp/u;
    %jmp/1 T_3.53, 6;
    %dup/vec4;
    %pushi/vec4 15, 0, 4;
    %cmp/u;
    %jmp/1 T_3.54, 6;
    %jmp T_3.55;
T_3.39 ;
    %load/vec4 v0x5e16d54d0810_0;
    %ret/vec4 0, 0, 4;  Assign to fexp_arith_ci_bar (store_vec4_to_lval)
    %jmp T_3.55;
T_3.40 ;
    %load/vec4 v0x5e16d54d0810_0;
    %load/vec4 v0x5e16d54d0910_0;
    %or;
    %ret/vec4 0, 0, 4;  Assign to fexp_arith_ci_bar (store_vec4_to_lval)
    %jmp T_3.55;
T_3.41 ;
    %load/vec4 v0x5e16d54d0810_0;
    %load/vec4 v0x5e16d54d0910_0;
    %inv;
    %or;
    %ret/vec4 0, 0, 4;  Assign to fexp_arith_ci_bar (store_vec4_to_lval)
    %jmp T_3.55;
T_3.42 ;
    %pushi/vec4 15, 0, 4;
    %ret/vec4 0, 0, 4;  Assign to fexp_arith_ci_bar (store_vec4_to_lval)
    %jmp T_3.55;
T_3.43 ;
    %load/vec4 v0x5e16d54d0810_0;
    %load/vec4 v0x5e16d54d0810_0;
    %load/vec4 v0x5e16d54d0910_0;
    %inv;
    %and;
    %xor;
    %ret/vec4 0, 0, 4;  Assign to fexp_arith_ci_bar (store_vec4_to_lval)
    %jmp T_3.55;
T_3.44 ;
    %load/vec4 v0x5e16d54d0810_0;
    %load/vec4 v0x5e16d54d0910_0;
    %or;
    %load/vec4 v0x5e16d54d0810_0;
    %load/vec4 v0x5e16d54d0910_0;
    %inv;
    %and;
    %xor;
    %ret/vec4 0, 0, 4;  Assign to fexp_arith_ci_bar (store_vec4_to_lval)
    %jmp T_3.55;
T_3.45 ;
    %load/vec4 v0x5e16d54d0810_0;
    %load/vec4 v0x5e16d54d0910_0;
    %addi 1, 0, 4;
    %inv;
    %addi 1, 0, 4;
    %xor;
    %ret/vec4 0, 0, 4;  Assign to fexp_arith_ci_bar (store_vec4_to_lval)
    %jmp T_3.55;
T_3.46 ;
    %load/vec4 v0x5e16d54d0810_0;
    %load/vec4 v0x5e16d54d0910_0;
    %inv;
    %and;
    %pushi/vec4 15, 0, 4;
    %xor;
    %ret/vec4 0, 0, 4;  Assign to fexp_arith_ci_bar (store_vec4_to_lval)
    %jmp T_3.55;
T_3.47 ;
    %load/vec4 v0x5e16d54d0810_0;
    %load/vec4 v0x5e16d54d0810_0;
    %load/vec4 v0x5e16d54d0910_0;
    %and;
    %xor;
    %ret/vec4 0, 0, 4;  Assign to fexp_arith_ci_bar (store_vec4_to_lval)
    %jmp T_3.55;
T_3.48 ;
    %load/vec4 v0x5e16d54d0810_0;
    %load/vec4 v0x5e16d54d0910_0;
    %xor;
    %ret/vec4 0, 0, 4;  Assign to fexp_arith_ci_bar (store_vec4_to_lval)
    %jmp T_3.55;
T_3.49 ;
    %load/vec4 v0x5e16d54d0810_0;
    %load/vec4 v0x5e16d54d0910_0;
    %inv;
    %or;
    %pushi/vec4 15, 0, 4;
    %xor;
    %ret/vec4 0, 0, 4;  Assign to fexp_arith_ci_bar (store_vec4_to_lval)
    %jmp T_3.55;
T_3.50 ;
    %load/vec4 v0x5e16d54d0810_0;
    %load/vec4 v0x5e16d54d0910_0;
    %and;
    %pushi/vec4 1, 0, 4;
    %xor;
    %ret/vec4 0, 0, 4;  Assign to fexp_arith_ci_bar (store_vec4_to_lval)
    %jmp T_3.55;
T_3.51 ;
    %load/vec4 v0x5e16d54d0810_0;
    %load/vec4 v0x5e16d54d0810_0;
    %xor;
    %ret/vec4 0, 0, 4;  Assign to fexp_arith_ci_bar (store_vec4_to_lval)
    %jmp T_3.55;
T_3.52 ;
    %load/vec4 v0x5e16d54d0810_0;
    %load/vec4 v0x5e16d54d0910_0;
    %or;
    %load/vec4 v0x5e16d54d0810_0;
    %xor;
    %ret/vec4 0, 0, 4;  Assign to fexp_arith_ci_bar (store_vec4_to_lval)
    %jmp T_3.55;
T_3.53 ;
    %load/vec4 v0x5e16d54d0810_0;
    %load/vec4 v0x5e16d54d0910_0;
    %inv;
    %or;
    %load/vec4 v0x5e16d54d0810_0;
    %xor;
    %ret/vec4 0, 0, 4;  Assign to fexp_arith_ci_bar (store_vec4_to_lval)
    %jmp T_3.55;
T_3.54 ;
    %load/vec4 v0x5e16d54d0810_0;
    %pushi/vec4 15, 0, 4;
    %xor;
    %ret/vec4 0, 0, 4;  Assign to fexp_arith_ci_bar (store_vec4_to_lval)
    %jmp T_3.55;
T_3.55 ;
    %pop/vec4 1;
    %end;
S_0x5e16d54d0b90 .scope function.vec4.s4, "fexp_arith_xci_bar" "fexp_arith_xci_bar" 3 222, 3 222 0, S_0x5e16d543a380;
 .timescale 0 0;
v0x5e16d54d0dc0_0 .var "A", 3 0;
v0x5e16d54d0ec0_0 .var "B", 3 0;
v0x5e16d54d0fa0_0 .var "S", 3 0;
; Variable fexp_arith_xci_bar is vec4 return value of scope S_0x5e16d54d0b90
TD_$unit.fexp_arith_xci_bar ;
    %load/vec4 v0x5e16d54d0fa0_0;
    %dup/vec4;
    %pushi/vec4 0, 0, 4;
    %cmp/u;
    %jmp/1 T_4.56, 6;
    %dup/vec4;
    %pushi/vec4 1, 0, 4;
    %cmp/u;
    %jmp/1 T_4.57, 6;
    %dup/vec4;
    %pushi/vec4 2, 0, 4;
    %cmp/u;
    %jmp/1 T_4.58, 6;
    %dup/vec4;
    %pushi/vec4 3, 0, 4;
    %cmp/u;
    %jmp/1 T_4.59, 6;
    %dup/vec4;
    %pushi/vec4 4, 0, 4;
    %cmp/u;
    %jmp/1 T_4.60, 6;
    %dup/vec4;
    %pushi/vec4 5, 0, 4;
    %cmp/u;
    %jmp/1 T_4.61, 6;
    %dup/vec4;
    %pushi/vec4 6, 0, 4;
    %cmp/u;
    %jmp/1 T_4.62, 6;
    %dup/vec4;
    %pushi/vec4 7, 0, 4;
    %cmp/u;
    %jmp/1 T_4.63, 6;
    %dup/vec4;
    %pushi/vec4 8, 0, 4;
    %cmp/u;
    %jmp/1 T_4.64, 6;
    %dup/vec4;
    %pushi/vec4 9, 0, 4;
    %cmp/u;
    %jmp/1 T_4.65, 6;
    %dup/vec4;
    %pushi/vec4 10, 0, 4;
    %cmp/u;
    %jmp/1 T_4.66, 6;
    %dup/vec4;
    %pushi/vec4 11, 0, 4;
    %cmp/u;
    %jmp/1 T_4.67, 6;
    %dup/vec4;
    %pushi/vec4 12, 0, 4;
    %cmp/u;
    %jmp/1 T_4.68, 6;
    %dup/vec4;
    %pushi/vec4 13, 0, 4;
    %cmp/u;
    %jmp/1 T_4.69, 6;
    %dup/vec4;
    %pushi/vec4 14, 0, 4;
    %cmp/u;
    %jmp/1 T_4.70, 6;
    %dup/vec4;
    %pushi/vec4 15, 0, 4;
    %cmp/u;
    %jmp/1 T_4.71, 6;
    %jmp T_4.72;
T_4.56 ;
    %load/vec4 v0x5e16d54d0dc0_0;
    %pushi/vec4 1, 0, 4;
    %xor;
    %ret/vec4 0, 0, 4;  Assign to fexp_arith_xci_bar (store_vec4_to_lval)
    %jmp T_4.72;
T_4.57 ;
    %load/vec4 v0x5e16d54d0dc0_0;
    %load/vec4 v0x5e16d54d0ec0_0;
    %or;
    %pushi/vec4 1, 0, 4;
    %xor;
    %ret/vec4 0, 0, 4;  Assign to fexp_arith_xci_bar (store_vec4_to_lval)
    %jmp T_4.72;
T_4.58 ;
    %load/vec4 v0x5e16d54d0dc0_0;
    %load/vec4 v0x5e16d54d0ec0_0;
    %inv;
    %or;
    %pushi/vec4 1, 0, 4;
    %xor;
    %ret/vec4 0, 0, 4;  Assign to fexp_arith_xci_bar (store_vec4_to_lval)
    %jmp T_4.72;
T_4.59 ;
    %pushi/vec4 0, 0, 4;
    %ret/vec4 0, 0, 4;  Assign to fexp_arith_xci_bar (store_vec4_to_lval)
    %jmp T_4.72;
T_4.60 ;
    %load/vec4 v0x5e16d54d0dc0_0;
    %load/vec4 v0x5e16d54d0dc0_0;
    %load/vec4 v0x5e16d54d0ec0_0;
    %inv;
    %and;
    %xor;
    %pushi/vec4 1, 0, 4;
    %xor;
    %ret/vec4 0, 0, 4;  Assign to fexp_arith_xci_bar (store_vec4_to_lval)
    %jmp T_4.72;
T_4.61 ;
    %load/vec4 v0x5e16d54d0dc0_0;
    %load/vec4 v0x5e16d54d0ec0_0;
    %or;
    %load/vec4 v0x5e16d54d0dc0_0;
    %load/vec4 v0x5e16d54d0ec0_0;
    %inv;
    %and;
    %xor;
    %pushi/vec4 1, 0, 4;
    %xor;
    %ret/vec4 0, 0, 4;  Assign to fexp_arith_xci_bar (store_vec4_to_lval)
    %jmp T_4.72;
T_4.62 ;
    %load/vec4 v0x5e16d54d0dc0_0;
    %load/vec4 v0x5e16d54d0ec0_0;
    %inv;
    %addi 1, 0, 4;
    %xor;
    %ret/vec4 0, 0, 4;  Assign to fexp_arith_xci_bar (store_vec4_to_lval)
    %jmp T_4.72;
T_4.63 ;
    %load/vec4 v0x5e16d54d0dc0_0;
    %load/vec4 v0x5e16d54d0ec0_0;
    %inv;
    %and;
    %ret/vec4 0, 0, 4;  Assign to fexp_arith_xci_bar (store_vec4_to_lval)
    %jmp T_4.72;
T_4.64 ;
    %load/vec4 v0x5e16d54d0dc0_0;
    %load/vec4 v0x5e16d54d0dc0_0;
    %load/vec4 v0x5e16d54d0ec0_0;
    %and;
    %xor;
    %pushi/vec4 1, 0, 4;
    %xor;
    %ret/vec4 0, 0, 4;  Assign to fexp_arith_xci_bar (store_vec4_to_lval)
    %jmp T_4.72;
T_4.65 ;
    %load/vec4 v0x5e16d54d0dc0_0;
    %load/vec4 v0x5e16d54d0ec0_0;
    %xor;
    %pushi/vec4 1, 0, 4;
    %xor;
    %ret/vec4 0, 0, 4;  Assign to fexp_arith_xci_bar (store_vec4_to_lval)
    %jmp T_4.72;
T_4.66 ;
    %load/vec4 v0x5e16d54d0dc0_0;
    %load/vec4 v0x5e16d54d0ec0_0;
    %inv;
    %or;
    %load/vec4 v0x5e16d54d0dc0_0;
    %load/vec4 v0x5e16d54d0ec0_0;
    %and;
    %xor;
    %pushi/vec4 1, 0, 4;
    %xor;
    %ret/vec4 0, 0, 4;  Assign to fexp_arith_xci_bar (store_vec4_to_lval)
    %jmp T_4.72;
T_4.67 ;
    %load/vec4 v0x5e16d54d0dc0_0;
    %load/vec4 v0x5e16d54d0ec0_0;
    %and;
    %ret/vec4 0, 0, 4;  Assign to fexp_arith_xci_bar (store_vec4_to_lval)
    %jmp T_4.72;
T_4.68 ;
    %load/vec4 v0x5e16d54d0dc0_0;
    %load/vec4 v0x5e16d54d0dc0_0;
    %xor;
    %pushi/vec4 1, 0, 4;
    %xor;
    %ret/vec4 0, 0, 4;  Assign to fexp_arith_xci_bar (store_vec4_to_lval)
    %jmp T_4.72;
T_4.69 ;
    %load/vec4 v0x5e16d54d0dc0_0;
    %load/vec4 v0x5e16d54d0ec0_0;
    %or;
    %load/vec4 v0x5e16d54d0dc0_0;
    %xor;
    %pushi/vec4 1, 0, 4;
    %xor;
    %ret/vec4 0, 0, 4;  Assign to fexp_arith_xci_bar (store_vec4_to_lval)
    %jmp T_4.72;
T_4.70 ;
    %load/vec4 v0x5e16d54d0dc0_0;
    %load/vec4 v0x5e16d54d0ec0_0;
    %inv;
    %or;
    %load/vec4 v0x5e16d54d0dc0_0;
    %xor;
    %pushi/vec4 1, 0, 4;
    %xor;
    %ret/vec4 0, 0, 4;  Assign to fexp_arith_xci_bar (store_vec4_to_lval)
    %jmp T_4.72;
T_4.71 ;
    %load/vec4 v0x5e16d54d0dc0_0;
    %ret/vec4 0, 0, 4;  Assign to fexp_arith_xci_bar (store_vec4_to_lval)
    %jmp T_4.72;
T_4.72 ;
    %pop/vec4 1;
    %end;
S_0x5e16d54d1140 .scope function.vec4.s4, "fexp_logic_ci_bar" "fexp_logic_ci_bar" 3 282, 3 282 0, S_0x5e16d543a380;
 .timescale 0 0;
v0x5e16d54d1320_0 .var "A", 3 0;
v0x5e16d54d1420_0 .var "B", 3 0;
v0x5e16d54d1500_0 .var "S", 3 0;
; Variable fexp_logic_ci_bar is vec4 return value of scope S_0x5e16d54d1140
TD_$unit.fexp_logic_ci_bar ;
    %load/vec4 v0x5e16d54d1500_0;
    %dup/vec4;
    %pushi/vec4 0, 0, 4;
    %cmp/u;
    %jmp/1 T_5.73, 6;
    %dup/vec4;
    %pushi/vec4 1, 0, 4;
    %cmp/u;
    %jmp/1 T_5.74, 6;
    %dup/vec4;
    %pushi/vec4 2, 0, 4;
    %cmp/u;
    %jmp/1 T_5.75, 6;
    %dup/vec4;
    %pushi/vec4 3, 0, 4;
    %cmp/u;
    %jmp/1 T_5.76, 6;
    %dup/vec4;
    %pushi/vec4 4, 0, 4;
    %cmp/u;
    %jmp/1 T_5.77, 6;
    %dup/vec4;
    %pushi/vec4 5, 0, 4;
    %cmp/u;
    %jmp/1 T_5.78, 6;
    %dup/vec4;
    %pushi/vec4 6, 0, 4;
    %cmp/u;
    %jmp/1 T_5.79, 6;
    %dup/vec4;
    %pushi/vec4 7, 0, 4;
    %cmp/u;
    %jmp/1 T_5.80, 6;
    %dup/vec4;
    %pushi/vec4 8, 0, 4;
    %cmp/u;
    %jmp/1 T_5.81, 6;
    %dup/vec4;
    %pushi/vec4 9, 0, 4;
    %cmp/u;
    %jmp/1 T_5.82, 6;
    %dup/vec4;
    %pushi/vec4 10, 0, 4;
    %cmp/u;
    %jmp/1 T_5.83, 6;
    %dup/vec4;
    %pushi/vec4 11, 0, 4;
    %cmp/u;
    %jmp/1 T_5.84, 6;
    %dup/vec4;
    %pushi/vec4 12, 0, 4;
    %cmp/u;
    %jmp/1 T_5.85, 6;
    %dup/vec4;
    %pushi/vec4 13, 0, 4;
    %cmp/u;
    %jmp/1 T_5.86, 6;
    %dup/vec4;
    %pushi/vec4 14, 0, 4;
    %cmp/u;
    %jmp/1 T_5.87, 6;
    %dup/vec4;
    %pushi/vec4 15, 0, 4;
    %cmp/u;
    %jmp/1 T_5.88, 6;
    %jmp T_5.89;
T_5.73 ;
    %load/vec4 v0x5e16d54d1320_0;
    %inv;
    %ret/vec4 0, 0, 4;  Assign to fexp_logic_ci_bar (store_vec4_to_lval)
    %jmp T_5.89;
T_5.74 ;
    %load/vec4 v0x5e16d54d1320_0;
    %load/vec4 v0x5e16d54d1420_0;
    %or;
    %inv;
    %ret/vec4 0, 0, 4;  Assign to fexp_logic_ci_bar (store_vec4_to_lval)
    %jmp T_5.89;
T_5.75 ;
    %load/vec4 v0x5e16d54d1320_0;
    %inv;
    %load/vec4 v0x5e16d54d1420_0;
    %and;
    %ret/vec4 0, 0, 4;  Assign to fexp_logic_ci_bar (store_vec4_to_lval)
    %jmp T_5.89;
T_5.76 ;
    %pushi/vec4 0, 0, 4;
    %ret/vec4 0, 0, 4;  Assign to fexp_logic_ci_bar (store_vec4_to_lval)
    %jmp T_5.89;
T_5.77 ;
    %load/vec4 v0x5e16d54d1320_0;
    %load/vec4 v0x5e16d54d1420_0;
    %and;
    %inv;
    %ret/vec4 0, 0, 4;  Assign to fexp_logic_ci_bar (store_vec4_to_lval)
    %jmp T_5.89;
T_5.78 ;
    %load/vec4 v0x5e16d54d1420_0;
    %inv;
    %ret/vec4 0, 0, 4;  Assign to fexp_logic_ci_bar (store_vec4_to_lval)
    %jmp T_5.89;
T_5.79 ;
    %load/vec4 v0x5e16d54d1320_0;
    %load/vec4 v0x5e16d54d1420_0;
    %xor;
    %ret/vec4 0, 0, 4;  Assign to fexp_logic_ci_bar (store_vec4_to_lval)
    %jmp T_5.89;
T_5.80 ;
    %load/vec4 v0x5e16d54d1320_0;
    %load/vec4 v0x5e16d54d1420_0;
    %inv;
    %and;
    %ret/vec4 0, 0, 4;  Assign to fexp_logic_ci_bar (store_vec4_to_lval)
    %jmp T_5.89;
T_5.81 ;
    %load/vec4 v0x5e16d54d1320_0;
    %inv;
    %load/vec4 v0x5e16d54d1420_0;
    %or;
    %ret/vec4 0, 0, 4;  Assign to fexp_logic_ci_bar (store_vec4_to_lval)
    %jmp T_5.89;
T_5.82 ;
    %load/vec4 v0x5e16d54d1320_0;
    %load/vec4 v0x5e16d54d1420_0;
    %xor;
    %inv;
    %ret/vec4 0, 0, 4;  Assign to fexp_logic_ci_bar (store_vec4_to_lval)
    %jmp T_5.89;
T_5.83 ;
    %load/vec4 v0x5e16d54d1420_0;
    %ret/vec4 0, 0, 4;  Assign to fexp_logic_ci_bar (store_vec4_to_lval)
    %jmp T_5.89;
T_5.84 ;
    %load/vec4 v0x5e16d54d1320_0;
    %load/vec4 v0x5e16d54d1420_0;
    %and;
    %ret/vec4 0, 0, 4;  Assign to fexp_logic_ci_bar (store_vec4_to_lval)
    %jmp T_5.89;
T_5.85 ;
    %pushi/vec4 15, 0, 4;
    %ret/vec4 0, 0, 4;  Assign to fexp_logic_ci_bar (store_vec4_to_lval)
    %jmp T_5.89;
T_5.86 ;
    %load/vec4 v0x5e16d54d1320_0;
    %load/vec4 v0x5e16d54d1420_0;
    %inv;
    %or;
    %ret/vec4 0, 0, 4;  Assign to fexp_logic_ci_bar (store_vec4_to_lval)
    %jmp T_5.89;
T_5.87 ;
    %load/vec4 v0x5e16d54d1320_0;
    %load/vec4 v0x5e16d54d1420_0;
    %or;
    %ret/vec4 0, 0, 4;  Assign to fexp_logic_ci_bar (store_vec4_to_lval)
    %jmp T_5.89;
T_5.88 ;
    %load/vec4 v0x5e16d54d1320_0;
    %ret/vec4 0, 0, 4;  Assign to fexp_logic_ci_bar (store_vec4_to_lval)
    %jmp T_5.89;
T_5.89 ;
    %pop/vec4 1;
    %end;
S_0x5e16d54d16a0 .scope function.vec4.s1, "input_out1" "input_out1" 3 80, 3 80 0, S_0x5e16d543a380;
 .timescale 0 0;
v0x5e16d54d1880_0 .var "A", 0 0;
v0x5e16d54d1960_0 .var "B", 0 0;
v0x5e16d54d1a20_0 .var "S", 3 0;
; Variable input_out1 is vec4 return value of scope S_0x5e16d54d16a0
TD_$unit.input_out1 ;
    %load/vec4 v0x5e16d54d1880_0;
    %load/vec4 v0x5e16d54d1960_0;
    %and;
    %load/vec4 v0x5e16d54d1a20_0;
    %parti/s 1, 3, 3;
    %and;
    %load/vec4 v0x5e16d54d1880_0;
    %load/vec4 v0x5e16d54d1960_0;
    %inv;
    %and;
    %load/vec4 v0x5e16d54d1a20_0;
    %parti/s 1, 2, 3;
    %and;
    %or;
    %inv;
    %ret/vec4 0, 0, 1;  Assign to input_out1 (store_vec4_to_lval)
    %end;
S_0x5e16d54d1ba0 .scope function.vec4.s1, "input_out2" "input_out2" 3 91, 3 91 0, S_0x5e16d543a380;
 .timescale 0 0;
v0x5e16d54d1d80_0 .var "A", 0 0;
v0x5e16d54d1e60_0 .var "B", 0 0;
v0x5e16d54d1f20_0 .var "S", 3 0;
; Variable input_out2 is vec4 return value of scope S_0x5e16d54d1ba0
TD_$unit.input_out2 ;
    %load/vec4 v0x5e16d54d1d80_0;
    %load/vec4 v0x5e16d54d1e60_0;
    %inv;
    %load/vec4 v0x5e16d54d1f20_0;
    %parti/s 1, 1, 2;
    %and;
    %or;
    %load/vec4 v0x5e16d54d1e60_0;
    %load/vec4 v0x5e16d54d1f20_0;
    %parti/s 1, 0, 2;
    %and;
    %or;
    %inv;
    %ret/vec4 0, 0, 1;  Assign to input_out2 (store_vec4_to_lval)
    %end;
S_0x5e16d54d20d0 .scope function.vec4.s1, "x_general" "x_general" 3 154, 3 154 0, S_0x5e16d543a380;
 .timescale 0 0;
v0x5e16d54d22b0_0 .var "A", 3 0;
v0x5e16d54d23b0_0 .var "B", 3 0;
v0x5e16d54d2490_0 .var "CI_BAR", 0 0;
v0x5e16d54d2560_0 .var "S", 3 0;
; Variable x_general is vec4 return value of scope S_0x5e16d54d20d0
TD_$unit.x_general ;
    %pushi/vec4 9, 0, 4;
    %store/vec4 v0x5e16d54d2560_0, 0, 4;
    %load/vec4 v0x5e16d54d22b0_0;
    %parti/s 1, 3, 3;
    %load/vec4 v0x5e16d54d23b0_0;
    %parti/s 1, 3, 3;
    %load/vec4 v0x5e16d54d2560_0;
    %store/vec4 v0x5e16d54d1a20_0, 0, 4;
    %store/vec4 v0x5e16d54d1960_0, 0, 1;
    %store/vec4 v0x5e16d54d1880_0, 0, 1;
    %callf/vec4 TD_$unit.input_out1, S_0x5e16d54d16a0;
    %flag_set/vec4 11;
    %flag_get/vec4 11;
    %jmp/0 T_8.93, 11;
    %load/vec4 v0x5e16d54d22b0_0;
    %parti/s 1, 2, 3;
    %load/vec4 v0x5e16d54d23b0_0;
    %parti/s 1, 2, 3;
    %load/vec4 v0x5e16d54d2560_0;
    %store/vec4 v0x5e16d54d1a20_0, 0, 4;
    %store/vec4 v0x5e16d54d1960_0, 0, 1;
    %store/vec4 v0x5e16d54d1880_0, 0, 1;
    %callf/vec4 TD_$unit.input_out1, S_0x5e16d54d16a0;
    %and;
T_8.93;
    %flag_set/vec4 10;
    %flag_get/vec4 10;
    %jmp/0 T_8.92, 10;
    %load/vec4 v0x5e16d54d22b0_0;
    %parti/s 1, 1, 2;
    %load/vec4 v0x5e16d54d23b0_0;
    %parti/s 1, 1, 2;
    %load/vec4 v0x5e16d54d2560_0;
    %store/vec4 v0x5e16d54d1a20_0, 0, 4;
    %store/vec4 v0x5e16d54d1960_0, 0, 1;
    %store/vec4 v0x5e16d54d1880_0, 0, 1;
    %callf/vec4 TD_$unit.input_out1, S_0x5e16d54d16a0;
    %and;
T_8.92;
    %flag_set/vec4 9;
    %flag_get/vec4 9;
    %jmp/0 T_8.91, 9;
    %load/vec4 v0x5e16d54d22b0_0;
    %parti/s 1, 0, 2;
    %load/vec4 v0x5e16d54d23b0_0;
    %parti/s 1, 0, 2;
    %load/vec4 v0x5e16d54d2560_0;
    %store/vec4 v0x5e16d54d1a20_0, 0, 4;
    %store/vec4 v0x5e16d54d1960_0, 0, 1;
    %store/vec4 v0x5e16d54d1880_0, 0, 1;
    %callf/vec4 TD_$unit.input_out1, S_0x5e16d54d16a0;
    %and;
T_8.91;
    %inv;
    %flag_set/vec4 8;
    %flag_get/vec4 8;
    %jmp/1 T_8.90, 8;
    %load/vec4 v0x5e16d54d22b0_0;
    %parti/s 1, 0, 2;
    %load/vec4 v0x5e16d54d23b0_0;
    %parti/s 1, 0, 2;
    %load/vec4 v0x5e16d54d2560_0;
    %store/vec4 v0x5e16d54d1a20_0, 0, 4;
    %store/vec4 v0x5e16d54d1960_0, 0, 1;
    %store/vec4 v0x5e16d54d1880_0, 0, 1;
    %callf/vec4 TD_$unit.input_out1, S_0x5e16d54d16a0;
    %flag_set/vec4 8;
    %flag_get/vec4 8;
    %jmp/0 T_8.94, 8;
    %load/vec4 v0x5e16d54d2490_0;
    %inv;
    %and;
T_8.94;
    %or;
T_8.90;
    %ret/vec4 0, 0, 1;  Assign to x_general (store_vec4_to_lval)
    %end;
S_0x5e16d54d2700 .scope function.vec4.s1, "x_pick" "x_pick" 3 170, 3 170 0, S_0x5e16d543a380;
 .timescale 0 0;
v0x5e16d54d28e0_0 .var "A", 3 0;
v0x5e16d54d29e0_0 .var "B", 3 0;
v0x5e16d54d2ac0_0 .var "CI_BAR", 0 0;
v0x5e16d54d2b60_0 .var "S", 3 0;
; Variable x_pick is vec4 return value of scope S_0x5e16d54d2700
TD_$unit.x_pick ;
    %load/vec4 v0x5e16d54d2b60_0;
    %dup/vec4;
    %pushi/vec4 0, 0, 4;
    %cmp/u;
    %jmp/1 T_9.95, 6;
    %dup/vec4;
    %pushi/vec4 1, 0, 4;
    %cmp/u;
    %jmp/1 T_9.96, 6;
    %dup/vec4;
    %pushi/vec4 2, 0, 4;
    %cmp/u;
    %jmp/1 T_9.97, 6;
    %dup/vec4;
    %pushi/vec4 3, 0, 4;
    %cmp/u;
    %jmp/1 T_9.98, 6;
    %dup/vec4;
    %pushi/vec4 4, 0, 4;
    %cmp/u;
    %jmp/1 T_9.99, 6;
    %dup/vec4;
    %pushi/vec4 5, 0, 4;
    %cmp/u;
    %jmp/1 T_9.100, 6;
    %dup/vec4;
    %pushi/vec4 6, 0, 4;
    %cmp/u;
    %jmp/1 T_9.101, 6;
    %dup/vec4;
    %pushi/vec4 7, 0, 4;
    %cmp/u;
    %jmp/1 T_9.102, 6;
    %dup/vec4;
    %pushi/vec4 8, 0, 4;
    %cmp/u;
    %jmp/1 T_9.103, 6;
    %dup/vec4;
    %pushi/vec4 9, 0, 4;
    %cmp/u;
    %jmp/1 T_9.104, 6;
    %dup/vec4;
    %pushi/vec4 10, 0, 4;
    %cmp/u;
    %jmp/1 T_9.105, 6;
    %dup/vec4;
    %pushi/vec4 11, 0, 4;
    %cmp/u;
    %jmp/1 T_9.106, 6;
    %dup/vec4;
    %pushi/vec4 12, 0, 4;
    %cmp/u;
    %jmp/1 T_9.107, 6;
    %dup/vec4;
    %pushi/vec4 13, 0, 4;
    %cmp/u;
    %jmp/1 T_9.108, 6;
    %dup/vec4;
    %pushi/vec4 14, 0, 4;
    %cmp/u;
    %jmp/1 T_9.109, 6;
    %dup/vec4;
    %pushi/vec4 15, 0, 4;
    %cmp/u;
    %jmp/1 T_9.110, 6;
    %jmp T_9.111;
T_9.95 ;
    %load/vec4 v0x5e16d54d2ac0_0;
    %load/vec4 v0x5e16d54d28e0_0;
    %pushi/vec4 0, 0, 4;
    %store/vec4 v0x5e16d54d23b0_0, 0, 4;
    %store/vec4 v0x5e16d54d22b0_0, 0, 4;
    %store/vec4 v0x5e16d54d2490_0, 0, 1;
    %callf/vec4 TD_$unit.x_general, S_0x5e16d54d20d0;
    %ret/vec4 0, 0, 1;  Assign to x_pick (store_vec4_to_lval)
    %jmp T_9.111;
T_9.96 ;
    %load/vec4 v0x5e16d54d2ac0_0;
    %load/vec4 v0x5e16d54d28e0_0;
    %load/vec4 v0x5e16d54d29e0_0;
    %or;
    %pushi/vec4 0, 0, 4;
    %store/vec4 v0x5e16d54d23b0_0, 0, 4;
    %store/vec4 v0x5e16d54d22b0_0, 0, 4;
    %store/vec4 v0x5e16d54d2490_0, 0, 1;
    %callf/vec4 TD_$unit.x_general, S_0x5e16d54d20d0;
    %ret/vec4 0, 0, 1;  Assign to x_pick (store_vec4_to_lval)
    %jmp T_9.111;
T_9.97 ;
    %load/vec4 v0x5e16d54d2ac0_0;
    %load/vec4 v0x5e16d54d28e0_0;
    %load/vec4 v0x5e16d54d29e0_0;
    %inv;
    %or;
    %pushi/vec4 0, 0, 4;
    %store/vec4 v0x5e16d54d23b0_0, 0, 4;
    %store/vec4 v0x5e16d54d22b0_0, 0, 4;
    %store/vec4 v0x5e16d54d2490_0, 0, 1;
    %callf/vec4 TD_$unit.x_general, S_0x5e16d54d20d0;
    %ret/vec4 0, 0, 1;  Assign to x_pick (store_vec4_to_lval)
    %jmp T_9.111;
T_9.98 ;
    %pushi/vec4 0, 0, 1;
    %ret/vec4 0, 0, 1;  Assign to x_pick (store_vec4_to_lval)
    %jmp T_9.111;
T_9.99 ;
    %load/vec4 v0x5e16d54d2ac0_0;
    %load/vec4 v0x5e16d54d28e0_0;
    %load/vec4 v0x5e16d54d28e0_0;
    %load/vec4 v0x5e16d54d29e0_0;
    %inv;
    %and;
    %store/vec4 v0x5e16d54d23b0_0, 0, 4;
    %store/vec4 v0x5e16d54d22b0_0, 0, 4;
    %store/vec4 v0x5e16d54d2490_0, 0, 1;
    %callf/vec4 TD_$unit.x_general, S_0x5e16d54d20d0;
    %ret/vec4 0, 0, 1;  Assign to x_pick (store_vec4_to_lval)
    %jmp T_9.111;
T_9.100 ;
    %load/vec4 v0x5e16d54d2ac0_0;
    %load/vec4 v0x5e16d54d28e0_0;
    %load/vec4 v0x5e16d54d29e0_0;
    %or;
    %load/vec4 v0x5e16d54d28e0_0;
    %load/vec4 v0x5e16d54d29e0_0;
    %inv;
    %and;
    %store/vec4 v0x5e16d54d23b0_0, 0, 4;
    %store/vec4 v0x5e16d54d22b0_0, 0, 4;
    %store/vec4 v0x5e16d54d2490_0, 0, 1;
    %callf/vec4 TD_$unit.x_general, S_0x5e16d54d20d0;
    %ret/vec4 0, 0, 1;  Assign to x_pick (store_vec4_to_lval)
    %jmp T_9.111;
T_9.101 ;
    %load/vec4 v0x5e16d54d2ac0_0;
    %load/vec4 v0x5e16d54d28e0_0;
    %load/vec4 v0x5e16d54d29e0_0;
    %addi 1, 0, 4;
    %inv;
    %addi 1, 0, 4;
    %store/vec4 v0x5e16d54d23b0_0, 0, 4;
    %store/vec4 v0x5e16d54d22b0_0, 0, 4;
    %store/vec4 v0x5e16d54d2490_0, 0, 1;
    %callf/vec4 TD_$unit.x_general, S_0x5e16d54d20d0;
    %ret/vec4 0, 0, 1;  Assign to x_pick (store_vec4_to_lval)
    %jmp T_9.111;
T_9.102 ;
    %load/vec4 v0x5e16d54d2ac0_0;
    %load/vec4 v0x5e16d54d28e0_0;
    %load/vec4 v0x5e16d54d29e0_0;
    %inv;
    %and;
    %pushi/vec4 15, 0, 4;
    %store/vec4 v0x5e16d54d23b0_0, 0, 4;
    %store/vec4 v0x5e16d54d22b0_0, 0, 4;
    %store/vec4 v0x5e16d54d2490_0, 0, 1;
    %callf/vec4 TD_$unit.x_general, S_0x5e16d54d20d0;
    %ret/vec4 0, 0, 1;  Assign to x_pick (store_vec4_to_lval)
    %jmp T_9.111;
T_9.103 ;
    %load/vec4 v0x5e16d54d2ac0_0;
    %load/vec4 v0x5e16d54d28e0_0;
    %load/vec4 v0x5e16d54d28e0_0;
    %load/vec4 v0x5e16d54d29e0_0;
    %and;
    %store/vec4 v0x5e16d54d23b0_0, 0, 4;
    %store/vec4 v0x5e16d54d22b0_0, 0, 4;
    %store/vec4 v0x5e16d54d2490_0, 0, 1;
    %callf/vec4 TD_$unit.x_general, S_0x5e16d54d20d0;
    %ret/vec4 0, 0, 1;  Assign to x_pick (store_vec4_to_lval)
    %jmp T_9.111;
T_9.104 ;
    %load/vec4 v0x5e16d54d2ac0_0;
    %load/vec4 v0x5e16d54d28e0_0;
    %load/vec4 v0x5e16d54d29e0_0;
    %store/vec4 v0x5e16d54d23b0_0, 0, 4;
    %store/vec4 v0x5e16d54d22b0_0, 0, 4;
    %store/vec4 v0x5e16d54d2490_0, 0, 1;
    %callf/vec4 TD_$unit.x_general, S_0x5e16d54d20d0;
    %ret/vec4 0, 0, 1;  Assign to x_pick (store_vec4_to_lval)
    %jmp T_9.111;
T_9.105 ;
    %load/vec4 v0x5e16d54d2ac0_0;
    %load/vec4 v0x5e16d54d28e0_0;
    %load/vec4 v0x5e16d54d29e0_0;
    %inv;
    %or;
    %load/vec4 v0x5e16d54d28e0_0;
    %load/vec4 v0x5e16d54d29e0_0;
    %and;
    %store/vec4 v0x5e16d54d23b0_0, 0, 4;
    %store/vec4 v0x5e16d54d22b0_0, 0, 4;
    %store/vec4 v0x5e16d54d2490_0, 0, 1;
    %callf/vec4 TD_$unit.x_general, S_0x5e16d54d20d0;
    %ret/vec4 0, 0, 1;  Assign to x_pick (store_vec4_to_lval)
    %jmp T_9.111;
T_9.106 ;
    %load/vec4 v0x5e16d54d2ac0_0;
    %load/vec4 v0x5e16d54d28e0_0;
    %load/vec4 v0x5e16d54d29e0_0;
    %and;
    %pushi/vec4 15, 0, 4;
    %store/vec4 v0x5e16d54d23b0_0, 0, 4;
    %store/vec4 v0x5e16d54d22b0_0, 0, 4;
    %store/vec4 v0x5e16d54d2490_0, 0, 1;
    %callf/vec4 TD_$unit.x_general, S_0x5e16d54d20d0;
    %ret/vec4 0, 0, 1;  Assign to x_pick (store_vec4_to_lval)
    %jmp T_9.111;
T_9.107 ;
    %load/vec4 v0x5e16d54d2ac0_0;
    %load/vec4 v0x5e16d54d28e0_0;
    %load/vec4 v0x5e16d54d28e0_0;
    %store/vec4 v0x5e16d54d23b0_0, 0, 4;
    %store/vec4 v0x5e16d54d22b0_0, 0, 4;
    %store/vec4 v0x5e16d54d2490_0, 0, 1;
    %callf/vec4 TD_$unit.x_general, S_0x5e16d54d20d0;
    %ret/vec4 0, 0, 1;  Assign to x_pick (store_vec4_to_lval)
    %jmp T_9.111;
T_9.108 ;
    %load/vec4 v0x5e16d54d2ac0_0;
    %load/vec4 v0x5e16d54d28e0_0;
    %load/vec4 v0x5e16d54d28e0_0;
    %load/vec4 v0x5e16d54d29e0_0;
    %or;
    %store/vec4 v0x5e16d54d23b0_0, 0, 4;
    %store/vec4 v0x5e16d54d22b0_0, 0, 4;
    %store/vec4 v0x5e16d54d2490_0, 0, 1;
    %callf/vec4 TD_$unit.x_general, S_0x5e16d54d20d0;
    %ret/vec4 0, 0, 1;  Assign to x_pick (store_vec4_to_lval)
    %jmp T_9.111;
T_9.109 ;
    %load/vec4 v0x5e16d54d2ac0_0;
    %load/vec4 v0x5e16d54d28e0_0;
    %load/vec4 v0x5e16d54d28e0_0;
    %load/vec4 v0x5e16d54d29e0_0;
    %inv;
    %or;
    %store/vec4 v0x5e16d54d23b0_0, 0, 4;
    %store/vec4 v0x5e16d54d22b0_0, 0, 4;
    %store/vec4 v0x5e16d54d2490_0, 0, 1;
    %callf/vec4 TD_$unit.x_general, S_0x5e16d54d20d0;
    %ret/vec4 0, 0, 1;  Assign to x_pick (store_vec4_to_lval)
    %jmp T_9.111;
T_9.110 ;
    %load/vec4 v0x5e16d54d2ac0_0;
    %load/vec4 v0x5e16d54d28e0_0;
    %pushi/vec4 15, 0, 4;
    %store/vec4 v0x5e16d54d23b0_0, 0, 4;
    %store/vec4 v0x5e16d54d22b0_0, 0, 4;
    %store/vec4 v0x5e16d54d2490_0, 0, 1;
    %callf/vec4 TD_$unit.x_general, S_0x5e16d54d20d0;
    %ret/vec4 0, 0, 1;  Assign to x_pick (store_vec4_to_lval)
    %jmp T_9.111;
T_9.111 ;
    %pop/vec4 1;
    %end;
S_0x5e16d54b1e60 .scope module, "tb_alu" "tb_alu" 4 3;
 .timescale -9 -11;
P_0x5e16d5488450 .param/l "TICKPERIOD" 1 4 57, +C4<00000000000000000000000000010100>;
v0x5e16d54e51a0_0 .var "A", 3 0;
v0x5e16d54e5280_0 .net "AEQB", 0 0, L_0x5e16d54e68a0;  1 drivers
v0x5e16d54e5390_0 .var "AEQB_EXPECTED", 0 0;
v0x5e16d54e5430_0 .var "B", 3 0;
v0x5e16d54e54d0_0 .var "COMMENT", 255 0;
v0x5e16d54e5600_0 .var/i "COUNT", 31 0;
v0x5e16d54e56e0_0 .var "Ci_bar", 0 0;
v0x5e16d54e5780_0 .net "Co_bar", 0 0, v0x5e16d54d63a0_0;  1 drivers
v0x5e16d54e5870_0 .var "Co_bar_EXPECTED", 0 0;
v0x5e16d54e5930_0 .var "ERRORS", 31 0;
v0x5e16d54e5a10_0 .net "F", 3 0, L_0x5e16d55010a0;  1 drivers
v0x5e16d54e5af0_0 .var/i "FD", 31 0;
v0x5e16d54e5bd0_0 .var "F_EXPECTED", 3 0;
v0x5e16d54e5cb0_0 .var "M", 0 0;
v0x5e16d54e5d50_0 .var "S", 3 0;
v0x5e16d54e5e10_0 .var "TICK", 0 0;
v0x5e16d54e5ed0_0 .var "VECTORCOUNT", 31 0;
v0x5e16d54e60c0_0 .net "X", 0 0, v0x5e16d54d6630_0;  1 drivers
v0x5e16d54e6160_0 .var "X_EXPECTED", 0 0;
v0x5e16d54e6220_0 .var "eof", 0 0;
v0x5e16d54e62e0_0 .var/2s "i", 31 0;
v0x5e16d54e63c0 .array "input_coverage", 63 0, 31 0;
v0x5e16d54e6480_0 .var "prev_A", 3 0;
v0x5e16d54e6560_0 .var "prev_B", 3 0;
v0x5e16d54e6640_0 .var "prev_Ci_bar", 0 0;
v0x5e16d54e6700_0 .var "prev_M", 0 0;
v0x5e16d54e67c0_0 .var "prev_S", 3 0;
E_0x5e16d53f8f60 .event anyedge, v0x5e16d54e6220_0;
E_0x5e16d53f8cd0 .event posedge, v0x5e16d54e5e10_0;
E_0x5e16d53f9750 .event negedge, v0x5e16d54e5e10_0;
L_0x5e16d55010a0 .concat8 [ 1 1 1 1], L_0x5e16d54f7db0, L_0x5e16d54f9c80, L_0x5e16d54fc650, L_0x5e16d5500d80;
S_0x5e16d54d2dd0 .scope task, "AEQB_EXP" "AEQB_EXP" 4 729, 4 729 0, S_0x5e16d54b1e60;
 .timescale -9 -11;
TD_tb_alu.AEQB_EXP ;
    %load/vec4 v0x5e16d54e51a0_0;
    %load/vec4 v0x5e16d54e5430_0;
    %cmp/e;
    %flag_get/vec4 4;
    %store/vec4 v0x5e16d54e5390_0, 0, 1;
    %end;
S_0x5e16d54d2fd0 .scope task, "Co_bar_EXP" "Co_bar_EXP" 4 696, 4 696 0, S_0x5e16d54b1e60;
 .timescale -9 -11;
TD_tb_alu.Co_bar_EXP ;
    %load/vec4 v0x5e16d54e5cb0_0;
    %pad/u 32;
    %cmpi/e 0, 0, 32;
    %jmp/0xz  T_11.112, 4;
    %load/vec4 v0x5e16d54e5d50_0;
    %dup/vec4;
    %pushi/vec4 0, 0, 4;
    %cmp/u;
    %jmp/1 T_11.114, 6;
    %dup/vec4;
    %pushi/vec4 1, 0, 4;
    %cmp/u;
    %jmp/1 T_11.115, 6;
    %dup/vec4;
    %pushi/vec4 2, 0, 4;
    %cmp/u;
    %jmp/1 T_11.116, 6;
    %dup/vec4;
    %pushi/vec4 3, 0, 4;
    %cmp/u;
    %jmp/1 T_11.117, 6;
    %dup/vec4;
    %pushi/vec4 4, 0, 4;
    %cmp/u;
    %jmp/1 T_11.118, 6;
    %dup/vec4;
    %pushi/vec4 5, 0, 4;
    %cmp/u;
    %jmp/1 T_11.119, 6;
    %dup/vec4;
    %pushi/vec4 6, 0, 4;
    %cmp/u;
    %jmp/1 T_11.120, 6;
    %dup/vec4;
    %pushi/vec4 7, 0, 4;
    %cmp/u;
    %jmp/1 T_11.121, 6;
    %dup/vec4;
    %pushi/vec4 8, 0, 4;
    %cmp/u;
    %jmp/1 T_11.122, 6;
    %dup/vec4;
    %pushi/vec4 9, 0, 4;
    %cmp/u;
    %jmp/1 T_11.123, 6;
    %dup/vec4;
    %pushi/vec4 10, 0, 4;
    %cmp/u;
    %jmp/1 T_11.124, 6;
    %dup/vec4;
    %pushi/vec4 11, 0, 4;
    %cmp/u;
    %jmp/1 T_11.125, 6;
    %dup/vec4;
    %pushi/vec4 12, 0, 4;
    %cmp/u;
    %jmp/1 T_11.126, 6;
    %dup/vec4;
    %pushi/vec4 13, 0, 4;
    %cmp/u;
    %jmp/1 T_11.127, 6;
    %dup/vec4;
    %pushi/vec4 14, 0, 4;
    %cmp/u;
    %jmp/1 T_11.128, 6;
    %dup/vec4;
    %pushi/vec4 15, 0, 4;
    %cmp/u;
    %jmp/1 T_11.129, 6;
    %jmp T_11.130;
T_11.114 ;
    %load/vec4 v0x5e16d54e56e0_0;
    %load/vec4 v0x5e16d54e51a0_0;
    %pushi/vec4 0, 0, 4;
    %store/vec4 v0x5e16d54d4de0_0, 0, 4;
    %store/vec4 v0x5e16d54d4ce0_0, 0, 4;
    %store/vec4 v0x5e16d54d4ec0_0, 0, 1;
    %callf/vec4 TD_tb_alu.co_bar_general, S_0x5e16d54d4b00;
    %store/vec4 v0x5e16d54e5870_0, 0, 1;
    %jmp T_11.130;
T_11.115 ;
    %load/vec4 v0x5e16d54e56e0_0;
    %load/vec4 v0x5e16d54e51a0_0;
    %load/vec4 v0x5e16d54e5430_0;
    %or;
    %pushi/vec4 0, 0, 4;
    %store/vec4 v0x5e16d54d4de0_0, 0, 4;
    %store/vec4 v0x5e16d54d4ce0_0, 0, 4;
    %store/vec4 v0x5e16d54d4ec0_0, 0, 1;
    %callf/vec4 TD_tb_alu.co_bar_general, S_0x5e16d54d4b00;
    %store/vec4 v0x5e16d54e5870_0, 0, 1;
    %jmp T_11.130;
T_11.116 ;
    %load/vec4 v0x5e16d54e56e0_0;
    %load/vec4 v0x5e16d54e51a0_0;
    %load/vec4 v0x5e16d54e5430_0;
    %inv;
    %or;
    %pushi/vec4 0, 0, 4;
    %store/vec4 v0x5e16d54d4de0_0, 0, 4;
    %store/vec4 v0x5e16d54d4ce0_0, 0, 4;
    %store/vec4 v0x5e16d54d4ec0_0, 0, 1;
    %callf/vec4 TD_tb_alu.co_bar_general, S_0x5e16d54d4b00;
    %store/vec4 v0x5e16d54e5870_0, 0, 1;
    %jmp T_11.130;
T_11.117 ;
    %pushi/vec4 1, 0, 1;
    %store/vec4 v0x5e16d54e5870_0, 0, 1;
    %jmp T_11.130;
T_11.118 ;
    %load/vec4 v0x5e16d54e56e0_0;
    %load/vec4 v0x5e16d54e51a0_0;
    %load/vec4 v0x5e16d54e51a0_0;
    %load/vec4 v0x5e16d54e5430_0;
    %inv;
    %and;
    %store/vec4 v0x5e16d54d4de0_0, 0, 4;
    %store/vec4 v0x5e16d54d4ce0_0, 0, 4;
    %store/vec4 v0x5e16d54d4ec0_0, 0, 1;
    %callf/vec4 TD_tb_alu.co_bar_general, S_0x5e16d54d4b00;
    %store/vec4 v0x5e16d54e5870_0, 0, 1;
    %jmp T_11.130;
T_11.119 ;
    %load/vec4 v0x5e16d54e56e0_0;
    %load/vec4 v0x5e16d54e51a0_0;
    %load/vec4 v0x5e16d54e5430_0;
    %or;
    %load/vec4 v0x5e16d54e51a0_0;
    %load/vec4 v0x5e16d54e5430_0;
    %inv;
    %and;
    %store/vec4 v0x5e16d54d4de0_0, 0, 4;
    %store/vec4 v0x5e16d54d4ce0_0, 0, 4;
    %store/vec4 v0x5e16d54d4ec0_0, 0, 1;
    %callf/vec4 TD_tb_alu.co_bar_general, S_0x5e16d54d4b00;
    %store/vec4 v0x5e16d54e5870_0, 0, 1;
    %jmp T_11.130;
T_11.120 ;
    %load/vec4 v0x5e16d54e56e0_0;
    %load/vec4 v0x5e16d54e51a0_0;
    %load/vec4 v0x5e16d54e5430_0;
    %addi 1, 0, 4;
    %inv;
    %addi 1, 0, 4;
    %store/vec4 v0x5e16d54d4de0_0, 0, 4;
    %store/vec4 v0x5e16d54d4ce0_0, 0, 4;
    %store/vec4 v0x5e16d54d4ec0_0, 0, 1;
    %callf/vec4 TD_tb_alu.co_bar_general, S_0x5e16d54d4b00;
    %store/vec4 v0x5e16d54e5870_0, 0, 1;
    %jmp T_11.130;
T_11.121 ;
    %load/vec4 v0x5e16d54e56e0_0;
    %load/vec4 v0x5e16d54e51a0_0;
    %load/vec4 v0x5e16d54e5430_0;
    %inv;
    %and;
    %pushi/vec4 15, 0, 4;
    %store/vec4 v0x5e16d54d4de0_0, 0, 4;
    %store/vec4 v0x5e16d54d4ce0_0, 0, 4;
    %store/vec4 v0x5e16d54d4ec0_0, 0, 1;
    %callf/vec4 TD_tb_alu.co_bar_general, S_0x5e16d54d4b00;
    %store/vec4 v0x5e16d54e5870_0, 0, 1;
    %jmp T_11.130;
T_11.122 ;
    %load/vec4 v0x5e16d54e56e0_0;
    %load/vec4 v0x5e16d54e51a0_0;
    %load/vec4 v0x5e16d54e51a0_0;
    %load/vec4 v0x5e16d54e5430_0;
    %and;
    %store/vec4 v0x5e16d54d4de0_0, 0, 4;
    %store/vec4 v0x5e16d54d4ce0_0, 0, 4;
    %store/vec4 v0x5e16d54d4ec0_0, 0, 1;
    %callf/vec4 TD_tb_alu.co_bar_general, S_0x5e16d54d4b00;
    %store/vec4 v0x5e16d54e5870_0, 0, 1;
    %jmp T_11.130;
T_11.123 ;
    %load/vec4 v0x5e16d54e56e0_0;
    %load/vec4 v0x5e16d54e51a0_0;
    %load/vec4 v0x5e16d54e5430_0;
    %store/vec4 v0x5e16d54d4de0_0, 0, 4;
    %store/vec4 v0x5e16d54d4ce0_0, 0, 4;
    %store/vec4 v0x5e16d54d4ec0_0, 0, 1;
    %callf/vec4 TD_tb_alu.co_bar_general, S_0x5e16d54d4b00;
    %store/vec4 v0x5e16d54e5870_0, 0, 1;
    %jmp T_11.130;
T_11.124 ;
    %load/vec4 v0x5e16d54e56e0_0;
    %load/vec4 v0x5e16d54e51a0_0;
    %load/vec4 v0x5e16d54e5430_0;
    %inv;
    %or;
    %load/vec4 v0x5e16d54e51a0_0;
    %load/vec4 v0x5e16d54e5430_0;
    %and;
    %store/vec4 v0x5e16d54d4de0_0, 0, 4;
    %store/vec4 v0x5e16d54d4ce0_0, 0, 4;
    %store/vec4 v0x5e16d54d4ec0_0, 0, 1;
    %callf/vec4 TD_tb_alu.co_bar_general, S_0x5e16d54d4b00;
    %store/vec4 v0x5e16d54e5870_0, 0, 1;
    %jmp T_11.130;
T_11.125 ;
    %load/vec4 v0x5e16d54e56e0_0;
    %load/vec4 v0x5e16d54e51a0_0;
    %load/vec4 v0x5e16d54e5430_0;
    %and;
    %pushi/vec4 15, 0, 4;
    %store/vec4 v0x5e16d54d4de0_0, 0, 4;
    %store/vec4 v0x5e16d54d4ce0_0, 0, 4;
    %store/vec4 v0x5e16d54d4ec0_0, 0, 1;
    %callf/vec4 TD_tb_alu.co_bar_general, S_0x5e16d54d4b00;
    %store/vec4 v0x5e16d54e5870_0, 0, 1;
    %jmp T_11.130;
T_11.126 ;
    %load/vec4 v0x5e16d54e56e0_0;
    %load/vec4 v0x5e16d54e51a0_0;
    %load/vec4 v0x5e16d54e51a0_0;
    %store/vec4 v0x5e16d54d4de0_0, 0, 4;
    %store/vec4 v0x5e16d54d4ce0_0, 0, 4;
    %store/vec4 v0x5e16d54d4ec0_0, 0, 1;
    %callf/vec4 TD_tb_alu.co_bar_general, S_0x5e16d54d4b00;
    %store/vec4 v0x5e16d54e5870_0, 0, 1;
    %jmp T_11.130;
T_11.127 ;
    %load/vec4 v0x5e16d54e56e0_0;
    %load/vec4 v0x5e16d54e51a0_0;
    %load/vec4 v0x5e16d54e51a0_0;
    %load/vec4 v0x5e16d54e5430_0;
    %or;
    %store/vec4 v0x5e16d54d4de0_0, 0, 4;
    %store/vec4 v0x5e16d54d4ce0_0, 0, 4;
    %store/vec4 v0x5e16d54d4ec0_0, 0, 1;
    %callf/vec4 TD_tb_alu.co_bar_general, S_0x5e16d54d4b00;
    %store/vec4 v0x5e16d54e5870_0, 0, 1;
    %jmp T_11.130;
T_11.128 ;
    %load/vec4 v0x5e16d54e56e0_0;
    %load/vec4 v0x5e16d54e51a0_0;
    %load/vec4 v0x5e16d54e51a0_0;
    %load/vec4 v0x5e16d54e5430_0;
    %inv;
    %or;
    %store/vec4 v0x5e16d54d4de0_0, 0, 4;
    %store/vec4 v0x5e16d54d4ce0_0, 0, 4;
    %store/vec4 v0x5e16d54d4ec0_0, 0, 1;
    %callf/vec4 TD_tb_alu.co_bar_general, S_0x5e16d54d4b00;
    %store/vec4 v0x5e16d54e5870_0, 0, 1;
    %jmp T_11.130;
T_11.129 ;
    %load/vec4 v0x5e16d54e56e0_0;
    %load/vec4 v0x5e16d54e51a0_0;
    %pushi/vec4 15, 0, 4;
    %store/vec4 v0x5e16d54d4de0_0, 0, 4;
    %store/vec4 v0x5e16d54d4ce0_0, 0, 4;
    %store/vec4 v0x5e16d54d4ec0_0, 0, 1;
    %callf/vec4 TD_tb_alu.co_bar_general, S_0x5e16d54d4b00;
    %store/vec4 v0x5e16d54e5870_0, 0, 1;
    %jmp T_11.130;
T_11.130 ;
    %pop/vec4 1;
    %jmp T_11.113;
T_11.112 ;
    %pushi/vec4 1, 0, 1;
    %store/vec4 v0x5e16d54e5870_0, 0, 1;
T_11.113 ;
    %end;
S_0x5e16d54d31d0 .scope task, "F_EXP" "F_EXP" 4 681, 4 681 0, S_0x5e16d54b1e60;
 .timescale -9 -11;
TD_tb_alu.F_EXP ;
    %load/vec4 v0x5e16d54e5cb0_0;
    %load/vec4 v0x5e16d54e56e0_0;
    %concat/vec4; draw_concat_vec4
    %dup/vec4;
    %pushi/vec4 0, 0, 2;
    %cmp/u;
    %jmp/1 T_12.131, 6;
    %dup/vec4;
    %pushi/vec4 1, 0, 2;
    %cmp/u;
    %jmp/1 T_12.132, 6;
    %dup/vec4;
    %pushi/vec4 2, 0, 2;
    %cmp/u;
    %jmp/1 T_12.133, 6;
    %load/vec4 v0x5e16d54e51a0_0;
    %load/vec4 v0x5e16d54e5430_0;
    %load/vec4 v0x5e16d54e5d50_0;
    %store/vec4 v0x5e16d54e2990_0, 0, 4;
    %store/vec4 v0x5e16d54e28b0_0, 0, 4;
    %store/vec4 v0x5e16d54e27b0_0, 0, 4;
    %callf/vec4 TD_tb_alu.fexp_logic_ci_bar, S_0x5e16d54e2620;
    %store/vec4 v0x5e16d54e5bd0_0, 0, 4;
    %jmp T_12.135;
T_12.131 ;
    %load/vec4 v0x5e16d54e51a0_0;
    %load/vec4 v0x5e16d54e5430_0;
    %load/vec4 v0x5e16d54e5d50_0;
    %store/vec4 v0x5e16d54e1f40_0, 0, 4;
    %store/vec4 v0x5e16d54e1e60_0, 0, 4;
    %store/vec4 v0x5e16d54e1d60_0, 0, 4;
    %callf/vec4 TD_tb_alu.fexp_arith_ci_bar, S_0x5e16d54e1bd0;
    %store/vec4 v0x5e16d54e5bd0_0, 0, 4;
    %jmp T_12.135;
T_12.132 ;
    %load/vec4 v0x5e16d54e51a0_0;
    %load/vec4 v0x5e16d54e5430_0;
    %load/vec4 v0x5e16d54e5d50_0;
    %store/vec4 v0x5e16d54e2450_0, 0, 4;
    %store/vec4 v0x5e16d54e2370_0, 0, 4;
    %store/vec4 v0x5e16d54e2270_0, 0, 4;
    %callf/vec4 TD_tb_alu.fexp_arith_xci_bar, S_0x5e16d54e20e0;
    %store/vec4 v0x5e16d54e5bd0_0, 0, 4;
    %jmp T_12.135;
T_12.133 ;
    %load/vec4 v0x5e16d54e51a0_0;
    %load/vec4 v0x5e16d54e5430_0;
    %load/vec4 v0x5e16d54e5d50_0;
    %store/vec4 v0x5e16d54e2990_0, 0, 4;
    %store/vec4 v0x5e16d54e28b0_0, 0, 4;
    %store/vec4 v0x5e16d54e27b0_0, 0, 4;
    %callf/vec4 TD_tb_alu.fexp_logic_ci_bar, S_0x5e16d54e2620;
    %store/vec4 v0x5e16d54e5bd0_0, 0, 4;
    %jmp T_12.135;
T_12.135 ;
    %pop/vec4 1;
    %end;
S_0x5e16d54d33b0 .scope task, "X_EXP" "X_EXP" 4 737, 4 737 0, S_0x5e16d54b1e60;
 .timescale -9 -11;
TD_tb_alu.X_EXP ;
    %load/vec4 v0x5e16d54e5cb0_0;
    %pad/u 32;
    %cmpi/e 0, 0, 32;
    %jmp/0xz  T_13.136, 4;
    %load/vec4 v0x5e16d54e5d50_0;
    %dup/vec4;
    %pushi/vec4 0, 0, 4;
    %cmp/u;
    %jmp/1 T_13.138, 6;
    %dup/vec4;
    %pushi/vec4 1, 0, 4;
    %cmp/u;
    %jmp/1 T_13.139, 6;
    %dup/vec4;
    %pushi/vec4 2, 0, 4;
    %cmp/u;
    %jmp/1 T_13.140, 6;
    %dup/vec4;
    %pushi/vec4 3, 0, 4;
    %cmp/u;
    %jmp/1 T_13.141, 6;
    %dup/vec4;
    %pushi/vec4 4, 0, 4;
    %cmp/u;
    %jmp/1 T_13.142, 6;
    %dup/vec4;
    %pushi/vec4 5, 0, 4;
    %cmp/u;
    %jmp/1 T_13.143, 6;
    %dup/vec4;
    %pushi/vec4 6, 0, 4;
    %cmp/u;
    %jmp/1 T_13.144, 6;
    %dup/vec4;
    %pushi/vec4 7, 0, 4;
    %cmp/u;
    %jmp/1 T_13.145, 6;
    %dup/vec4;
    %pushi/vec4 8, 0, 4;
    %cmp/u;
    %jmp/1 T_13.146, 6;
    %dup/vec4;
    %pushi/vec4 9, 0, 4;
    %cmp/u;
    %jmp/1 T_13.147, 6;
    %dup/vec4;
    %pushi/vec4 10, 0, 4;
    %cmp/u;
    %jmp/1 T_13.148, 6;
    %dup/vec4;
    %pushi/vec4 11, 0, 4;
    %cmp/u;
    %jmp/1 T_13.149, 6;
    %dup/vec4;
    %pushi/vec4 12, 0, 4;
    %cmp/u;
    %jmp/1 T_13.150, 6;
    %dup/vec4;
    %pushi/vec4 13, 0, 4;
    %cmp/u;
    %jmp/1 T_13.151, 6;
    %dup/vec4;
    %pushi/vec4 14, 0, 4;
    %cmp/u;
    %jmp/1 T_13.152, 6;
    %dup/vec4;
    %pushi/vec4 15, 0, 4;
    %cmp/u;
    %jmp/1 T_13.153, 6;
    %jmp T_13.154;
T_13.138 ;
    %load/vec4 v0x5e16d54e56e0_0;
    %load/vec4 v0x5e16d54e51a0_0;
    %pushi/vec4 0, 0, 4;
    %store/vec4 v0x5e16d54e4e30_0, 0, 4;
    %store/vec4 v0x5e16d54e4d30_0, 0, 4;
    %store/vec4 v0x5e16d54e4f10_0, 0, 1;
    %callf/vec4 TD_tb_alu.x_general, S_0x5e16d54e4b50;
    %store/vec4 v0x5e16d54e6160_0, 0, 1;
    %jmp T_13.154;
T_13.139 ;
    %load/vec4 v0x5e16d54e56e0_0;
    %load/vec4 v0x5e16d54e51a0_0;
    %load/vec4 v0x5e16d54e5430_0;
    %or;
    %pushi/vec4 0, 0, 4;
    %store/vec4 v0x5e16d54e4e30_0, 0, 4;
    %store/vec4 v0x5e16d54e4d30_0, 0, 4;
    %store/vec4 v0x5e16d54e4f10_0, 0, 1;
    %callf/vec4 TD_tb_alu.x_general, S_0x5e16d54e4b50;
    %store/vec4 v0x5e16d54e6160_0, 0, 1;
    %jmp T_13.154;
T_13.140 ;
    %load/vec4 v0x5e16d54e56e0_0;
    %load/vec4 v0x5e16d54e51a0_0;
    %load/vec4 v0x5e16d54e5430_0;
    %inv;
    %or;
    %pushi/vec4 0, 0, 4;
    %store/vec4 v0x5e16d54e4e30_0, 0, 4;
    %store/vec4 v0x5e16d54e4d30_0, 0, 4;
    %store/vec4 v0x5e16d54e4f10_0, 0, 1;
    %callf/vec4 TD_tb_alu.x_general, S_0x5e16d54e4b50;
    %store/vec4 v0x5e16d54e6160_0, 0, 1;
    %jmp T_13.154;
T_13.141 ;
    %pushi/vec4 0, 0, 1;
    %store/vec4 v0x5e16d54e6160_0, 0, 1;
    %jmp T_13.154;
T_13.142 ;
    %load/vec4 v0x5e16d54e56e0_0;
    %load/vec4 v0x5e16d54e51a0_0;
    %load/vec4 v0x5e16d54e51a0_0;
    %load/vec4 v0x5e16d54e5430_0;
    %inv;
    %and;
    %store/vec4 v0x5e16d54e4e30_0, 0, 4;
    %store/vec4 v0x5e16d54e4d30_0, 0, 4;
    %store/vec4 v0x5e16d54e4f10_0, 0, 1;
    %callf/vec4 TD_tb_alu.x_general, S_0x5e16d54e4b50;
    %store/vec4 v0x5e16d54e6160_0, 0, 1;
    %jmp T_13.154;
T_13.143 ;
    %load/vec4 v0x5e16d54e56e0_0;
    %load/vec4 v0x5e16d54e51a0_0;
    %load/vec4 v0x5e16d54e5430_0;
    %or;
    %load/vec4 v0x5e16d54e51a0_0;
    %load/vec4 v0x5e16d54e5430_0;
    %inv;
    %and;
    %store/vec4 v0x5e16d54e4e30_0, 0, 4;
    %store/vec4 v0x5e16d54e4d30_0, 0, 4;
    %store/vec4 v0x5e16d54e4f10_0, 0, 1;
    %callf/vec4 TD_tb_alu.x_general, S_0x5e16d54e4b50;
    %store/vec4 v0x5e16d54e6160_0, 0, 1;
    %jmp T_13.154;
T_13.144 ;
    %load/vec4 v0x5e16d54e56e0_0;
    %load/vec4 v0x5e16d54e51a0_0;
    %load/vec4 v0x5e16d54e5430_0;
    %addi 1, 0, 4;
    %inv;
    %addi 1, 0, 4;
    %store/vec4 v0x5e16d54e4e30_0, 0, 4;
    %store/vec4 v0x5e16d54e4d30_0, 0, 4;
    %store/vec4 v0x5e16d54e4f10_0, 0, 1;
    %callf/vec4 TD_tb_alu.x_general, S_0x5e16d54e4b50;
    %store/vec4 v0x5e16d54e6160_0, 0, 1;
    %jmp T_13.154;
T_13.145 ;
    %load/vec4 v0x5e16d54e56e0_0;
    %load/vec4 v0x5e16d54e51a0_0;
    %load/vec4 v0x5e16d54e5430_0;
    %inv;
    %and;
    %pushi/vec4 15, 0, 4;
    %store/vec4 v0x5e16d54e4e30_0, 0, 4;
    %store/vec4 v0x5e16d54e4d30_0, 0, 4;
    %store/vec4 v0x5e16d54e4f10_0, 0, 1;
    %callf/vec4 TD_tb_alu.x_general, S_0x5e16d54e4b50;
    %store/vec4 v0x5e16d54e6160_0, 0, 1;
    %jmp T_13.154;
T_13.146 ;
    %load/vec4 v0x5e16d54e56e0_0;
    %load/vec4 v0x5e16d54e51a0_0;
    %load/vec4 v0x5e16d54e51a0_0;
    %load/vec4 v0x5e16d54e5430_0;
    %and;
    %store/vec4 v0x5e16d54e4e30_0, 0, 4;
    %store/vec4 v0x5e16d54e4d30_0, 0, 4;
    %store/vec4 v0x5e16d54e4f10_0, 0, 1;
    %callf/vec4 TD_tb_alu.x_general, S_0x5e16d54e4b50;
    %store/vec4 v0x5e16d54e6160_0, 0, 1;
    %jmp T_13.154;
T_13.147 ;
    %load/vec4 v0x5e16d54e56e0_0;
    %load/vec4 v0x5e16d54e51a0_0;
    %load/vec4 v0x5e16d54e5430_0;
    %store/vec4 v0x5e16d54e4e30_0, 0, 4;
    %store/vec4 v0x5e16d54e4d30_0, 0, 4;
    %store/vec4 v0x5e16d54e4f10_0, 0, 1;
    %callf/vec4 TD_tb_alu.x_general, S_0x5e16d54e4b50;
    %store/vec4 v0x5e16d54e6160_0, 0, 1;
    %jmp T_13.154;
T_13.148 ;
    %load/vec4 v0x5e16d54e56e0_0;
    %load/vec4 v0x5e16d54e51a0_0;
    %load/vec4 v0x5e16d54e5430_0;
    %inv;
    %or;
    %load/vec4 v0x5e16d54e51a0_0;
    %load/vec4 v0x5e16d54e5430_0;
    %and;
    %store/vec4 v0x5e16d54e4e30_0, 0, 4;
    %store/vec4 v0x5e16d54e4d30_0, 0, 4;
    %store/vec4 v0x5e16d54e4f10_0, 0, 1;
    %callf/vec4 TD_tb_alu.x_general, S_0x5e16d54e4b50;
    %store/vec4 v0x5e16d54e6160_0, 0, 1;
    %jmp T_13.154;
T_13.149 ;
    %load/vec4 v0x5e16d54e56e0_0;
    %load/vec4 v0x5e16d54e51a0_0;
    %load/vec4 v0x5e16d54e5430_0;
    %and;
    %pushi/vec4 15, 0, 4;
    %store/vec4 v0x5e16d54e4e30_0, 0, 4;
    %store/vec4 v0x5e16d54e4d30_0, 0, 4;
    %store/vec4 v0x5e16d54e4f10_0, 0, 1;
    %callf/vec4 TD_tb_alu.x_general, S_0x5e16d54e4b50;
    %store/vec4 v0x5e16d54e6160_0, 0, 1;
    %jmp T_13.154;
T_13.150 ;
    %load/vec4 v0x5e16d54e56e0_0;
    %load/vec4 v0x5e16d54e51a0_0;
    %load/vec4 v0x5e16d54e51a0_0;
    %store/vec4 v0x5e16d54e4e30_0, 0, 4;
    %store/vec4 v0x5e16d54e4d30_0, 0, 4;
    %store/vec4 v0x5e16d54e4f10_0, 0, 1;
    %callf/vec4 TD_tb_alu.x_general, S_0x5e16d54e4b50;
    %store/vec4 v0x5e16d54e6160_0, 0, 1;
    %jmp T_13.154;
T_13.151 ;
    %load/vec4 v0x5e16d54e56e0_0;
    %load/vec4 v0x5e16d54e51a0_0;
    %load/vec4 v0x5e16d54e51a0_0;
    %load/vec4 v0x5e16d54e5430_0;
    %or;
    %store/vec4 v0x5e16d54e4e30_0, 0, 4;
    %store/vec4 v0x5e16d54e4d30_0, 0, 4;
    %store/vec4 v0x5e16d54e4f10_0, 0, 1;
    %callf/vec4 TD_tb_alu.x_general, S_0x5e16d54e4b50;
    %store/vec4 v0x5e16d54e6160_0, 0, 1;
    %jmp T_13.154;
T_13.152 ;
    %load/vec4 v0x5e16d54e56e0_0;
    %load/vec4 v0x5e16d54e51a0_0;
    %load/vec4 v0x5e16d54e51a0_0;
    %load/vec4 v0x5e16d54e5430_0;
    %inv;
    %or;
    %store/vec4 v0x5e16d54e4e30_0, 0, 4;
    %store/vec4 v0x5e16d54e4d30_0, 0, 4;
    %store/vec4 v0x5e16d54e4f10_0, 0, 1;
    %callf/vec4 TD_tb_alu.x_general, S_0x5e16d54e4b50;
    %store/vec4 v0x5e16d54e6160_0, 0, 1;
    %jmp T_13.154;
T_13.153 ;
    %load/vec4 v0x5e16d54e56e0_0;
    %load/vec4 v0x5e16d54e51a0_0;
    %pushi/vec4 15, 0, 4;
    %store/vec4 v0x5e16d54e4e30_0, 0, 4;
    %store/vec4 v0x5e16d54e4d30_0, 0, 4;
    %store/vec4 v0x5e16d54e4f10_0, 0, 1;
    %callf/vec4 TD_tb_alu.x_general, S_0x5e16d54e4b50;
    %store/vec4 v0x5e16d54e6160_0, 0, 1;
    %jmp T_13.154;
T_13.154 ;
    %pop/vec4 1;
    %jmp T_13.137;
T_13.136 ;
    %pushi/vec4 0, 0, 1;
    %store/vec4 v0x5e16d54e6160_0, 0, 1;
T_13.137 ;
    %end;
S_0x5e16d54d3590 .scope task, "close" "close" 4 770, 4 770 0, S_0x5e16d54b1e60;
 .timescale -9 -11;
TD_tb_alu.close ;
    %fork t_1, S_0x5e16d54d37c0;
    %jmp t_0;
    .scope S_0x5e16d54d37c0;
t_1 ;
    %delay 1000, 0;
    %vpi_call/w 4 775 "$fclose", v0x5e16d54e5af0_0 {0 0 0};
    %vpi_call/w 4 777 "$display" {0 0 0};
    %vpi_call/w 4 778 "$display", "COVERAGE_REPORT" {0 0 0};
    %pushi/vec4 0, 0, 32;
    %store/vec4 v0x5e16d54d39a0_0, 0, 32;
T_14.155 ;
    %load/vec4 v0x5e16d54d39a0_0;
    %cmpi/s 64, 0, 32;
    %jmp/0xz T_14.156, 5;
    %ix/getv/s 4, v0x5e16d54d39a0_0;
    %load/vec4a v0x5e16d54e63c0, 4;
    %cmpi/e 0, 0, 32;
    %jmp/0xz  T_14.157, 4;
    %vpi_call/w 4 784 "$display", "input %b has occured %d times (***ERROR***)", v0x5e16d54d39a0_0, &A<v0x5e16d54e63c0, v0x5e16d54d39a0_0 > {0 0 0};
    %load/vec4 v0x5e16d54e5930_0;
    %addi 1, 0, 32;
    %store/vec4 v0x5e16d54e5930_0, 0, 32;
    %jmp T_14.158;
T_14.157 ;
    %vpi_call/w 4 791 "$display", "input %b has occured %d times", &PV<v0x5e16d54d39a0_0, 0, 6>, &A<v0x5e16d54e63c0, v0x5e16d54d39a0_0 > {0 0 0};
T_14.158 ;
    ; show_stmt_assign_vector: Get l-value for compressed += operand
    %load/vec4 v0x5e16d54d39a0_0;
    %pushi/vec4 1, 0, 32;
    %add;
    %store/vec4 v0x5e16d54d39a0_0, 0, 32;
    %jmp T_14.155;
T_14.156 ;
    %vpi_call/w 4 796 "$display" {0 0 0};
    %vpi_call/w 4 797 "$display", "VECTORCOUNT = %d", v0x5e16d54e5ed0_0 {0 0 0};
    %vpi_call/w 4 798 "$display", "ERRORS = %15d", v0x5e16d54e5930_0 {0 0 0};
    %vpi_call/w 4 799 "$display" {0 0 0};
    %vpi_call/w 4 800 "$display", "TEST_END------------------------------------------------------------------------------------------------" {0 0 0};
    %vpi_call/w 4 801 "$display" {0 0 0};
    %vpi_call/w 4 803 "$finish" {0 0 0};
    %end;
    .scope S_0x5e16d54d3590;
t_0 %join;
    %end;
S_0x5e16d54d37c0 .scope begin, "$unm_blk_65" "$unm_blk_65" 4 770, 4 770 0, S_0x5e16d54d3590;
 .timescale -9 -11;
v0x5e16d54d39a0_0 .var/i "j", 31 0;
S_0x5e16d54d3a80 .scope function.vec4.s256, "cmt_arith_ci_bar" "cmt_arith_ci_bar" 4 86, 4 86 0, S_0x5e16d54b1e60;
 .timescale -9 -11;
v0x5e16d54d3c60_0 .var "A", 3 0;
v0x5e16d54d3d60_0 .var "B", 3 0;
v0x5e16d54d3e40_0 .var "S", 3 0;
; Variable cmt_arith_ci_bar is vec4 return value of scope S_0x5e16d54d3a80
TD_tb_alu.cmt_arith_ci_bar ;
    %load/vec4 v0x5e16d54d3e40_0;
    %dup/vec4;
    %pushi/vec4 0, 0, 4;
    %cmp/u;
    %jmp/1 T_15.159, 6;
    %dup/vec4;
    %pushi/vec4 1, 0, 4;
    %cmp/u;
    %jmp/1 T_15.160, 6;
    %dup/vec4;
    %pushi/vec4 2, 0, 4;
    %cmp/u;
    %jmp/1 T_15.161, 6;
    %dup/vec4;
    %pushi/vec4 3, 0, 4;
    %cmp/u;
    %jmp/1 T_15.162, 6;
    %dup/vec4;
    %pushi/vec4 4, 0, 4;
    %cmp/u;
    %jmp/1 T_15.163, 6;
    %dup/vec4;
    %pushi/vec4 5, 0, 4;
    %cmp/u;
    %jmp/1 T_15.164, 6;
    %dup/vec4;
    %pushi/vec4 6, 0, 4;
    %cmp/u;
    %jmp/1 T_15.165, 6;
    %dup/vec4;
    %pushi/vec4 7, 0, 4;
    %cmp/u;
    %jmp/1 T_15.166, 6;
    %dup/vec4;
    %pushi/vec4 8, 0, 4;
    %cmp/u;
    %jmp/1 T_15.167, 6;
    %dup/vec4;
    %pushi/vec4 9, 0, 4;
    %cmp/u;
    %jmp/1 T_15.168, 6;
    %dup/vec4;
    %pushi/vec4 10, 0, 4;
    %cmp/u;
    %jmp/1 T_15.169, 6;
    %dup/vec4;
    %pushi/vec4 11, 0, 4;
    %cmp/u;
    %jmp/1 T_15.170, 6;
    %dup/vec4;
    %pushi/vec4 12, 0, 4;
    %cmp/u;
    %jmp/1 T_15.171, 6;
    %dup/vec4;
    %pushi/vec4 13, 0, 4;
    %cmp/u;
    %jmp/1 T_15.172, 6;
    %dup/vec4;
    %pushi/vec4 14, 0, 4;
    %cmp/u;
    %jmp/1 T_15.173, 6;
    %dup/vec4;
    %pushi/vec4 15, 0, 4;
    %cmp/u;
    %jmp/1 T_15.174, 6;
    %jmp T_15.175;
T_15.159 ;
    %pushi/vec4 0, 0, 32; draw_string_vec4
    %pushi/vec4 0, 0, 32; draw_string_vec4
    %concat/vec4; draw_string_vec4
    %pushi/vec4 0, 0, 32; draw_string_vec4
    %concat/vec4; draw_string_vec4
    %pushi/vec4 0, 0, 32; draw_string_vec4
    %concat/vec4; draw_string_vec4
    %pushi/vec4 0, 0, 32; draw_string_vec4
    %concat/vec4; draw_string_vec4
    %pushi/vec4 0, 0, 32; draw_string_vec4
    %concat/vec4; draw_string_vec4
    %pushi/vec4 65, 0, 32; draw_string_vec4
    %concat/vec4; draw_string_vec4
    %pushi/vec4 539697201, 0, 32; draw_string_vec4
    %concat/vec4; draw_string_vec4
    %ret/vec4 0, 0, 256;  Assign to cmt_arith_ci_bar (store_vec4_to_lval)
    %jmp T_15.175;
T_15.160 ;
    %pushi/vec4 0, 0, 32; draw_string_vec4
    %pushi/vec4 0, 0, 32; draw_string_vec4
    %concat/vec4; draw_string_vec4
    %pushi/vec4 0, 0, 32; draw_string_vec4
    %concat/vec4; draw_string_vec4
    %pushi/vec4 0, 0, 32; draw_string_vec4
    %concat/vec4; draw_string_vec4
    %pushi/vec4 0, 0, 32; draw_string_vec4
    %concat/vec4; draw_string_vec4
    %pushi/vec4 40, 0, 32; draw_string_vec4
    %concat/vec4; draw_string_vec4
    %pushi/vec4 1098662441, 0, 32; draw_string_vec4
    %concat/vec4; draw_string_vec4
    %pushi/vec4 539697201, 0, 32; draw_string_vec4
    %concat/vec4; draw_string_vec4
    %ret/vec4 0, 0, 256;  Assign to cmt_arith_ci_bar (store_vec4_to_lval)
    %jmp T_15.175;
T_15.161 ;
    %pushi/vec4 0, 0, 32; draw_string_vec4
    %pushi/vec4 0, 0, 32; draw_string_vec4
    %concat/vec4; draw_string_vec4
    %pushi/vec4 0, 0, 32; draw_string_vec4
    %concat/vec4; draw_string_vec4
    %pushi/vec4 0, 0, 32; draw_string_vec4
    %concat/vec4; draw_string_vec4
    %pushi/vec4 0, 0, 32; draw_string_vec4
    %concat/vec4; draw_string_vec4
    %pushi/vec4 10305, 0, 32; draw_string_vec4
    %concat/vec4; draw_string_vec4
    %pushi/vec4 2088649257, 0, 32; draw_string_vec4
    %concat/vec4; draw_string_vec4
    %pushi/vec4 539697201, 0, 32; draw_string_vec4
    %concat/vec4; draw_string_vec4
    %ret/vec4 0, 0, 256;  Assign to cmt_arith_ci_bar (store_vec4_to_lval)
    %jmp T_15.175;
T_15.162 ;
    %pushi/vec4 0, 0, 32; draw_string_vec4
    %pushi/vec4 0, 0, 32; draw_string_vec4
    %concat/vec4; draw_string_vec4
    %pushi/vec4 0, 0, 32; draw_string_vec4
    %concat/vec4; draw_string_vec4
    %pushi/vec4 0, 0, 32; draw_string_vec4
    %concat/vec4; draw_string_vec4
    %pushi/vec4 0, 0, 32; draw_string_vec4
    %concat/vec4; draw_string_vec4
    %pushi/vec4 0, 0, 32; draw_string_vec4
    %concat/vec4; draw_string_vec4
    %pushi/vec4 0, 0, 32; draw_string_vec4
    %concat/vec4; draw_string_vec4
    %pushi/vec4 48, 0, 32; draw_string_vec4
    %concat/vec4; draw_string_vec4
    %ret/vec4 0, 0, 256;  Assign to cmt_arith_ci_bar (store_vec4_to_lval)
    %jmp T_15.175;
T_15.163 ;
    %pushi/vec4 0, 0, 32; draw_string_vec4
    %pushi/vec4 0, 0, 32; draw_string_vec4
    %concat/vec4; draw_string_vec4
    %pushi/vec4 0, 0, 32; draw_string_vec4
    %concat/vec4; draw_string_vec4
    %pushi/vec4 0, 0, 32; draw_string_vec4
    %concat/vec4; draw_string_vec4
    %pushi/vec4 16672, 0, 32; draw_string_vec4
    %concat/vec4; draw_string_vec4
    %pushi/vec4 723527745, 0, 32; draw_string_vec4
    %concat/vec4; draw_string_vec4
    %pushi/vec4 645808681, 0, 32; draw_string_vec4
    %concat/vec4; draw_string_vec4
    %pushi/vec4 539697201, 0, 32; draw_string_vec4
    %concat/vec4; draw_string_vec4
    %ret/vec4 0, 0, 256;  Assign to cmt_arith_ci_bar (store_vec4_to_lval)
    %jmp T_15.175;
T_15.164 ;
    %pushi/vec4 0, 0, 32; draw_string_vec4
    %pushi/vec4 0, 0, 32; draw_string_vec4
    %concat/vec4; draw_string_vec4
    %pushi/vec4 0, 0, 32; draw_string_vec4
    %concat/vec4; draw_string_vec4
    %pushi/vec4 10305, 0, 32; draw_string_vec4
    %concat/vec4; draw_string_vec4
    %pushi/vec4 2084710688, 0, 32; draw_string_vec4
    %concat/vec4; draw_string_vec4
    %pushi/vec4 723527745, 0, 32; draw_string_vec4
    %concat/vec4; draw_string_vec4
    %pushi/vec4 645808681, 0, 32; draw_string_vec4
    %concat/vec4; draw_string_vec4
    %pushi/vec4 539697201, 0, 32; draw_string_vec4
    %concat/vec4; draw_string_vec4
    %ret/vec4 0, 0, 256;  Assign to cmt_arith_ci_bar (store_vec4_to_lval)
    %jmp T_15.175;
T_15.165 ;
    %pushi/vec4 0, 0, 32; draw_string_vec4
    %pushi/vec4 0, 0, 32; draw_string_vec4
    %concat/vec4; draw_string_vec4
    %pushi/vec4 0, 0, 32; draw_string_vec4
    %concat/vec4; draw_string_vec4
    %pushi/vec4 0, 0, 32; draw_string_vec4
    %concat/vec4; draw_string_vec4
    %pushi/vec4 0, 0, 32; draw_string_vec4
    %concat/vec4; draw_string_vec4
    %pushi/vec4 0, 0, 32; draw_string_vec4
    %concat/vec4; draw_string_vec4
    %pushi/vec4 65, 0, 32; draw_string_vec4
    %concat/vec4; draw_string_vec4
    %pushi/vec4 539828290, 0, 32; draw_string_vec4
    %concat/vec4; draw_string_vec4
    %ret/vec4 0, 0, 256;  Assign to cmt_arith_ci_bar (store_vec4_to_lval)
    %jmp T_15.175;
T_15.166 ;
    %pushi/vec4 0, 0, 32; draw_string_vec4
    %pushi/vec4 0, 0, 32; draw_string_vec4
    %concat/vec4; draw_string_vec4
    %pushi/vec4 0, 0, 32; draw_string_vec4
    %concat/vec4; draw_string_vec4
    %pushi/vec4 0, 0, 32; draw_string_vec4
    %concat/vec4; draw_string_vec4
    %pushi/vec4 0, 0, 32; draw_string_vec4
    %concat/vec4; draw_string_vec4
    %pushi/vec4 0, 0, 32; draw_string_vec4
    %concat/vec4; draw_string_vec4
    %pushi/vec4 0, 0, 32; draw_string_vec4
    %concat/vec4; draw_string_vec4
    %pushi/vec4 1093041730, 0, 32; draw_string_vec4
    %concat/vec4; draw_string_vec4
    %ret/vec4 0, 0, 256;  Assign to cmt_arith_ci_bar (store_vec4_to_lval)
    %jmp T_15.175;
T_15.167 ;
    %pushi/vec4 0, 0, 32; draw_string_vec4
    %pushi/vec4 0, 0, 32; draw_string_vec4
    %concat/vec4; draw_string_vec4
    %pushi/vec4 0, 0, 32; draw_string_vec4
    %concat/vec4; draw_string_vec4
    %pushi/vec4 0, 0, 32; draw_string_vec4
    %concat/vec4; draw_string_vec4
    %pushi/vec4 65, 0, 32; draw_string_vec4
    %concat/vec4; draw_string_vec4
    %pushi/vec4 539697192, 0, 32; draw_string_vec4
    %concat/vec4; draw_string_vec4
    %pushi/vec4 1093026345, 0, 32; draw_string_vec4
    %concat/vec4; draw_string_vec4
    %pushi/vec4 539697201, 0, 32; draw_string_vec4
    %concat/vec4; draw_string_vec4
    %ret/vec4 0, 0, 256;  Assign to cmt_arith_ci_bar (store_vec4_to_lval)
    %jmp T_15.175;
T_15.168 ;
    %pushi/vec4 0, 0, 32; draw_string_vec4
    %pushi/vec4 0, 0, 32; draw_string_vec4
    %concat/vec4; draw_string_vec4
    %pushi/vec4 0, 0, 32; draw_string_vec4
    %concat/vec4; draw_string_vec4
    %pushi/vec4 0, 0, 32; draw_string_vec4
    %concat/vec4; draw_string_vec4
    %pushi/vec4 0, 0, 32; draw_string_vec4
    %concat/vec4; draw_string_vec4
    %pushi/vec4 65, 0, 32; draw_string_vec4
    %concat/vec4; draw_string_vec4
    %pushi/vec4 539697218, 0, 32; draw_string_vec4
    %concat/vec4; draw_string_vec4
    %pushi/vec4 539697201, 0, 32; draw_string_vec4
    %concat/vec4; draw_string_vec4
    %ret/vec4 0, 0, 256;  Assign to cmt_arith_ci_bar (store_vec4_to_lval)
    %jmp T_15.175;
T_15.169 ;
    %pushi/vec4 0, 0, 32; draw_string_vec4
    %pushi/vec4 0, 0, 32; draw_string_vec4
    %concat/vec4; draw_string_vec4
    %pushi/vec4 0, 0, 32; draw_string_vec4
    %concat/vec4; draw_string_vec4
    %pushi/vec4 10305, 0, 32; draw_string_vec4
    %concat/vec4; draw_string_vec4
    %pushi/vec4 2088649257, 0, 32; draw_string_vec4
    %concat/vec4; draw_string_vec4
    %pushi/vec4 539697192, 0, 32; draw_string_vec4
    %concat/vec4; draw_string_vec4
    %pushi/vec4 1093026345, 0, 32; draw_string_vec4
    %concat/vec4; draw_string_vec4
    %pushi/vec4 539697201, 0, 32; draw_string_vec4
    %concat/vec4; draw_string_vec4
    %ret/vec4 0, 0, 256;  Assign to cmt_arith_ci_bar (store_vec4_to_lval)
    %jmp T_15.175;
T_15.170 ;
    %pushi/vec4 0, 0, 32; draw_string_vec4
    %pushi/vec4 0, 0, 32; draw_string_vec4
    %concat/vec4; draw_string_vec4
    %pushi/vec4 0, 0, 32; draw_string_vec4
    %concat/vec4; draw_string_vec4
    %pushi/vec4 0, 0, 32; draw_string_vec4
    %concat/vec4; draw_string_vec4
    %pushi/vec4 0, 0, 32; draw_string_vec4
    %concat/vec4; draw_string_vec4
    %pushi/vec4 0, 0, 32; draw_string_vec4
    %concat/vec4; draw_string_vec4
    %pushi/vec4 0, 0, 32; draw_string_vec4
    %concat/vec4; draw_string_vec4
    %pushi/vec4 4269634, 0, 32; draw_string_vec4
    %concat/vec4; draw_string_vec4
    %ret/vec4 0, 0, 256;  Assign to cmt_arith_ci_bar (store_vec4_to_lval)
    %jmp T_15.175;
T_15.171 ;
    %pushi/vec4 0, 0, 32; draw_string_vec4
    %pushi/vec4 0, 0, 32; draw_string_vec4
    %concat/vec4; draw_string_vec4
    %pushi/vec4 0, 0, 32; draw_string_vec4
    %concat/vec4; draw_string_vec4
    %pushi/vec4 65, 0, 32; draw_string_vec4
    %concat/vec4; draw_string_vec4
    %pushi/vec4 539697217, 0, 32; draw_string_vec4
    %concat/vec4; draw_string_vec4
    %pushi/vec4 539697201, 0, 32; draw_string_vec4
    %concat/vec4; draw_string_vec4
    %pushi/vec4 539963251, 0, 32; draw_string_vec4
    %concat/vec4; draw_string_vec4
    %pushi/vec4 1751737972, 0, 32; draw_string_vec4
    %concat/vec4; draw_string_vec4
    %ret/vec4 0, 0, 256;  Assign to cmt_arith_ci_bar (store_vec4_to_lval)
    %jmp T_15.175;
T_15.172 ;
    %pushi/vec4 0, 0, 32; draw_string_vec4
    %pushi/vec4 0, 0, 32; draw_string_vec4
    %concat/vec4; draw_string_vec4
    %pushi/vec4 0, 0, 32; draw_string_vec4
    %concat/vec4; draw_string_vec4
    %pushi/vec4 0, 0, 32; draw_string_vec4
    %concat/vec4; draw_string_vec4
    %pushi/vec4 40, 0, 32; draw_string_vec4
    %concat/vec4; draw_string_vec4
    %pushi/vec4 1098662441, 0, 32; draw_string_vec4
    %concat/vec4; draw_string_vec4
    %pushi/vec4 539697217, 0, 32; draw_string_vec4
    %concat/vec4; draw_string_vec4
    %pushi/vec4 539697201, 0, 32; draw_string_vec4
    %concat/vec4; draw_string_vec4
    %ret/vec4 0, 0, 256;  Assign to cmt_arith_ci_bar (store_vec4_to_lval)
    %jmp T_15.175;
T_15.173 ;
    %pushi/vec4 0, 0, 32; draw_string_vec4
    %pushi/vec4 0, 0, 32; draw_string_vec4
    %concat/vec4; draw_string_vec4
    %pushi/vec4 0, 0, 32; draw_string_vec4
    %concat/vec4; draw_string_vec4
    %pushi/vec4 0, 0, 32; draw_string_vec4
    %concat/vec4; draw_string_vec4
    %pushi/vec4 10305, 0, 32; draw_string_vec4
    %concat/vec4; draw_string_vec4
    %pushi/vec4 2088649257, 0, 32; draw_string_vec4
    %concat/vec4; draw_string_vec4
    %pushi/vec4 539697217, 0, 32; draw_string_vec4
    %concat/vec4; draw_string_vec4
    %pushi/vec4 539697201, 0, 32; draw_string_vec4
    %concat/vec4; draw_string_vec4
    %ret/vec4 0, 0, 256;  Assign to cmt_arith_ci_bar (store_vec4_to_lval)
    %jmp T_15.175;
T_15.174 ;
    %pushi/vec4 0, 0, 32; draw_string_vec4
    %pushi/vec4 0, 0, 32; draw_string_vec4
    %concat/vec4; draw_string_vec4
    %pushi/vec4 0, 0, 32; draw_string_vec4
    %concat/vec4; draw_string_vec4
    %pushi/vec4 0, 0, 32; draw_string_vec4
    %concat/vec4; draw_string_vec4
    %pushi/vec4 0, 0, 32; draw_string_vec4
    %concat/vec4; draw_string_vec4
    %pushi/vec4 0, 0, 32; draw_string_vec4
    %concat/vec4; draw_string_vec4
    %pushi/vec4 0, 0, 32; draw_string_vec4
    %concat/vec4; draw_string_vec4
    %pushi/vec4 65, 0, 32; draw_string_vec4
    %concat/vec4; draw_string_vec4
    %ret/vec4 0, 0, 256;  Assign to cmt_arith_ci_bar (store_vec4_to_lval)
    %jmp T_15.175;
T_15.175 ;
    %pop/vec4 1;
    %end;
S_0x5e16d54d3fe0 .scope function.vec4.s256, "cmt_arith_xci_bar" "cmt_arith_xci_bar" 4 116, 4 116 0, S_0x5e16d54b1e60;
 .timescale -9 -11;
v0x5e16d54d41c0_0 .var "A", 3 0;
v0x5e16d54d42c0_0 .var "B", 3 0;
v0x5e16d54d43a0_0 .var "S", 3 0;
; Variable cmt_arith_xci_bar is vec4 return value of scope S_0x5e16d54d3fe0
TD_tb_alu.cmt_arith_xci_bar ;
    %load/vec4 v0x5e16d54d43a0_0;
    %dup/vec4;
    %pushi/vec4 0, 0, 4;
    %cmp/u;
    %jmp/1 T_16.176, 6;
    %dup/vec4;
    %pushi/vec4 1, 0, 4;
    %cmp/u;
    %jmp/1 T_16.177, 6;
    %dup/vec4;
    %pushi/vec4 2, 0, 4;
    %cmp/u;
    %jmp/1 T_16.178, 6;
    %dup/vec4;
    %pushi/vec4 3, 0, 4;
    %cmp/u;
    %jmp/1 T_16.179, 6;
    %dup/vec4;
    %pushi/vec4 4, 0, 4;
    %cmp/u;
    %jmp/1 T_16.180, 6;
    %dup/vec4;
    %pushi/vec4 5, 0, 4;
    %cmp/u;
    %jmp/1 T_16.181, 6;
    %dup/vec4;
    %pushi/vec4 6, 0, 4;
    %cmp/u;
    %jmp/1 T_16.182, 6;
    %dup/vec4;
    %pushi/vec4 7, 0, 4;
    %cmp/u;
    %jmp/1 T_16.183, 6;
    %dup/vec4;
    %pushi/vec4 8, 0, 4;
    %cmp/u;
    %jmp/1 T_16.184, 6;
    %dup/vec4;
    %pushi/vec4 9, 0, 4;
    %cmp/u;
    %jmp/1 T_16.185, 6;
    %dup/vec4;
    %pushi/vec4 10, 0, 4;
    %cmp/u;
    %jmp/1 T_16.186, 6;
    %dup/vec4;
    %pushi/vec4 11, 0, 4;
    %cmp/u;
    %jmp/1 T_16.187, 6;
    %dup/vec4;
    %pushi/vec4 12, 0, 4;
    %cmp/u;
    %jmp/1 T_16.188, 6;
    %dup/vec4;
    %pushi/vec4 13, 0, 4;
    %cmp/u;
    %jmp/1 T_16.189, 6;
    %dup/vec4;
    %pushi/vec4 14, 0, 4;
    %cmp/u;
    %jmp/1 T_16.190, 6;
    %dup/vec4;
    %pushi/vec4 15, 0, 4;
    %cmp/u;
    %jmp/1 T_16.191, 6;
    %jmp T_16.192;
T_16.176 ;
    %pushi/vec4 0, 0, 32; draw_string_vec4
    %pushi/vec4 0, 0, 32; draw_string_vec4
    %concat/vec4; draw_string_vec4
    %pushi/vec4 0, 0, 32; draw_string_vec4
    %concat/vec4; draw_string_vec4
    %pushi/vec4 0, 0, 32; draw_string_vec4
    %concat/vec4; draw_string_vec4
    %pushi/vec4 0, 0, 32; draw_string_vec4
    %concat/vec4; draw_string_vec4
    %pushi/vec4 0, 0, 32; draw_string_vec4
    %concat/vec4; draw_string_vec4
    %pushi/vec4 0, 0, 32; draw_string_vec4
    %concat/vec4; draw_string_vec4
    %pushi/vec4 65, 0, 32; draw_string_vec4
    %concat/vec4; draw_string_vec4
    %ret/vec4 0, 0, 256;  Assign to cmt_arith_xci_bar (store_vec4_to_lval)
    %jmp T_16.192;
T_16.177 ;
    %pushi/vec4 0, 0, 32; draw_string_vec4
    %pushi/vec4 0, 0, 32; draw_string_vec4
    %concat/vec4; draw_string_vec4
    %pushi/vec4 0, 0, 32; draw_string_vec4
    %concat/vec4; draw_string_vec4
    %pushi/vec4 0, 0, 32; draw_string_vec4
    %concat/vec4; draw_string_vec4
    %pushi/vec4 0, 0, 32; draw_string_vec4
    %concat/vec4; draw_string_vec4
    %pushi/vec4 0, 0, 32; draw_string_vec4
    %concat/vec4; draw_string_vec4
    %pushi/vec4 0, 0, 32; draw_string_vec4
    %concat/vec4; draw_string_vec4
    %pushi/vec4 4291650, 0, 32; draw_string_vec4
    %concat/vec4; draw_string_vec4
    %ret/vec4 0, 0, 256;  Assign to cmt_arith_xci_bar (store_vec4_to_lval)
    %jmp T_16.192;
T_16.178 ;
    %pushi/vec4 0, 0, 32; draw_string_vec4
    %pushi/vec4 0, 0, 32; draw_string_vec4
    %concat/vec4; draw_string_vec4
    %pushi/vec4 0, 0, 32; draw_string_vec4
    %concat/vec4; draw_string_vec4
    %pushi/vec4 0, 0, 32; draw_string_vec4
    %concat/vec4; draw_string_vec4
    %pushi/vec4 0, 0, 32; draw_string_vec4
    %concat/vec4; draw_string_vec4
    %pushi/vec4 0, 0, 32; draw_string_vec4
    %concat/vec4; draw_string_vec4
    %pushi/vec4 0, 0, 32; draw_string_vec4
    %concat/vec4; draw_string_vec4
    %pushi/vec4 1098677826, 0, 32; draw_string_vec4
    %concat/vec4; draw_string_vec4
    %ret/vec4 0, 0, 256;  Assign to cmt_arith_xci_bar (store_vec4_to_lval)
    %jmp T_16.192;
T_16.179 ;
    %pushi/vec4 0, 0, 32; draw_string_vec4
    %pushi/vec4 0, 0, 32; draw_string_vec4
    %concat/vec4; draw_string_vec4
    %pushi/vec4 0, 0, 32; draw_string_vec4
    %concat/vec4; draw_string_vec4
    %pushi/vec4 0, 0, 32; draw_string_vec4
    %concat/vec4; draw_string_vec4
    %pushi/vec4 0, 0, 32; draw_string_vec4
    %concat/vec4; draw_string_vec4
    %pushi/vec4 758194223, 0, 32; draw_string_vec4
    %concat/vec4; draw_string_vec4
    %pushi/vec4 791816051, 0, 32; draw_string_vec4
    %concat/vec4; draw_string_vec4
    %pushi/vec4 1131375984, 0, 32; draw_string_vec4
    %concat/vec4; draw_string_vec4
    %ret/vec4 0, 0, 256;  Assign to cmt_arith_xci_bar (store_vec4_to_lval)
    %jmp T_16.192;
T_16.180 ;
    %pushi/vec4 0, 0, 32; draw_string_vec4
    %pushi/vec4 0, 0, 32; draw_string_vec4
    %concat/vec4; draw_string_vec4
    %pushi/vec4 0, 0, 32; draw_string_vec4
    %concat/vec4; draw_string_vec4
    %pushi/vec4 0, 0, 32; draw_string_vec4
    %concat/vec4; draw_string_vec4
    %pushi/vec4 0, 0, 32; draw_string_vec4
    %concat/vec4; draw_string_vec4
    %pushi/vec4 16672, 0, 32; draw_string_vec4
    %concat/vec4; draw_string_vec4
    %pushi/vec4 723527745, 0, 32; draw_string_vec4
    %concat/vec4; draw_string_vec4
    %pushi/vec4 645808681, 0, 32; draw_string_vec4
    %concat/vec4; draw_string_vec4
    %ret/vec4 0, 0, 256;  Assign to cmt_arith_xci_bar (store_vec4_to_lval)
    %jmp T_16.192;
T_16.181 ;
    %pushi/vec4 0, 0, 32; draw_string_vec4
    %pushi/vec4 0, 0, 32; draw_string_vec4
    %concat/vec4; draw_string_vec4
    %pushi/vec4 0, 0, 32; draw_string_vec4
    %concat/vec4; draw_string_vec4
    %pushi/vec4 0, 0, 32; draw_string_vec4
    %concat/vec4; draw_string_vec4
    %pushi/vec4 10305, 0, 32; draw_string_vec4
    %concat/vec4; draw_string_vec4
    %pushi/vec4 2084710688, 0, 32; draw_string_vec4
    %concat/vec4; draw_string_vec4
    %pushi/vec4 723527745, 0, 32; draw_string_vec4
    %concat/vec4; draw_string_vec4
    %pushi/vec4 645808681, 0, 32; draw_string_vec4
    %concat/vec4; draw_string_vec4
    %ret/vec4 0, 0, 256;  Assign to cmt_arith_xci_bar (store_vec4_to_lval)
    %jmp T_16.192;
T_16.182 ;
    %pushi/vec4 0, 0, 32; draw_string_vec4
    %pushi/vec4 0, 0, 32; draw_string_vec4
    %concat/vec4; draw_string_vec4
    %pushi/vec4 0, 0, 32; draw_string_vec4
    %concat/vec4; draw_string_vec4
    %pushi/vec4 0, 0, 32; draw_string_vec4
    %concat/vec4; draw_string_vec4
    %pushi/vec4 0, 0, 32; draw_string_vec4
    %concat/vec4; draw_string_vec4
    %pushi/vec4 65, 0, 32; draw_string_vec4
    %concat/vec4; draw_string_vec4
    %pushi/vec4 539828290, 0, 32; draw_string_vec4
    %concat/vec4; draw_string_vec4
    %pushi/vec4 539828273, 0, 32; draw_string_vec4
    %concat/vec4; draw_string_vec4
    %ret/vec4 0, 0, 256;  Assign to cmt_arith_xci_bar (store_vec4_to_lval)
    %jmp T_16.192;
T_16.183 ;
    %pushi/vec4 0, 0, 32; draw_string_vec4
    %pushi/vec4 0, 0, 32; draw_string_vec4
    %concat/vec4; draw_string_vec4
    %pushi/vec4 0, 0, 32; draw_string_vec4
    %concat/vec4; draw_string_vec4
    %pushi/vec4 0, 0, 32; draw_string_vec4
    %concat/vec4; draw_string_vec4
    %pushi/vec4 0, 0, 32; draw_string_vec4
    %concat/vec4; draw_string_vec4
    %pushi/vec4 10305, 0, 32; draw_string_vec4
    %concat/vec4; draw_string_vec4
    %pushi/vec4 645808681, 0, 32; draw_string_vec4
    %concat/vec4; draw_string_vec4
    %pushi/vec4 539828273, 0, 32; draw_string_vec4
    %concat/vec4; draw_string_vec4
    %ret/vec4 0, 0, 256;  Assign to cmt_arith_xci_bar (store_vec4_to_lval)
    %jmp T_16.192;
T_16.184 ;
    %pushi/vec4 0, 0, 32; draw_string_vec4
    %pushi/vec4 0, 0, 32; draw_string_vec4
    %concat/vec4; draw_string_vec4
    %pushi/vec4 0, 0, 32; draw_string_vec4
    %concat/vec4; draw_string_vec4
    %pushi/vec4 0, 0, 32; draw_string_vec4
    %concat/vec4; draw_string_vec4
    %pushi/vec4 0, 0, 32; draw_string_vec4
    %concat/vec4; draw_string_vec4
    %pushi/vec4 65, 0, 32; draw_string_vec4
    %concat/vec4; draw_string_vec4
    %pushi/vec4 539697192, 0, 32; draw_string_vec4
    %concat/vec4; draw_string_vec4
    %pushi/vec4 1093026345, 0, 32; draw_string_vec4
    %concat/vec4; draw_string_vec4
    %ret/vec4 0, 0, 256;  Assign to cmt_arith_xci_bar (store_vec4_to_lval)
    %jmp T_16.192;
T_16.185 ;
    %pushi/vec4 0, 0, 32; draw_string_vec4
    %pushi/vec4 0, 0, 32; draw_string_vec4
    %concat/vec4; draw_string_vec4
    %pushi/vec4 0, 0, 32; draw_string_vec4
    %concat/vec4; draw_string_vec4
    %pushi/vec4 0, 0, 32; draw_string_vec4
    %concat/vec4; draw_string_vec4
    %pushi/vec4 0, 0, 32; draw_string_vec4
    %concat/vec4; draw_string_vec4
    %pushi/vec4 0, 0, 32; draw_string_vec4
    %concat/vec4; draw_string_vec4
    %pushi/vec4 65, 0, 32; draw_string_vec4
    %concat/vec4; draw_string_vec4
    %pushi/vec4 539697218, 0, 32; draw_string_vec4
    %concat/vec4; draw_string_vec4
    %ret/vec4 0, 0, 256;  Assign to cmt_arith_xci_bar (store_vec4_to_lval)
    %jmp T_16.192;
T_16.186 ;
    %pushi/vec4 0, 0, 32; draw_string_vec4
    %pushi/vec4 0, 0, 32; draw_string_vec4
    %concat/vec4; draw_string_vec4
    %pushi/vec4 0, 0, 32; draw_string_vec4
    %concat/vec4; draw_string_vec4
    %pushi/vec4 0, 0, 32; draw_string_vec4
    %concat/vec4; draw_string_vec4
    %pushi/vec4 10305, 0, 32; draw_string_vec4
    %concat/vec4; draw_string_vec4
    %pushi/vec4 2088649257, 0, 32; draw_string_vec4
    %concat/vec4; draw_string_vec4
    %pushi/vec4 539697192, 0, 32; draw_string_vec4
    %concat/vec4; draw_string_vec4
    %pushi/vec4 1093026345, 0, 32; draw_string_vec4
    %concat/vec4; draw_string_vec4
    %ret/vec4 0, 0, 256;  Assign to cmt_arith_xci_bar (store_vec4_to_lval)
    %jmp T_16.192;
T_16.187 ;
    %pushi/vec4 0, 0, 32; draw_string_vec4
    %pushi/vec4 0, 0, 32; draw_string_vec4
    %concat/vec4; draw_string_vec4
    %pushi/vec4 0, 0, 32; draw_string_vec4
    %concat/vec4; draw_string_vec4
    %pushi/vec4 0, 0, 32; draw_string_vec4
    %concat/vec4; draw_string_vec4
    %pushi/vec4 0, 0, 32; draw_string_vec4
    %concat/vec4; draw_string_vec4
    %pushi/vec4 40, 0, 32; draw_string_vec4
    %concat/vec4; draw_string_vec4
    %pushi/vec4 1093026345, 0, 32; draw_string_vec4
    %concat/vec4; draw_string_vec4
    %pushi/vec4 539828273, 0, 32; draw_string_vec4
    %concat/vec4; draw_string_vec4
    %ret/vec4 0, 0, 256;  Assign to cmt_arith_xci_bar (store_vec4_to_lval)
    %jmp T_16.192;
T_16.188 ;
    %pushi/vec4 0, 0, 32; draw_string_vec4
    %pushi/vec4 0, 0, 32; draw_string_vec4
    %concat/vec4; draw_string_vec4
    %pushi/vec4 0, 0, 32; draw_string_vec4
    %concat/vec4; draw_string_vec4
    %pushi/vec4 0, 0, 32; draw_string_vec4
    %concat/vec4; draw_string_vec4
    %pushi/vec4 65, 0, 32; draw_string_vec4
    %concat/vec4; draw_string_vec4
    %pushi/vec4 539697217, 0, 32; draw_string_vec4
    %concat/vec4; draw_string_vec4
    %pushi/vec4 539963251, 0, 32; draw_string_vec4
    %concat/vec4; draw_string_vec4
    %pushi/vec4 1751737972, 0, 32; draw_string_vec4
    %concat/vec4; draw_string_vec4
    %ret/vec4 0, 0, 256;  Assign to cmt_arith_xci_bar (store_vec4_to_lval)
    %jmp T_16.192;
T_16.189 ;
    %pushi/vec4 0, 0, 32; draw_string_vec4
    %pushi/vec4 0, 0, 32; draw_string_vec4
    %concat/vec4; draw_string_vec4
    %pushi/vec4 0, 0, 32; draw_string_vec4
    %concat/vec4; draw_string_vec4
    %pushi/vec4 0, 0, 32; draw_string_vec4
    %concat/vec4; draw_string_vec4
    %pushi/vec4 0, 0, 32; draw_string_vec4
    %concat/vec4; draw_string_vec4
    %pushi/vec4 40, 0, 32; draw_string_vec4
    %concat/vec4; draw_string_vec4
    %pushi/vec4 1098662441, 0, 32; draw_string_vec4
    %concat/vec4; draw_string_vec4
    %pushi/vec4 539697217, 0, 32; draw_string_vec4
    %concat/vec4; draw_string_vec4
    %ret/vec4 0, 0, 256;  Assign to cmt_arith_xci_bar (store_vec4_to_lval)
    %jmp T_16.192;
T_16.190 ;
    %pushi/vec4 0, 0, 32; draw_string_vec4
    %pushi/vec4 0, 0, 32; draw_string_vec4
    %concat/vec4; draw_string_vec4
    %pushi/vec4 0, 0, 32; draw_string_vec4
    %concat/vec4; draw_string_vec4
    %pushi/vec4 0, 0, 32; draw_string_vec4
    %concat/vec4; draw_string_vec4
    %pushi/vec4 0, 0, 32; draw_string_vec4
    %concat/vec4; draw_string_vec4
    %pushi/vec4 10305, 0, 32; draw_string_vec4
    %concat/vec4; draw_string_vec4
    %pushi/vec4 2088649257, 0, 32; draw_string_vec4
    %concat/vec4; draw_string_vec4
    %pushi/vec4 539697217, 0, 32; draw_string_vec4
    %concat/vec4; draw_string_vec4
    %ret/vec4 0, 0, 256;  Assign to cmt_arith_xci_bar (store_vec4_to_lval)
    %jmp T_16.192;
T_16.191 ;
    %pushi/vec4 0, 0, 32; draw_string_vec4
    %pushi/vec4 0, 0, 32; draw_string_vec4
    %concat/vec4; draw_string_vec4
    %pushi/vec4 0, 0, 32; draw_string_vec4
    %concat/vec4; draw_string_vec4
    %pushi/vec4 0, 0, 32; draw_string_vec4
    %concat/vec4; draw_string_vec4
    %pushi/vec4 0, 0, 32; draw_string_vec4
    %concat/vec4; draw_string_vec4
    %pushi/vec4 0, 0, 32; draw_string_vec4
    %concat/vec4; draw_string_vec4
    %pushi/vec4 65, 0, 32; draw_string_vec4
    %concat/vec4; draw_string_vec4
    %pushi/vec4 539828273, 0, 32; draw_string_vec4
    %concat/vec4; draw_string_vec4
    %ret/vec4 0, 0, 256;  Assign to cmt_arith_xci_bar (store_vec4_to_lval)
    %jmp T_16.192;
T_16.192 ;
    %pop/vec4 1;
    %end;
S_0x5e16d54d4570 .scope function.vec4.s256, "cmt_logic_ci_bar" "cmt_logic_ci_bar" 4 146, 4 146 0, S_0x5e16d54b1e60;
 .timescale -9 -11;
v0x5e16d54d4750_0 .var "A", 3 0;
v0x5e16d54d4850_0 .var "B", 3 0;
v0x5e16d54d4930_0 .var "S", 3 0;
; Variable cmt_logic_ci_bar is vec4 return value of scope S_0x5e16d54d4570
TD_tb_alu.cmt_logic_ci_bar ;
    %load/vec4 v0x5e16d54d4930_0;
    %dup/vec4;
    %pushi/vec4 0, 0, 4;
    %cmp/u;
    %jmp/1 T_17.193, 6;
    %dup/vec4;
    %pushi/vec4 1, 0, 4;
    %cmp/u;
    %jmp/1 T_17.194, 6;
    %dup/vec4;
    %pushi/vec4 2, 0, 4;
    %cmp/u;
    %jmp/1 T_17.195, 6;
    %dup/vec4;
    %pushi/vec4 3, 0, 4;
    %cmp/u;
    %jmp/1 T_17.196, 6;
    %dup/vec4;
    %pushi/vec4 4, 0, 4;
    %cmp/u;
    %jmp/1 T_17.197, 6;
    %dup/vec4;
    %pushi/vec4 5, 0, 4;
    %cmp/u;
    %jmp/1 T_17.198, 6;
    %dup/vec4;
    %pushi/vec4 6, 0, 4;
    %cmp/u;
    %jmp/1 T_17.199, 6;
    %dup/vec4;
    %pushi/vec4 7, 0, 4;
    %cmp/u;
    %jmp/1 T_17.200, 6;
    %dup/vec4;
    %pushi/vec4 8, 0, 4;
    %cmp/u;
    %jmp/1 T_17.201, 6;
    %dup/vec4;
    %pushi/vec4 9, 0, 4;
    %cmp/u;
    %jmp/1 T_17.202, 6;
    %dup/vec4;
    %pushi/vec4 10, 0, 4;
    %cmp/u;
    %jmp/1 T_17.203, 6;
    %dup/vec4;
    %pushi/vec4 11, 0, 4;
    %cmp/u;
    %jmp/1 T_17.204, 6;
    %dup/vec4;
    %pushi/vec4 12, 0, 4;
    %cmp/u;
    %jmp/1 T_17.205, 6;
    %dup/vec4;
    %pushi/vec4 13, 0, 4;
    %cmp/u;
    %jmp/1 T_17.206, 6;
    %dup/vec4;
    %pushi/vec4 14, 0, 4;
    %cmp/u;
    %jmp/1 T_17.207, 6;
    %dup/vec4;
    %pushi/vec4 15, 0, 4;
    %cmp/u;
    %jmp/1 T_17.208, 6;
    %jmp T_17.209;
T_17.193 ;
    %pushi/vec4 0, 0, 32; draw_string_vec4
    %pushi/vec4 0, 0, 32; draw_string_vec4
    %concat/vec4; draw_string_vec4
    %pushi/vec4 0, 0, 32; draw_string_vec4
    %concat/vec4; draw_string_vec4
    %pushi/vec4 0, 0, 32; draw_string_vec4
    %concat/vec4; draw_string_vec4
    %pushi/vec4 0, 0, 32; draw_string_vec4
    %concat/vec4; draw_string_vec4
    %pushi/vec4 0, 0, 32; draw_string_vec4
    %concat/vec4; draw_string_vec4
    %pushi/vec4 0, 0, 32; draw_string_vec4
    %concat/vec4; draw_string_vec4
    %pushi/vec4 32321, 0, 32; draw_string_vec4
    %concat/vec4; draw_string_vec4
    %ret/vec4 0, 0, 256;  Assign to cmt_logic_ci_bar (store_vec4_to_lval)
    %jmp T_17.209;
T_17.194 ;
    %pushi/vec4 0, 0, 32; draw_string_vec4
    %pushi/vec4 0, 0, 32; draw_string_vec4
    %concat/vec4; draw_string_vec4
    %pushi/vec4 0, 0, 32; draw_string_vec4
    %concat/vec4; draw_string_vec4
    %pushi/vec4 0, 0, 32; draw_string_vec4
    %concat/vec4; draw_string_vec4
    %pushi/vec4 0, 0, 32; draw_string_vec4
    %concat/vec4; draw_string_vec4
    %pushi/vec4 0, 0, 32; draw_string_vec4
    %concat/vec4; draw_string_vec4
    %pushi/vec4 32296, 0, 32; draw_string_vec4
    %concat/vec4; draw_string_vec4
    %pushi/vec4 1098662441, 0, 32; draw_string_vec4
    %concat/vec4; draw_string_vec4
    %ret/vec4 0, 0, 256;  Assign to cmt_logic_ci_bar (store_vec4_to_lval)
    %jmp T_17.209;
T_17.195 ;
    %pushi/vec4 0, 0, 32; draw_string_vec4
    %pushi/vec4 0, 0, 32; draw_string_vec4
    %concat/vec4; draw_string_vec4
    %pushi/vec4 0, 0, 32; draw_string_vec4
    %concat/vec4; draw_string_vec4
    %pushi/vec4 0, 0, 32; draw_string_vec4
    %concat/vec4; draw_string_vec4
    %pushi/vec4 0, 0, 32; draw_string_vec4
    %concat/vec4; draw_string_vec4
    %pushi/vec4 0, 0, 32; draw_string_vec4
    %concat/vec4; draw_string_vec4
    %pushi/vec4 0, 0, 32; draw_string_vec4
    %concat/vec4; draw_string_vec4
    %pushi/vec4 2118198850, 0, 32; draw_string_vec4
    %concat/vec4; draw_string_vec4
    %ret/vec4 0, 0, 256;  Assign to cmt_logic_ci_bar (store_vec4_to_lval)
    %jmp T_17.209;
T_17.196 ;
    %pushi/vec4 0, 0, 32; draw_string_vec4
    %pushi/vec4 0, 0, 32; draw_string_vec4
    %concat/vec4; draw_string_vec4
    %pushi/vec4 0, 0, 32; draw_string_vec4
    %concat/vec4; draw_string_vec4
    %pushi/vec4 0, 0, 32; draw_string_vec4
    %concat/vec4; draw_string_vec4
    %pushi/vec4 0, 0, 32; draw_string_vec4
    %concat/vec4; draw_string_vec4
    %pushi/vec4 0, 0, 32; draw_string_vec4
    %concat/vec4; draw_string_vec4
    %pushi/vec4 0, 0, 32; draw_string_vec4
    %concat/vec4; draw_string_vec4
    %pushi/vec4 48, 0, 32; draw_string_vec4
    %concat/vec4; draw_string_vec4
    %ret/vec4 0, 0, 256;  Assign to cmt_logic_ci_bar (store_vec4_to_lval)
    %jmp T_17.209;
T_17.197 ;
    %pushi/vec4 0, 0, 32; draw_string_vec4
    %pushi/vec4 0, 0, 32; draw_string_vec4
    %concat/vec4; draw_string_vec4
    %pushi/vec4 0, 0, 32; draw_string_vec4
    %concat/vec4; draw_string_vec4
    %pushi/vec4 0, 0, 32; draw_string_vec4
    %concat/vec4; draw_string_vec4
    %pushi/vec4 0, 0, 32; draw_string_vec4
    %concat/vec4; draw_string_vec4
    %pushi/vec4 0, 0, 32; draw_string_vec4
    %concat/vec4; draw_string_vec4
    %pushi/vec4 32296, 0, 32; draw_string_vec4
    %concat/vec4; draw_string_vec4
    %pushi/vec4 1093026345, 0, 32; draw_string_vec4
    %concat/vec4; draw_string_vec4
    %ret/vec4 0, 0, 256;  Assign to cmt_logic_ci_bar (store_vec4_to_lval)
    %jmp T_17.209;
T_17.198 ;
    %pushi/vec4 0, 0, 32; draw_string_vec4
    %pushi/vec4 0, 0, 32; draw_string_vec4
    %concat/vec4; draw_string_vec4
    %pushi/vec4 0, 0, 32; draw_string_vec4
    %concat/vec4; draw_string_vec4
    %pushi/vec4 0, 0, 32; draw_string_vec4
    %concat/vec4; draw_string_vec4
    %pushi/vec4 0, 0, 32; draw_string_vec4
    %concat/vec4; draw_string_vec4
    %pushi/vec4 0, 0, 32; draw_string_vec4
    %concat/vec4; draw_string_vec4
    %pushi/vec4 0, 0, 32; draw_string_vec4
    %concat/vec4; draw_string_vec4
    %pushi/vec4 32322, 0, 32; draw_string_vec4
    %concat/vec4; draw_string_vec4
    %ret/vec4 0, 0, 256;  Assign to cmt_logic_ci_bar (store_vec4_to_lval)
    %jmp T_17.209;
T_17.199 ;
    %pushi/vec4 0, 0, 32; draw_string_vec4
    %pushi/vec4 0, 0, 32; draw_string_vec4
    %concat/vec4; draw_string_vec4
    %pushi/vec4 0, 0, 32; draw_string_vec4
    %concat/vec4; draw_string_vec4
    %pushi/vec4 0, 0, 32; draw_string_vec4
    %concat/vec4; draw_string_vec4
    %pushi/vec4 0, 0, 32; draw_string_vec4
    %concat/vec4; draw_string_vec4
    %pushi/vec4 0, 0, 32; draw_string_vec4
    %concat/vec4; draw_string_vec4
    %pushi/vec4 0, 0, 32; draw_string_vec4
    %concat/vec4; draw_string_vec4
    %pushi/vec4 4283970, 0, 32; draw_string_vec4
    %concat/vec4; draw_string_vec4
    %ret/vec4 0, 0, 256;  Assign to cmt_logic_ci_bar (store_vec4_to_lval)
    %jmp T_17.209;
T_17.200 ;
    %pushi/vec4 0, 0, 32; draw_string_vec4
    %pushi/vec4 0, 0, 32; draw_string_vec4
    %concat/vec4; draw_string_vec4
    %pushi/vec4 0, 0, 32; draw_string_vec4
    %concat/vec4; draw_string_vec4
    %pushi/vec4 0, 0, 32; draw_string_vec4
    %concat/vec4; draw_string_vec4
    %pushi/vec4 0, 0, 32; draw_string_vec4
    %concat/vec4; draw_string_vec4
    %pushi/vec4 0, 0, 32; draw_string_vec4
    %concat/vec4; draw_string_vec4
    %pushi/vec4 0, 0, 32; draw_string_vec4
    %concat/vec4; draw_string_vec4
    %pushi/vec4 1093041730, 0, 32; draw_string_vec4
    %concat/vec4; draw_string_vec4
    %ret/vec4 0, 0, 256;  Assign to cmt_logic_ci_bar (store_vec4_to_lval)
    %jmp T_17.209;
T_17.201 ;
    %pushi/vec4 0, 0, 32; draw_string_vec4
    %pushi/vec4 0, 0, 32; draw_string_vec4
    %concat/vec4; draw_string_vec4
    %pushi/vec4 0, 0, 32; draw_string_vec4
    %concat/vec4; draw_string_vec4
    %pushi/vec4 0, 0, 32; draw_string_vec4
    %concat/vec4; draw_string_vec4
    %pushi/vec4 0, 0, 32; draw_string_vec4
    %concat/vec4; draw_string_vec4
    %pushi/vec4 0, 0, 32; draw_string_vec4
    %concat/vec4; draw_string_vec4
    %pushi/vec4 0, 0, 32; draw_string_vec4
    %concat/vec4; draw_string_vec4
    %pushi/vec4 2118220866, 0, 32; draw_string_vec4
    %concat/vec4; draw_string_vec4
    %ret/vec4 0, 0, 256;  Assign to cmt_logic_ci_bar (store_vec4_to_lval)
    %jmp T_17.209;
T_17.202 ;
    %pushi/vec4 0, 0, 32; draw_string_vec4
    %pushi/vec4 0, 0, 32; draw_string_vec4
    %concat/vec4; draw_string_vec4
    %pushi/vec4 0, 0, 32; draw_string_vec4
    %concat/vec4; draw_string_vec4
    %pushi/vec4 0, 0, 32; draw_string_vec4
    %concat/vec4; draw_string_vec4
    %pushi/vec4 0, 0, 32; draw_string_vec4
    %concat/vec4; draw_string_vec4
    %pushi/vec4 0, 0, 32; draw_string_vec4
    %concat/vec4; draw_string_vec4
    %pushi/vec4 32296, 0, 32; draw_string_vec4
    %concat/vec4; draw_string_vec4
    %pushi/vec4 1096696361, 0, 32; draw_string_vec4
    %concat/vec4; draw_string_vec4
    %ret/vec4 0, 0, 256;  Assign to cmt_logic_ci_bar (store_vec4_to_lval)
    %jmp T_17.209;
T_17.203 ;
    %pushi/vec4 0, 0, 32; draw_string_vec4
    %pushi/vec4 0, 0, 32; draw_string_vec4
    %concat/vec4; draw_string_vec4
    %pushi/vec4 0, 0, 32; draw_string_vec4
    %concat/vec4; draw_string_vec4
    %pushi/vec4 0, 0, 32; draw_string_vec4
    %concat/vec4; draw_string_vec4
    %pushi/vec4 0, 0, 32; draw_string_vec4
    %concat/vec4; draw_string_vec4
    %pushi/vec4 0, 0, 32; draw_string_vec4
    %concat/vec4; draw_string_vec4
    %pushi/vec4 0, 0, 32; draw_string_vec4
    %concat/vec4; draw_string_vec4
    %pushi/vec4 66, 0, 32; draw_string_vec4
    %concat/vec4; draw_string_vec4
    %ret/vec4 0, 0, 256;  Assign to cmt_logic_ci_bar (store_vec4_to_lval)
    %jmp T_17.209;
T_17.204 ;
    %pushi/vec4 0, 0, 32; draw_string_vec4
    %pushi/vec4 0, 0, 32; draw_string_vec4
    %concat/vec4; draw_string_vec4
    %pushi/vec4 0, 0, 32; draw_string_vec4
    %concat/vec4; draw_string_vec4
    %pushi/vec4 0, 0, 32; draw_string_vec4
    %concat/vec4; draw_string_vec4
    %pushi/vec4 0, 0, 32; draw_string_vec4
    %concat/vec4; draw_string_vec4
    %pushi/vec4 0, 0, 32; draw_string_vec4
    %concat/vec4; draw_string_vec4
    %pushi/vec4 0, 0, 32; draw_string_vec4
    %concat/vec4; draw_string_vec4
    %pushi/vec4 4269634, 0, 32; draw_string_vec4
    %concat/vec4; draw_string_vec4
    %ret/vec4 0, 0, 256;  Assign to cmt_logic_ci_bar (store_vec4_to_lval)
    %jmp T_17.209;
T_17.205 ;
    %pushi/vec4 0, 0, 32; draw_string_vec4
    %pushi/vec4 0, 0, 32; draw_string_vec4
    %concat/vec4; draw_string_vec4
    %pushi/vec4 0, 0, 32; draw_string_vec4
    %concat/vec4; draw_string_vec4
    %pushi/vec4 0, 0, 32; draw_string_vec4
    %concat/vec4; draw_string_vec4
    %pushi/vec4 0, 0, 32; draw_string_vec4
    %concat/vec4; draw_string_vec4
    %pushi/vec4 0, 0, 32; draw_string_vec4
    %concat/vec4; draw_string_vec4
    %pushi/vec4 0, 0, 32; draw_string_vec4
    %concat/vec4; draw_string_vec4
    %pushi/vec4 825307441, 0, 32; draw_string_vec4
    %concat/vec4; draw_string_vec4
    %ret/vec4 0, 0, 256;  Assign to cmt_logic_ci_bar (store_vec4_to_lval)
    %jmp T_17.209;
T_17.206 ;
    %pushi/vec4 0, 0, 32; draw_string_vec4
    %pushi/vec4 0, 0, 32; draw_string_vec4
    %concat/vec4; draw_string_vec4
    %pushi/vec4 0, 0, 32; draw_string_vec4
    %concat/vec4; draw_string_vec4
    %pushi/vec4 0, 0, 32; draw_string_vec4
    %concat/vec4; draw_string_vec4
    %pushi/vec4 0, 0, 32; draw_string_vec4
    %concat/vec4; draw_string_vec4
    %pushi/vec4 0, 0, 32; draw_string_vec4
    %concat/vec4; draw_string_vec4
    %pushi/vec4 0, 0, 32; draw_string_vec4
    %concat/vec4; draw_string_vec4
    %pushi/vec4 1098677826, 0, 32; draw_string_vec4
    %concat/vec4; draw_string_vec4
    %ret/vec4 0, 0, 256;  Assign to cmt_logic_ci_bar (store_vec4_to_lval)
    %jmp T_17.209;
T_17.207 ;
    %pushi/vec4 0, 0, 32; draw_string_vec4
    %pushi/vec4 0, 0, 32; draw_string_vec4
    %concat/vec4; draw_string_vec4
    %pushi/vec4 0, 0, 32; draw_string_vec4
    %concat/vec4; draw_string_vec4
    %pushi/vec4 0, 0, 32; draw_string_vec4
    %concat/vec4; draw_string_vec4
    %pushi/vec4 0, 0, 32; draw_string_vec4
    %concat/vec4; draw_string_vec4
    %pushi/vec4 0, 0, 32; draw_string_vec4
    %concat/vec4; draw_string_vec4
    %pushi/vec4 0, 0, 32; draw_string_vec4
    %concat/vec4; draw_string_vec4
    %pushi/vec4 4291650, 0, 32; draw_string_vec4
    %concat/vec4; draw_string_vec4
    %ret/vec4 0, 0, 256;  Assign to cmt_logic_ci_bar (store_vec4_to_lval)
    %jmp T_17.209;
T_17.208 ;
    %pushi/vec4 0, 0, 32; draw_string_vec4
    %pushi/vec4 0, 0, 32; draw_string_vec4
    %concat/vec4; draw_string_vec4
    %pushi/vec4 0, 0, 32; draw_string_vec4
    %concat/vec4; draw_string_vec4
    %pushi/vec4 0, 0, 32; draw_string_vec4
    %concat/vec4; draw_string_vec4
    %pushi/vec4 0, 0, 32; draw_string_vec4
    %concat/vec4; draw_string_vec4
    %pushi/vec4 0, 0, 32; draw_string_vec4
    %concat/vec4; draw_string_vec4
    %pushi/vec4 0, 0, 32; draw_string_vec4
    %concat/vec4; draw_string_vec4
    %pushi/vec4 65, 0, 32; draw_string_vec4
    %concat/vec4; draw_string_vec4
    %ret/vec4 0, 0, 256;  Assign to cmt_logic_ci_bar (store_vec4_to_lval)
    %jmp T_17.209;
T_17.209 ;
    %pop/vec4 1;
    %end;
S_0x5e16d54d4b00 .scope function.vec4.s1, "co_bar_general" "co_bar_general" 4 295, 4 295 0, S_0x5e16d54b1e60;
 .timescale -9 -11;
v0x5e16d54d4ce0_0 .var "A", 3 0;
v0x5e16d54d4de0_0 .var "B", 3 0;
v0x5e16d54d4ec0_0 .var "CI_BAR", 0 0;
v0x5e16d54d4f90_0 .var "S", 3 0;
; Variable co_bar_general is vec4 return value of scope S_0x5e16d54d4b00
v0x5e16d54d5130_0 .var "y", 0 0;
TD_tb_alu.co_bar_general ;
    %pushi/vec4 9, 0, 4;
    %store/vec4 v0x5e16d54d4f90_0, 0, 4;
    %load/vec4 v0x5e16d54d4ce0_0;
    %parti/s 1, 3, 3;
    %load/vec4 v0x5e16d54d4de0_0;
    %parti/s 1, 3, 3;
    %load/vec4 v0x5e16d54d4f90_0;
    %store/vec4 v0x5e16d54e38a0_0, 0, 4;
    %store/vec4 v0x5e16d54e37e0_0, 0, 1;
    %store/vec4 v0x5e16d54e3700_0, 0, 1;
    %callf/vec4 TD_tb_alu.input_out2, S_0x5e16d54e3520;
    %flag_set/vec4 8;
    %jmp/1 T_18.213, 8;
    %load/vec4 v0x5e16d54d4ce0_0;
    %parti/s 1, 3, 3;
    %load/vec4 v0x5e16d54d4de0_0;
    %parti/s 1, 3, 3;
    %load/vec4 v0x5e16d54d4f90_0;
    %store/vec4 v0x5e16d54e3370_0, 0, 4;
    %store/vec4 v0x5e16d54e32b0_0, 0, 1;
    %store/vec4 v0x5e16d54e31d0_0, 0, 1;
    %callf/vec4 TD_tb_alu.input_out1, S_0x5e16d54e2ff0;
    %flag_set/vec4 10;
    %flag_get/vec4 10;
    %jmp/0 T_18.214, 10;
    %load/vec4 v0x5e16d54d4ce0_0;
    %parti/s 1, 2, 3;
    %load/vec4 v0x5e16d54d4de0_0;
    %parti/s 1, 2, 3;
    %load/vec4 v0x5e16d54d4f90_0;
    %store/vec4 v0x5e16d54e38a0_0, 0, 4;
    %store/vec4 v0x5e16d54e37e0_0, 0, 1;
    %store/vec4 v0x5e16d54e3700_0, 0, 1;
    %callf/vec4 TD_tb_alu.input_out2, S_0x5e16d54e3520;
    %and;
T_18.214;
    %flag_set/vec4 9;
    %flag_or 8, 9;
T_18.213;
    %jmp/1 T_18.212, 8;
    %load/vec4 v0x5e16d54d4ce0_0;
    %parti/s 1, 3, 3;
    %load/vec4 v0x5e16d54d4de0_0;
    %parti/s 1, 3, 3;
    %load/vec4 v0x5e16d54d4f90_0;
    %store/vec4 v0x5e16d54e3370_0, 0, 4;
    %store/vec4 v0x5e16d54e32b0_0, 0, 1;
    %store/vec4 v0x5e16d54e31d0_0, 0, 1;
    %callf/vec4 TD_tb_alu.input_out1, S_0x5e16d54e2ff0;
    %flag_set/vec4 11;
    %flag_get/vec4 11;
    %jmp/0 T_18.216, 11;
    %load/vec4 v0x5e16d54d4ce0_0;
    %parti/s 1, 2, 3;
    %load/vec4 v0x5e16d54d4de0_0;
    %parti/s 1, 2, 3;
    %load/vec4 v0x5e16d54d4f90_0;
    %store/vec4 v0x5e16d54e3370_0, 0, 4;
    %store/vec4 v0x5e16d54e32b0_0, 0, 1;
    %store/vec4 v0x5e16d54e31d0_0, 0, 1;
    %callf/vec4 TD_tb_alu.input_out1, S_0x5e16d54e2ff0;
    %and;
T_18.216;
    %flag_set/vec4 10;
    %flag_get/vec4 10;
    %jmp/0 T_18.215, 10;
    %load/vec4 v0x5e16d54d4ce0_0;
    %parti/s 1, 1, 2;
    %load/vec4 v0x5e16d54d4de0_0;
    %parti/s 1, 1, 2;
    %load/vec4 v0x5e16d54d4f90_0;
    %store/vec4 v0x5e16d54e38a0_0, 0, 4;
    %store/vec4 v0x5e16d54e37e0_0, 0, 1;
    %store/vec4 v0x5e16d54e3700_0, 0, 1;
    %callf/vec4 TD_tb_alu.input_out2, S_0x5e16d54e3520;
    %and;
T_18.215;
    %flag_set/vec4 9;
    %flag_or 8, 9;
T_18.212;
    %jmp/1 T_18.211, 8;
    %load/vec4 v0x5e16d54d4ce0_0;
    %parti/s 1, 3, 3;
    %load/vec4 v0x5e16d54d4de0_0;
    %parti/s 1, 3, 3;
    %load/vec4 v0x5e16d54d4f90_0;
    %store/vec4 v0x5e16d54e3370_0, 0, 4;
    %store/vec4 v0x5e16d54e32b0_0, 0, 1;
    %store/vec4 v0x5e16d54e31d0_0, 0, 1;
    %callf/vec4 TD_tb_alu.input_out1, S_0x5e16d54e2ff0;
    %flag_set/vec4 12;
    %flag_get/vec4 12;
    %jmp/0 T_18.219, 12;
    %load/vec4 v0x5e16d54d4ce0_0;
    %parti/s 1, 2, 3;
    %load/vec4 v0x5e16d54d4de0_0;
    %parti/s 1, 2, 3;
    %load/vec4 v0x5e16d54d4f90_0;
    %store/vec4 v0x5e16d54e3370_0, 0, 4;
    %store/vec4 v0x5e16d54e32b0_0, 0, 1;
    %store/vec4 v0x5e16d54e31d0_0, 0, 1;
    %callf/vec4 TD_tb_alu.input_out1, S_0x5e16d54e2ff0;
    %and;
T_18.219;
    %flag_set/vec4 11;
    %flag_get/vec4 11;
    %jmp/0 T_18.218, 11;
    %load/vec4 v0x5e16d54d4ce0_0;
    %parti/s 1, 1, 2;
    %load/vec4 v0x5e16d54d4de0_0;
    %parti/s 1, 1, 2;
    %load/vec4 v0x5e16d54d4f90_0;
    %store/vec4 v0x5e16d54e3370_0, 0, 4;
    %store/vec4 v0x5e16d54e32b0_0, 0, 1;
    %store/vec4 v0x5e16d54e31d0_0, 0, 1;
    %callf/vec4 TD_tb_alu.input_out1, S_0x5e16d54e2ff0;
    %and;
T_18.218;
    %flag_set/vec4 10;
    %flag_get/vec4 10;
    %jmp/0 T_18.217, 10;
    %load/vec4 v0x5e16d54d4ce0_0;
    %parti/s 1, 0, 2;
    %load/vec4 v0x5e16d54d4de0_0;
    %parti/s 1, 0, 2;
    %load/vec4 v0x5e16d54d4f90_0;
    %store/vec4 v0x5e16d54e38a0_0, 0, 4;
    %store/vec4 v0x5e16d54e37e0_0, 0, 1;
    %store/vec4 v0x5e16d54e3700_0, 0, 1;
    %callf/vec4 TD_tb_alu.input_out2, S_0x5e16d54e3520;
    %and;
T_18.217;
    %flag_set/vec4 9;
    %flag_or 8, 9;
T_18.211;
    %flag_get/vec4 8;
    %jmp/1 T_18.210, 8;
    %load/vec4 v0x5e16d54d4ce0_0;
    %parti/s 1, 3, 3;
    %load/vec4 v0x5e16d54d4de0_0;
    %parti/s 1, 3, 3;
    %load/vec4 v0x5e16d54d4f90_0;
    %store/vec4 v0x5e16d54e3370_0, 0, 4;
    %store/vec4 v0x5e16d54e32b0_0, 0, 1;
    %store/vec4 v0x5e16d54e31d0_0, 0, 1;
    %callf/vec4 TD_tb_alu.input_out1, S_0x5e16d54e2ff0;
    %flag_set/vec4 10;
    %flag_get/vec4 10;
    %jmp/0 T_18.222, 10;
    %load/vec4 v0x5e16d54d4ce0_0;
    %parti/s 1, 2, 3;
    %load/vec4 v0x5e16d54d4de0_0;
    %parti/s 1, 2, 3;
    %load/vec4 v0x5e16d54d4f90_0;
    %store/vec4 v0x5e16d54e3370_0, 0, 4;
    %store/vec4 v0x5e16d54e32b0_0, 0, 1;
    %store/vec4 v0x5e16d54e31d0_0, 0, 1;
    %callf/vec4 TD_tb_alu.input_out1, S_0x5e16d54e2ff0;
    %and;
T_18.222;
    %flag_set/vec4 9;
    %flag_get/vec4 9;
    %jmp/0 T_18.221, 9;
    %load/vec4 v0x5e16d54d4ce0_0;
    %parti/s 1, 1, 2;
    %load/vec4 v0x5e16d54d4de0_0;
    %parti/s 1, 1, 2;
    %load/vec4 v0x5e16d54d4f90_0;
    %store/vec4 v0x5e16d54e3370_0, 0, 4;
    %store/vec4 v0x5e16d54e32b0_0, 0, 1;
    %store/vec4 v0x5e16d54e31d0_0, 0, 1;
    %callf/vec4 TD_tb_alu.input_out1, S_0x5e16d54e2ff0;
    %and;
T_18.221;
    %flag_set/vec4 8;
    %flag_get/vec4 8;
    %jmp/0 T_18.220, 8;
    %load/vec4 v0x5e16d54d4ce0_0;
    %parti/s 1, 0, 2;
    %load/vec4 v0x5e16d54d4de0_0;
    %parti/s 1, 0, 2;
    %load/vec4 v0x5e16d54d4f90_0;
    %store/vec4 v0x5e16d54e3370_0, 0, 4;
    %store/vec4 v0x5e16d54e32b0_0, 0, 1;
    %store/vec4 v0x5e16d54e31d0_0, 0, 1;
    %callf/vec4 TD_tb_alu.input_out1, S_0x5e16d54e2ff0;
    %and;
T_18.220;
    %or;
T_18.210;
    %inv;
    %store/vec4 v0x5e16d54d5130_0, 0, 1;
    %load/vec4 v0x5e16d54d5130_0;
    %inv;
    %flag_set/vec4 8;
    %flag_get/vec4 8;
    %jmp/1 T_18.223, 8;
    %load/vec4 v0x5e16d54d4ce0_0;
    %parti/s 1, 3, 3;
    %load/vec4 v0x5e16d54d4de0_0;
    %parti/s 1, 3, 3;
    %load/vec4 v0x5e16d54d4f90_0;
    %store/vec4 v0x5e16d54e3370_0, 0, 4;
    %store/vec4 v0x5e16d54e32b0_0, 0, 1;
    %store/vec4 v0x5e16d54e31d0_0, 0, 1;
    %callf/vec4 TD_tb_alu.input_out1, S_0x5e16d54e2ff0;
    %flag_set/vec4 11;
    %flag_get/vec4 11;
    %jmp/0 T_18.227, 11;
    %load/vec4 v0x5e16d54d4ce0_0;
    %parti/s 1, 2, 3;
    %load/vec4 v0x5e16d54d4de0_0;
    %parti/s 1, 2, 3;
    %load/vec4 v0x5e16d54d4f90_0;
    %store/vec4 v0x5e16d54e3370_0, 0, 4;
    %store/vec4 v0x5e16d54e32b0_0, 0, 1;
    %store/vec4 v0x5e16d54e31d0_0, 0, 1;
    %callf/vec4 TD_tb_alu.input_out1, S_0x5e16d54e2ff0;
    %and;
T_18.227;
    %flag_set/vec4 10;
    %flag_get/vec4 10;
    %jmp/0 T_18.226, 10;
    %load/vec4 v0x5e16d54d4ce0_0;
    %parti/s 1, 1, 2;
    %load/vec4 v0x5e16d54d4de0_0;
    %parti/s 1, 1, 2;
    %load/vec4 v0x5e16d54d4f90_0;
    %store/vec4 v0x5e16d54e3370_0, 0, 4;
    %store/vec4 v0x5e16d54e32b0_0, 0, 1;
    %store/vec4 v0x5e16d54e31d0_0, 0, 1;
    %callf/vec4 TD_tb_alu.input_out1, S_0x5e16d54e2ff0;
    %and;
T_18.226;
    %flag_set/vec4 9;
    %flag_get/vec4 9;
    %jmp/0 T_18.225, 9;
    %load/vec4 v0x5e16d54d4ce0_0;
    %parti/s 1, 0, 2;
    %load/vec4 v0x5e16d54d4de0_0;
    %parti/s 1, 0, 2;
    %load/vec4 v0x5e16d54d4f90_0;
    %store/vec4 v0x5e16d54e3370_0, 0, 4;
    %store/vec4 v0x5e16d54e32b0_0, 0, 1;
    %store/vec4 v0x5e16d54e31d0_0, 0, 1;
    %callf/vec4 TD_tb_alu.input_out1, S_0x5e16d54e2ff0;
    %and;
T_18.225;
    %flag_set/vec4 8;
    %flag_get/vec4 8;
    %jmp/0 T_18.224, 8;
    %load/vec4 v0x5e16d54d4ec0_0;
    %and;
T_18.224;
    %or;
T_18.223;
    %ret/vec4 0, 0, 1;  Assign to co_bar_general (store_vec4_to_lval)
    %end;
S_0x5e16d54d51f0 .scope task, "coverage_update" "coverage_update" 4 830, 4 830 0, S_0x5e16d54b1e60;
 .timescale -9 -11;
TD_tb_alu.coverage_update ;
    ; show_stmt_assign_vector: Get l-value for compressed += operand
    %load/vec4 v0x5e16d54e5cb0_0;
    %load/vec4 v0x5e16d54e56e0_0;
    %concat/vec4; draw_concat_vec4
    %load/vec4 v0x5e16d54e5d50_0;
    %concat/vec4; draw_concat_vec4
    %pad/u 8;
    %ix/vec4 4;
    %flag_mov 8, 4;
    %load/vec4a v0x5e16d54e63c0, 4;
    %pushi/vec4 1, 0, 32;
    %add;
    %flag_mov 4, 8;
    %store/vec4a v0x5e16d54e63c0, 4, 0;
    %load/vec4 v0x5e16d54e5cb0_0;
    %pad/u 32;
    %cmpi/e 1, 0, 32;
    %flag_get/vec4 4;
    %jmp/0 T_19.230, 4;
    %load/vec4 v0x5e16d54e56e0_0;
    %pad/u 32;
    %pushi/vec4 0, 0, 32;
    %cmp/e;
    %flag_get/vec4 4;
    %and;
T_19.230;
    %flag_set/vec4 8;
    %jmp/0xz  T_19.228, 8;
    ; show_stmt_assign_vector: Get l-value for compressed += operand
    %pushi/vec4 1, 0, 1;
    %concati/vec4 1, 0, 1;
    %load/vec4 v0x5e16d54e5d50_0;
    %concat/vec4; draw_concat_vec4
    %pad/u 8;
    %ix/vec4 4;
    %flag_mov 8, 4;
    %load/vec4a v0x5e16d54e63c0, 4;
    %pushi/vec4 1, 0, 32;
    %add;
    %flag_mov 4, 8;
    %store/vec4a v0x5e16d54e63c0, 4, 0;
T_19.228 ;
    %end;
S_0x5e16d54d53d0 .scope task, "display_file" "display_file" 4 821, 4 821 0, S_0x5e16d54b1e60;
 .timescale -9 -11;
TD_tb_alu.display_file ;
    %vpi_call/w 4 823 "$display", "%10d %-20s | %4d | %1b | %3b    | %6b  | %6b  | %6b  | %6b  | %3b    | %3b  | %b | %7b   | %8b       | %7b       | %5b      |", v0x5e16d54e5ed0_0, v0x5e16d54e54d0_0, $time, v0x5e16d54e5cb0_0, v0x5e16d54e56e0_0, v0x5e16d54e5d50_0, v0x5e16d54e51a0_0, v0x5e16d54e5430_0, v0x5e16d54e5a10_0, v0x5e16d54e5780_0, v0x5e16d54e5280_0, v0x5e16d54e60c0_0, v0x5e16d54e5bd0_0, v0x5e16d54e5870_0, v0x5e16d54e5390_0, v0x5e16d54e6160_0 {0 0 0};
    %end;
S_0x5e16d54d55b0 .scope module, "dut_alu" "alu" 4 37, 3 3 0, S_0x5e16d54b1e60;
 .timescale -9 -11;
    .port_info 0 /INPUT 4 "a";
    .port_info 1 /INPUT 4 "b";
    .port_info 2 /INPUT 4 "s";
    .port_info 3 /INPUT 1 "m";
    .port_info 4 /INPUT 1 "ci_bar";
    .port_info 5 /OUTPUT 1 "aeqb";
    .port_info 6 /OUTPUT 1 "f0";
    .port_info 7 /OUTPUT 1 "f1";
    .port_info 8 /OUTPUT 1 "f2";
    .port_info 9 /OUTPUT 1 "f3";
    .port_info 10 /OUTPUT 1 "co_bar";
    .port_info 11 /OUTPUT 1 "x";
v0x5e16d54e0fd0_0 .net "a", 3 0, v0x5e16d54e51a0_0;  1 drivers
v0x5e16d54e10b0_0 .net "aeqb", 0 0, L_0x5e16d54e68a0;  alias, 1 drivers
v0x5e16d54e1170_0 .net "b", 3 0, v0x5e16d54e5430_0;  1 drivers
v0x5e16d54e1210_0 .net "ci_bar", 0 0, v0x5e16d54e56e0_0;  1 drivers
v0x5e16d54e12b0_0 .net "co_bar", 0 0, v0x5e16d54d63a0_0;  alias, 1 drivers
v0x5e16d54e1350_0 .net "f0", 0 0, L_0x5e16d54f7db0;  1 drivers
v0x5e16d54e13f0_0 .net "f1", 0 0, L_0x5e16d54f9c80;  1 drivers
v0x5e16d54e1490_0 .net "f2", 0 0, L_0x5e16d54fc650;  1 drivers
v0x5e16d54e1530_0 .net "f3", 0 0, L_0x5e16d5500d80;  1 drivers
v0x5e16d54e1690_0 .net "m", 0 0, v0x5e16d54e5cb0_0;  1 drivers
v0x5e16d54e1730_0 .net "m_bar", 0 0, L_0x5e16d53c8d20;  1 drivers
v0x5e16d54e17d0_0 .net "s", 3 0, v0x5e16d54e5d50_0;  1 drivers
v0x5e16d54e1870_0 .net "x", 0 0, v0x5e16d54d6630_0;  alias, 1 drivers
S_0x5e16d54d58c0 .scope module, "dut_aeqb" "aeqb" 3 16, 3 317 0, S_0x5e16d54d55b0;
 .timescale -9 -11;
    .port_info 0 /INPUT 4 "a";
    .port_info 1 /INPUT 4 "b";
    .port_info 2 /OUTPUT 1 "aeqb";
v0x5e16d54d5b30_0 .net "a", 3 0, v0x5e16d54e51a0_0;  alias, 1 drivers
v0x5e16d54d5c30_0 .net "aeqb", 0 0, L_0x5e16d54e68a0;  alias, 1 drivers
v0x5e16d54d5cf0_0 .net "b", 3 0, v0x5e16d54e5430_0;  alias, 1 drivers
L_0x5e16d54e68a0 .cmp/eq 4, v0x5e16d54e51a0_0, v0x5e16d54e5430_0;
S_0x5e16d54d5e30 .scope module, "gpc" "GPC_section" 3 21, 3 332 0, S_0x5e16d54d55b0;
 .timescale -9 -11;
    .port_info 0 /INPUT 4 "a";
    .port_info 1 /INPUT 4 "b";
    .port_info 2 /INPUT 4 "s";
    .port_info 3 /INPUT 1 "m";
    .port_info 4 /INPUT 1 "ci_bar";
    .port_info 5 /OUTPUT 1 "co_bar";
    .port_info 6 /OUTPUT 1 "x";
v0x5e16d54d60f0_0 .net "a", 3 0, v0x5e16d54e51a0_0;  alias, 1 drivers
v0x5e16d54d6200_0 .net "b", 3 0, v0x5e16d54e5430_0;  alias, 1 drivers
v0x5e16d54d62d0_0 .net "ci_bar", 0 0, v0x5e16d54e56e0_0;  alias, 1 drivers
v0x5e16d54d63a0_0 .var "co_bar", 0 0;
v0x5e16d54d6440_0 .net "m", 0 0, v0x5e16d54e5cb0_0;  alias, 1 drivers
v0x5e16d54d6550_0 .net "s", 3 0, v0x5e16d54e5d50_0;  alias, 1 drivers
v0x5e16d54d6630_0 .var "x", 0 0;
E_0x5e16d5338800/0 .event anyedge, v0x5e16d54d6440_0, v0x5e16d54d62d0_0, v0x5e16d54d5b30_0, v0x5e16d54d5cf0_0;
E_0x5e16d5338800/1 .event anyedge, v0x5e16d54d6550_0;
E_0x5e16d5338800 .event/or E_0x5e16d5338800/0, E_0x5e16d5338800/1;
S_0x5e16d54d67d0 .scope module, "invert" "invert_m" 3 31, 3 374 0, S_0x5e16d54d55b0;
 .timescale -9 -11;
    .port_info 0 /INPUT 1 "a";
    .port_info 1 /OUTPUT 1 "y";
L_0x5e16d53c8d20 .functor NOT 1, v0x5e16d54e5cb0_0, C4<0>, C4<0>, C4<0>;
v0x5e16d54d69b0_0 .net "a", 0 0, v0x5e16d54e5cb0_0;  alias, 1 drivers
v0x5e16d54d6aa0_0 .net "y", 0 0, L_0x5e16d53c8d20;  alias, 1 drivers
S_0x5e16d54d6ba0 .scope module, "out0" "out_section_out0" 3 39, 3 387 0, S_0x5e16d54d55b0;
 .timescale -9 -11;
    .port_info 0 /INPUT 1 "x";
    .port_info 1 /INPUT 4 "a";
    .port_info 2 /INPUT 4 "b";
    .port_info 3 /INPUT 4 "s";
    .port_info 4 /INPUT 1 "m_bar";
    .port_info 5 /INPUT 1 "ci_bar";
    .port_info 6 /OUTPUT 1 "f0";
L_0x5e16d54e6bc0 .functor NOT 1, L_0x5e16d53c8d20, C4<0>, C4<0>, C4<0>;
L_0x5e16d54f76c0 .functor XOR 1, L_0x5e16d54f70d0, L_0x5e16d54f7550, C4<0>, C4<0>;
L_0x5e16d54f77d0 .functor AND 1, v0x5e16d54e56e0_0, L_0x5e16d53c8d20, C4<1>, C4<1>;
L_0x5e16d54f7a60 .functor NOT 1, L_0x5e16d54f77d0, C4<0>, C4<0>, C4<0>;
L_0x5e16d54f7b50 .functor XOR 1, L_0x5e16d54f76c0, L_0x5e16d54f7a60, C4<0>, C4<0>;
v0x5e16d54d6e70_0 .net *"_ivl_0", 0 0, L_0x5e16d54e6bc0;  1 drivers
v0x5e16d54d6f50_0 .net *"_ivl_10", 0 0, L_0x5e16d54f6df0;  1 drivers
v0x5e16d54d7010_0 .net *"_ivl_13", 0 0, L_0x5e16d54f6f60;  1 drivers
v0x5e16d54d7100_0 .net *"_ivl_15", 0 0, L_0x5e16d54f7030;  1 drivers
v0x5e16d54d71e0_0 .net *"_ivl_17", 0 0, L_0x5e16d54f70d0;  1 drivers
v0x5e16d54d7310_0 .net *"_ivl_19", 0 0, L_0x5e16d54f73c0;  1 drivers
v0x5e16d54d73f0_0 .net *"_ivl_21", 0 0, L_0x5e16d54f7460;  1 drivers
v0x5e16d54d74d0_0 .net *"_ivl_23", 0 0, L_0x5e16d54f7550;  1 drivers
v0x5e16d54d75b0_0 .net *"_ivl_24", 0 0, L_0x5e16d54f76c0;  1 drivers
v0x5e16d54d7720_0 .net *"_ivl_26", 0 0, L_0x5e16d54f77d0;  1 drivers
v0x5e16d54d7800_0 .net *"_ivl_28", 0 0, L_0x5e16d54f7a60;  1 drivers
v0x5e16d54d78e0_0 .net *"_ivl_30", 0 0, L_0x5e16d54f7b50;  1 drivers
v0x5e16d54d79c0_0 .net *"_ivl_33", 0 0, L_0x5e16d54f7c60;  1 drivers
v0x5e16d54d7aa0_0 .net *"_ivl_4", 31 0, L_0x5e16d54e6cf0;  1 drivers
L_0x78c7ff154018 .functor BUFT 1, C4<0000000000000000000000000000000>, C4<0>, C4<0>, C4<0>;
v0x5e16d54d7b80_0 .net *"_ivl_7", 30 0, L_0x78c7ff154018;  1 drivers
L_0x78c7ff154060 .functor BUFT 1, C4<00000000000000000000000000000001>, C4<0>, C4<0>, C4<0>;
v0x5e16d54d7c60_0 .net/2u *"_ivl_8", 31 0, L_0x78c7ff154060;  1 drivers
v0x5e16d54d7d40_0 .net "a", 3 0, v0x5e16d54e51a0_0;  alias, 1 drivers
v0x5e16d54d7e00_0 .net "b", 3 0, v0x5e16d54e5430_0;  alias, 1 drivers
v0x5e16d54d7f10_0 .net "ci_bar", 0 0, v0x5e16d54e56e0_0;  alias, 1 drivers
v0x5e16d54d7fb0_0 .net "f0", 0 0, L_0x5e16d54f7db0;  alias, 1 drivers
v0x5e16d54d8050_0 .net "fpick", 3 0, L_0x5e16d54e6c50;  1 drivers
v0x5e16d54d8130_0 .net "m_bar", 0 0, L_0x5e16d53c8d20;  alias, 1 drivers
v0x5e16d54d81d0_0 .net "s", 3 0, v0x5e16d54e5d50_0;  alias, 1 drivers
v0x5e16d54d8270_0 .net "x", 0 0, v0x5e16d54d6630_0;  alias, 1 drivers
L_0x5e16d54e6c50 .ufunc/vec4 TD_$unit.f_pick, 4, L_0x5e16d54e6bc0, v0x5e16d54e56e0_0, v0x5e16d54e51a0_0, v0x5e16d54e5430_0, v0x5e16d54e5d50_0 (v0x5e16d54d0360_0, v0x5e16d54d02c0_0, v0x5e16d54d0100_0, v0x5e16d54d01e0_0, v0x5e16d54d0420_0) S_0x5e16d54cff20;
L_0x5e16d54e6cf0 .concat [ 1 31 0 0], v0x5e16d54d6630_0, L_0x78c7ff154018;
L_0x5e16d54f6df0 .cmp/eq 32, L_0x5e16d54e6cf0, L_0x78c7ff154060;
L_0x5e16d54f6f60 .part v0x5e16d54e51a0_0, 0, 1;
L_0x5e16d54f7030 .part v0x5e16d54e5430_0, 0, 1;
L_0x5e16d54f70d0 .ufunc/vec4 TD_tb_alu.input_out1, 1, L_0x5e16d54f6f60, L_0x5e16d54f7030, v0x5e16d54e5d50_0 (v0x5e16d54e31d0_0, v0x5e16d54e32b0_0, v0x5e16d54e3370_0) S_0x5e16d54e2ff0;
L_0x5e16d54f73c0 .part v0x5e16d54e51a0_0, 0, 1;
L_0x5e16d54f7460 .part v0x5e16d54e5430_0, 0, 1;
L_0x5e16d54f7550 .ufunc/vec4 TD_tb_alu.input_out2, 1, L_0x5e16d54f73c0, L_0x5e16d54f7460, v0x5e16d54e5d50_0 (v0x5e16d54e3700_0, v0x5e16d54e37e0_0, v0x5e16d54e38a0_0) S_0x5e16d54e3520;
L_0x5e16d54f7c60 .part L_0x5e16d54e6c50, 0, 1;
L_0x5e16d54f7db0 .functor MUXZ 1, L_0x5e16d54f7c60, L_0x5e16d54f7b50, L_0x5e16d54f6df0, C4<>;
S_0x5e16d54d8420 .scope module, "out1" "out_section_out1" 3 47, 3 405 0, S_0x5e16d54d55b0;
 .timescale -9 -11;
    .port_info 0 /INPUT 1 "x";
    .port_info 1 /INPUT 4 "a";
    .port_info 2 /INPUT 4 "b";
    .port_info 3 /INPUT 4 "s";
    .port_info 4 /INPUT 1 "m_bar";
    .port_info 5 /INPUT 1 "ci_bar";
    .port_info 6 /OUTPUT 1 "f1";
L_0x5e16d54f7f40 .functor NOT 1, L_0x5e16d53c8d20, C4<0>, C4<0>, C4<0>;
L_0x5e16d54f89d0 .functor XOR 1, L_0x5e16d54f8550, L_0x5e16d54f8860, C4<0>, C4<0>;
L_0x5e16d54f8e10 .functor AND 1, v0x5e16d54e56e0_0, L_0x5e16d54f8c80, C4<1>, C4<1>;
L_0x5e16d54f8ed0 .functor AND 1, L_0x5e16d54f8e10, L_0x5e16d53c8d20, C4<1>, C4<1>;
L_0x5e16d54f8da0 .functor AND 1, L_0x5e16d54f95a0, L_0x5e16d53c8d20, C4<1>, C4<1>;
L_0x5e16d54f9790 .functor OR 1, L_0x5e16d54f8ed0, L_0x5e16d54f8da0, C4<0>, C4<0>;
L_0x5e16d54f98e0 .functor NOT 1, L_0x5e16d54f9790, C4<0>, C4<0>, C4<0>;
L_0x5e16d54f99a0 .functor XOR 1, L_0x5e16d54f89d0, L_0x5e16d54f98e0, C4<0>, C4<0>;
v0x5e16d54d8700_0 .net *"_ivl_0", 0 0, L_0x5e16d54f7f40;  1 drivers
v0x5e16d54d8800_0 .net *"_ivl_10", 0 0, L_0x5e16d54f82a0;  1 drivers
v0x5e16d54d88c0_0 .net *"_ivl_13", 0 0, L_0x5e16d54f83e0;  1 drivers
v0x5e16d54d8980_0 .net *"_ivl_15", 0 0, L_0x5e16d54f84b0;  1 drivers
v0x5e16d54d8a60_0 .net *"_ivl_17", 0 0, L_0x5e16d54f8550;  1 drivers
v0x5e16d54d8b90_0 .net *"_ivl_19", 0 0, L_0x5e16d54f86d0;  1 drivers
v0x5e16d54d8c70_0 .net *"_ivl_21", 0 0, L_0x5e16d54f8770;  1 drivers
v0x5e16d54d8d50_0 .net *"_ivl_23", 0 0, L_0x5e16d54f8860;  1 drivers
v0x5e16d54d8e30_0 .net *"_ivl_24", 0 0, L_0x5e16d54f89d0;  1 drivers
v0x5e16d54d8f10_0 .net *"_ivl_27", 0 0, L_0x5e16d54f8ae0;  1 drivers
v0x5e16d54d8ff0_0 .net *"_ivl_29", 0 0, L_0x5e16d54f8be0;  1 drivers
v0x5e16d54d90d0_0 .net *"_ivl_31", 0 0, L_0x5e16d54f8c80;  1 drivers
v0x5e16d54d91b0_0 .net *"_ivl_32", 0 0, L_0x5e16d54f8e10;  1 drivers
v0x5e16d54d9290_0 .net *"_ivl_34", 0 0, L_0x5e16d54f8ed0;  1 drivers
v0x5e16d54d9370_0 .net *"_ivl_37", 0 0, L_0x5e16d54f8fc0;  1 drivers
v0x5e16d54d9450_0 .net *"_ivl_39", 0 0, L_0x5e16d54f9270;  1 drivers
v0x5e16d54d9530_0 .net *"_ivl_4", 31 0, L_0x5e16d54f80a0;  1 drivers
v0x5e16d54d9610_0 .net *"_ivl_41", 0 0, L_0x5e16d54f95a0;  1 drivers
v0x5e16d54d96f0_0 .net *"_ivl_42", 0 0, L_0x5e16d54f8da0;  1 drivers
v0x5e16d54d97d0_0 .net *"_ivl_44", 0 0, L_0x5e16d54f9790;  1 drivers
v0x5e16d54d98b0_0 .net *"_ivl_46", 0 0, L_0x5e16d54f98e0;  1 drivers
v0x5e16d54d9990_0 .net *"_ivl_48", 0 0, L_0x5e16d54f99a0;  1 drivers
v0x5e16d54d9a70_0 .net *"_ivl_51", 0 0, L_0x5e16d54f9b00;  1 drivers
L_0x78c7ff1540a8 .functor BUFT 1, C4<0000000000000000000000000000000>, C4<0>, C4<0>, C4<0>;
v0x5e16d54d9b50_0 .net *"_ivl_7", 30 0, L_0x78c7ff1540a8;  1 drivers
L_0x78c7ff1540f0 .functor BUFT 1, C4<00000000000000000000000000000001>, C4<0>, C4<0>, C4<0>;
v0x5e16d54d9c30_0 .net/2u *"_ivl_8", 31 0, L_0x78c7ff1540f0;  1 drivers
v0x5e16d54d9d10_0 .net "a", 3 0, v0x5e16d54e51a0_0;  alias, 1 drivers
v0x5e16d54d9dd0_0 .net "b", 3 0, v0x5e16d54e5430_0;  alias, 1 drivers
v0x5e16d54d9e90_0 .net "ci_bar", 0 0, v0x5e16d54e56e0_0;  alias, 1 drivers
v0x5e16d54d9f30_0 .net "f1", 0 0, L_0x5e16d54f9c80;  alias, 1 drivers
v0x5e16d54d9ff0_0 .net "fpick", 3 0, L_0x5e16d54f7fb0;  1 drivers
v0x5e16d54da0d0_0 .net "m_bar", 0 0, L_0x5e16d53c8d20;  alias, 1 drivers
v0x5e16d54da1c0_0 .net "s", 3 0, v0x5e16d54e5d50_0;  alias, 1 drivers
v0x5e16d54da2d0_0 .net "x", 0 0, v0x5e16d54d6630_0;  alias, 1 drivers
L_0x5e16d54f7fb0 .ufunc/vec4 TD_$unit.f_pick, 4, L_0x5e16d54f7f40, v0x5e16d54e56e0_0, v0x5e16d54e51a0_0, v0x5e16d54e5430_0, v0x5e16d54e5d50_0 (v0x5e16d54d0360_0, v0x5e16d54d02c0_0, v0x5e16d54d0100_0, v0x5e16d54d01e0_0, v0x5e16d54d0420_0) S_0x5e16d54cff20;
L_0x5e16d54f80a0 .concat [ 1 31 0 0], v0x5e16d54d6630_0, L_0x78c7ff1540a8;
L_0x5e16d54f82a0 .cmp/eq 32, L_0x5e16d54f80a0, L_0x78c7ff1540f0;
L_0x5e16d54f83e0 .part v0x5e16d54e51a0_0, 1, 1;
L_0x5e16d54f84b0 .part v0x5e16d54e5430_0, 1, 1;
L_0x5e16d54f8550 .ufunc/vec4 TD_tb_alu.input_out1, 1, L_0x5e16d54f83e0, L_0x5e16d54f84b0, v0x5e16d54e5d50_0 (v0x5e16d54e31d0_0, v0x5e16d54e32b0_0, v0x5e16d54e3370_0) S_0x5e16d54e2ff0;
L_0x5e16d54f86d0 .part v0x5e16d54e51a0_0, 1, 1;
L_0x5e16d54f8770 .part v0x5e16d54e5430_0, 1, 1;
L_0x5e16d54f8860 .ufunc/vec4 TD_tb_alu.input_out2, 1, L_0x5e16d54f86d0, L_0x5e16d54f8770, v0x5e16d54e5d50_0 (v0x5e16d54e3700_0, v0x5e16d54e37e0_0, v0x5e16d54e38a0_0) S_0x5e16d54e3520;
L_0x5e16d54f8ae0 .part v0x5e16d54e51a0_0, 0, 1;
L_0x5e16d54f8be0 .part v0x5e16d54e5430_0, 0, 1;
L_0x5e16d54f8c80 .ufunc/vec4 TD_tb_alu.input_out1, 1, L_0x5e16d54f8ae0, L_0x5e16d54f8be0, v0x5e16d54e5d50_0 (v0x5e16d54e31d0_0, v0x5e16d54e32b0_0, v0x5e16d54e3370_0) S_0x5e16d54e2ff0;
L_0x5e16d54f8fc0 .part v0x5e16d54e51a0_0, 0, 1;
L_0x5e16d54f9270 .part v0x5e16d54e5430_0, 0, 1;
L_0x5e16d54f95a0 .ufunc/vec4 TD_tb_alu.input_out2, 1, L_0x5e16d54f8fc0, L_0x5e16d54f9270, v0x5e16d54e5d50_0 (v0x5e16d54e3700_0, v0x5e16d54e37e0_0, v0x5e16d54e38a0_0) S_0x5e16d54e3520;
L_0x5e16d54f9b00 .part L_0x5e16d54f7fb0, 1, 1;
L_0x5e16d54f9c80 .functor MUXZ 1, L_0x5e16d54f9b00, L_0x5e16d54f99a0, L_0x5e16d54f82a0, C4<>;
S_0x5e16d54da4e0 .scope module, "out2" "out_section_out2" 3 55, 3 423 0, S_0x5e16d54d55b0;
 .timescale -9 -11;
    .port_info 0 /INPUT 1 "x";
    .port_info 1 /INPUT 4 "a";
    .port_info 2 /INPUT 4 "b";
    .port_info 3 /INPUT 4 "s";
    .port_info 4 /INPUT 1 "m_bar";
    .port_info 5 /INPUT 1 "ci_bar";
    .port_info 6 /OUTPUT 1 "f2";
L_0x5e16d54f9e60 .functor NOT 1, L_0x5e16d53c8d20, C4<0>, C4<0>, C4<0>;
L_0x5e16d54fa9e0 .functor XOR 1, L_0x5e16d54fa380, L_0x5e16d54fa8a0, C4<0>, C4<0>;
L_0x5e16d54fadf0 .functor AND 1, v0x5e16d54e56e0_0, L_0x5e16d54fac90, C4<1>, C4<1>;
L_0x5e16d54fad80 .functor AND 1, L_0x5e16d54fadf0, L_0x5e16d54faff0, C4<1>, C4<1>;
L_0x5e16d54fb230 .functor AND 1, L_0x5e16d54fad80, L_0x5e16d53c8d20, C4<1>, C4<1>;
L_0x5e16d54fb9c0 .functor AND 1, L_0x5e16d54fb4c0, L_0x5e16d54fb630, C4<1>, C4<1>;
L_0x5e16d54fbb10 .functor AND 1, L_0x5e16d54fb9c0, L_0x5e16d53c8d20, C4<1>, C4<1>;
L_0x5e16d54fbbd0 .functor OR 1, L_0x5e16d54fb230, L_0x5e16d54fbb10, C4<0>, C4<0>;
L_0x5e16d54fc140 .functor AND 1, L_0x5e16d54fbf30, L_0x5e16d53c8d20, C4<1>, C4<1>;
L_0x5e16d54fc200 .functor OR 1, L_0x5e16d54fbbd0, L_0x5e16d54fc140, C4<0>, C4<0>;
L_0x5e16d54fc370 .functor NOT 1, L_0x5e16d54fc200, C4<0>, C4<0>, C4<0>;
L_0x5e16d54fc3e0 .functor XOR 1, L_0x5e16d54fa9e0, L_0x5e16d54fc370, C4<0>, C4<0>;
v0x5e16d54da770_0 .net *"_ivl_0", 0 0, L_0x5e16d54f9e60;  1 drivers
v0x5e16d54da870_0 .net *"_ivl_10", 0 0, L_0x5e16d54fa100;  1 drivers
v0x5e16d54da930_0 .net *"_ivl_13", 0 0, L_0x5e16d54fa240;  1 drivers
v0x5e16d54da9f0_0 .net *"_ivl_15", 0 0, L_0x5e16d54fa2e0;  1 drivers
v0x5e16d54daad0_0 .net *"_ivl_17", 0 0, L_0x5e16d54fa380;  1 drivers
v0x5e16d54dac00_0 .net *"_ivl_19", 0 0, L_0x5e16d54fa710;  1 drivers
v0x5e16d54dace0_0 .net *"_ivl_21", 0 0, L_0x5e16d54fa7b0;  1 drivers
v0x5e16d54dadc0_0 .net *"_ivl_23", 0 0, L_0x5e16d54fa8a0;  1 drivers
v0x5e16d54daea0_0 .net *"_ivl_24", 0 0, L_0x5e16d54fa9e0;  1 drivers
v0x5e16d54daf80_0 .net *"_ivl_27", 0 0, L_0x5e16d54faaf0;  1 drivers
v0x5e16d54db060_0 .net *"_ivl_29", 0 0, L_0x5e16d54fabf0;  1 drivers
v0x5e16d54db140_0 .net *"_ivl_31", 0 0, L_0x5e16d54fac90;  1 drivers
v0x5e16d54db220_0 .net *"_ivl_32", 0 0, L_0x5e16d54fadf0;  1 drivers
v0x5e16d54db300_0 .net *"_ivl_35", 0 0, L_0x5e16d54faeb0;  1 drivers
v0x5e16d54db3e0_0 .net *"_ivl_37", 0 0, L_0x5e16d54faf50;  1 drivers
v0x5e16d54db4c0_0 .net *"_ivl_39", 0 0, L_0x5e16d54faff0;  1 drivers
v0x5e16d54db5a0_0 .net *"_ivl_4", 31 0, L_0x5e16d54f9fc0;  1 drivers
v0x5e16d54db680_0 .net *"_ivl_40", 0 0, L_0x5e16d54fad80;  1 drivers
v0x5e16d54db760_0 .net *"_ivl_42", 0 0, L_0x5e16d54fb230;  1 drivers
v0x5e16d54db840_0 .net *"_ivl_45", 0 0, L_0x5e16d54fb2f0;  1 drivers
v0x5e16d54db920_0 .net *"_ivl_47", 0 0, L_0x5e16d54fb420;  1 drivers
v0x5e16d54dba00_0 .net *"_ivl_49", 0 0, L_0x5e16d54fb4c0;  1 drivers
v0x5e16d54dbae0_0 .net *"_ivl_51", 0 0, L_0x5e16d54fb6d0;  1 drivers
v0x5e16d54dbbc0_0 .net *"_ivl_53", 0 0, L_0x5e16d54fb770;  1 drivers
v0x5e16d54dbca0_0 .net *"_ivl_55", 0 0, L_0x5e16d54fb630;  1 drivers
v0x5e16d54dbd80_0 .net *"_ivl_56", 0 0, L_0x5e16d54fb9c0;  1 drivers
v0x5e16d54dbe60_0 .net *"_ivl_58", 0 0, L_0x5e16d54fbb10;  1 drivers
v0x5e16d54dbf40_0 .net *"_ivl_60", 0 0, L_0x5e16d54fbbd0;  1 drivers
v0x5e16d54dc020_0 .net *"_ivl_63", 0 0, L_0x5e16d54fbd30;  1 drivers
v0x5e16d54dc100_0 .net *"_ivl_65", 0 0, L_0x5e16d54fbe90;  1 drivers
v0x5e16d54dc1e0_0 .net *"_ivl_67", 0 0, L_0x5e16d54fbf30;  1 drivers
v0x5e16d54dc2c0_0 .net *"_ivl_68", 0 0, L_0x5e16d54fc140;  1 drivers
L_0x78c7ff154138 .functor BUFT 1, C4<0000000000000000000000000000000>, C4<0>, C4<0>, C4<0>;
v0x5e16d54dc3a0_0 .net *"_ivl_7", 30 0, L_0x78c7ff154138;  1 drivers
v0x5e16d54dc690_0 .net *"_ivl_70", 0 0, L_0x5e16d54fc200;  1 drivers
v0x5e16d54dc770_0 .net *"_ivl_72", 0 0, L_0x5e16d54fc370;  1 drivers
v0x5e16d54dc850_0 .net *"_ivl_74", 0 0, L_0x5e16d54fc3e0;  1 drivers
v0x5e16d54dc930_0 .net *"_ivl_77", 0 0, L_0x5e16d54fc560;  1 drivers
L_0x78c7ff154180 .functor BUFT 1, C4<00000000000000000000000000000001>, C4<0>, C4<0>, C4<0>;
v0x5e16d54dca10_0 .net/2u *"_ivl_8", 31 0, L_0x78c7ff154180;  1 drivers
v0x5e16d54dcaf0_0 .net "a", 3 0, v0x5e16d54e51a0_0;  alias, 1 drivers
v0x5e16d54dcbb0_0 .net "b", 3 0, v0x5e16d54e5430_0;  alias, 1 drivers
v0x5e16d54dcd00_0 .net "ci_bar", 0 0, v0x5e16d54e56e0_0;  alias, 1 drivers
v0x5e16d54dcda0_0 .net "f2", 0 0, L_0x5e16d54fc650;  alias, 1 drivers
v0x5e16d54dce60_0 .net "fpick", 3 0, L_0x5e16d54f9ed0;  1 drivers
v0x5e16d54dcf40_0 .net "m_bar", 0 0, L_0x5e16d53c8d20;  alias, 1 drivers
v0x5e16d54dcfe0_0 .net "s", 3 0, v0x5e16d54e5d50_0;  alias, 1 drivers
v0x5e16d54dd0a0_0 .net "x", 0 0, v0x5e16d54d6630_0;  alias, 1 drivers
L_0x5e16d54f9ed0 .ufunc/vec4 TD_$unit.f_pick, 4, L_0x5e16d54f9e60, v0x5e16d54e56e0_0, v0x5e16d54e51a0_0, v0x5e16d54e5430_0, v0x5e16d54e5d50_0 (v0x5e16d54d0360_0, v0x5e16d54d02c0_0, v0x5e16d54d0100_0, v0x5e16d54d01e0_0, v0x5e16d54d0420_0) S_0x5e16d54cff20;
L_0x5e16d54f9fc0 .concat [ 1 31 0 0], v0x5e16d54d6630_0, L_0x78c7ff154138;
L_0x5e16d54fa100 .cmp/eq 32, L_0x5e16d54f9fc0, L_0x78c7ff154180;
L_0x5e16d54fa240 .part v0x5e16d54e51a0_0, 2, 1;
L_0x5e16d54fa2e0 .part v0x5e16d54e5430_0, 2, 1;
L_0x5e16d54fa380 .ufunc/vec4 TD_tb_alu.input_out1, 1, L_0x5e16d54fa240, L_0x5e16d54fa2e0, v0x5e16d54e5d50_0 (v0x5e16d54e31d0_0, v0x5e16d54e32b0_0, v0x5e16d54e3370_0) S_0x5e16d54e2ff0;
L_0x5e16d54fa710 .part v0x5e16d54e51a0_0, 2, 1;
L_0x5e16d54fa7b0 .part v0x5e16d54e5430_0, 2, 1;
L_0x5e16d54fa8a0 .ufunc/vec4 TD_tb_alu.input_out2, 1, L_0x5e16d54fa710, L_0x5e16d54fa7b0, v0x5e16d54e5d50_0 (v0x5e16d54e3700_0, v0x5e16d54e37e0_0, v0x5e16d54e38a0_0) S_0x5e16d54e3520;
L_0x5e16d54faaf0 .part v0x5e16d54e51a0_0, 1, 1;
L_0x5e16d54fabf0 .part v0x5e16d54e5430_0, 1, 1;
L_0x5e16d54fac90 .ufunc/vec4 TD_tb_alu.input_out1, 1, L_0x5e16d54faaf0, L_0x5e16d54fabf0, v0x5e16d54e5d50_0 (v0x5e16d54e31d0_0, v0x5e16d54e32b0_0, v0x5e16d54e3370_0) S_0x5e16d54e2ff0;
L_0x5e16d54faeb0 .part v0x5e16d54e51a0_0, 0, 1;
L_0x5e16d54faf50 .part v0x5e16d54e5430_0, 0, 1;
L_0x5e16d54faff0 .ufunc/vec4 TD_tb_alu.input_out1, 1, L_0x5e16d54faeb0, L_0x5e16d54faf50, v0x5e16d54e5d50_0 (v0x5e16d54e31d0_0, v0x5e16d54e32b0_0, v0x5e16d54e3370_0) S_0x5e16d54e2ff0;
L_0x5e16d54fb2f0 .part v0x5e16d54e51a0_0, 1, 1;
L_0x5e16d54fb420 .part v0x5e16d54e5430_0, 1, 1;
L_0x5e16d54fb4c0 .ufunc/vec4 TD_tb_alu.input_out1, 1, L_0x5e16d54fb2f0, L_0x5e16d54fb420, v0x5e16d54e5d50_0 (v0x5e16d54e31d0_0, v0x5e16d54e32b0_0, v0x5e16d54e3370_0) S_0x5e16d54e2ff0;
L_0x5e16d54fb6d0 .part v0x5e16d54e51a0_0, 0, 1;
L_0x5e16d54fb770 .part v0x5e16d54e5430_0, 0, 1;
L_0x5e16d54fb630 .ufunc/vec4 TD_tb_alu.input_out2, 1, L_0x5e16d54fb6d0, L_0x5e16d54fb770, v0x5e16d54e5d50_0 (v0x5e16d54e3700_0, v0x5e16d54e37e0_0, v0x5e16d54e38a0_0) S_0x5e16d54e3520;
L_0x5e16d54fbd30 .part v0x5e16d54e51a0_0, 1, 1;
L_0x5e16d54fbe90 .part v0x5e16d54e5430_0, 1, 1;
L_0x5e16d54fbf30 .ufunc/vec4 TD_tb_alu.input_out2, 1, L_0x5e16d54fbd30, L_0x5e16d54fbe90, v0x5e16d54e5d50_0 (v0x5e16d54e3700_0, v0x5e16d54e37e0_0, v0x5e16d54e38a0_0) S_0x5e16d54e3520;
L_0x5e16d54fc560 .part L_0x5e16d54f9ed0, 2, 1;
L_0x5e16d54fc650 .functor MUXZ 1, L_0x5e16d54fc560, L_0x5e16d54fc3e0, L_0x5e16d54fa100, C4<>;
S_0x5e16d54dd260 .scope module, "out3" "out_section_out3" 3 64, 3 444 0, S_0x5e16d54d55b0;
 .timescale -9 -11;
    .port_info 0 /INPUT 1 "x";
    .port_info 1 /INPUT 4 "a";
    .port_info 2 /INPUT 4 "b";
    .port_info 3 /INPUT 4 "s";
    .port_info 4 /INPUT 1 "m_bar";
    .port_info 5 /INPUT 1 "ci_bar";
    .port_info 6 /OUTPUT 1 "f3";
L_0x5e16d54fc910 .functor NOT 1, L_0x5e16d53c8d20, C4<0>, C4<0>, C4<0>;
L_0x5e16d54fd440 .functor XOR 1, L_0x5e16d54fcff0, L_0x5e16d54fd300, C4<0>, C4<0>;
L_0x5e16d54fd850 .functor AND 1, v0x5e16d54e56e0_0, L_0x5e16d54fd6f0, C4<1>, C4<1>;
L_0x5e16d54fd7e0 .functor AND 1, L_0x5e16d54fd850, L_0x5e16d54fda50, C4<1>, C4<1>;
L_0x5e16d54fdd60 .functor AND 1, L_0x5e16d54fd7e0, L_0x5e16d54fde90, C4<1>, C4<1>;
L_0x5e16d54fe140 .functor AND 1, L_0x5e16d54fdd60, L_0x5e16d53c8d20, C4<1>, C4<1>;
L_0x5e16d54fecf0 .functor AND 1, L_0x5e16d54fe000, L_0x5e16d54feae0, C4<1>, C4<1>;
L_0x5e16d54ff190 .functor AND 1, L_0x5e16d54fecf0, L_0x5e16d54ff020, C4<1>, C4<1>;
L_0x5e16d54ff2f0 .functor AND 1, L_0x5e16d54ff190, L_0x5e16d53c8d20, C4<1>, C4<1>;
L_0x5e16d54ff3b0 .functor OR 1, L_0x5e16d54fe140, L_0x5e16d54ff2f0, C4<0>, C4<0>;
L_0x5e16d5500140 .functor AND 1, L_0x5e16d54ff750, L_0x5e16d54fffa0, C4<1>, C4<1>;
L_0x5e16d5500250 .functor AND 1, L_0x5e16d5500140, L_0x5e16d53c8d20, C4<1>, C4<1>;
L_0x5e16d5500380 .functor OR 1, L_0x5e16d54ff3b0, L_0x5e16d5500250, C4<0>, C4<0>;
L_0x5e16d5500530 .functor AND 1, L_0x5e16d55006f0, L_0x5e16d53c8d20, C4<1>, C4<1>;
L_0x5e16d5500310 .functor OR 1, L_0x5e16d5500380, L_0x5e16d5500530, C4<0>, C4<0>;
L_0x5e16d5500a30 .functor NOT 1, L_0x5e16d5500310, C4<0>, C4<0>, C4<0>;
L_0x5e16d5500b80 .functor XOR 1, L_0x5e16d54fd440, L_0x5e16d5500a30, C4<0>, C4<0>;
v0x5e16d54dd4a0_0 .net *"_ivl_0", 0 0, L_0x5e16d54fc910;  1 drivers
v0x5e16d54dd5a0_0 .net *"_ivl_10", 0 0, L_0x5e16d54fcd70;  1 drivers
v0x5e16d54dd660_0 .net *"_ivl_101", 0 0, L_0x5e16d55006f0;  1 drivers
v0x5e16d54dd720_0 .net *"_ivl_102", 0 0, L_0x5e16d5500530;  1 drivers
v0x5e16d54dd800_0 .net *"_ivl_104", 0 0, L_0x5e16d5500310;  1 drivers
v0x5e16d54dd8e0_0 .net *"_ivl_106", 0 0, L_0x5e16d5500a30;  1 drivers
v0x5e16d54dd9c0_0 .net *"_ivl_108", 0 0, L_0x5e16d5500b80;  1 drivers
v0x5e16d54ddaa0_0 .net *"_ivl_111", 0 0, L_0x5e16d5500c90;  1 drivers
v0x5e16d54ddb80_0 .net *"_ivl_13", 0 0, L_0x5e16d54fceb0;  1 drivers
v0x5e16d54ddcf0_0 .net *"_ivl_15", 0 0, L_0x5e16d54fcf50;  1 drivers
v0x5e16d54dddd0_0 .net *"_ivl_17", 0 0, L_0x5e16d54fcff0;  1 drivers
v0x5e16d54ddeb0_0 .net *"_ivl_19", 0 0, L_0x5e16d54fd170;  1 drivers
v0x5e16d54ddf90_0 .net *"_ivl_21", 0 0, L_0x5e16d54fd210;  1 drivers
v0x5e16d54de070_0 .net *"_ivl_23", 0 0, L_0x5e16d54fd300;  1 drivers
v0x5e16d54de150_0 .net *"_ivl_24", 0 0, L_0x5e16d54fd440;  1 drivers
v0x5e16d54de230_0 .net *"_ivl_27", 0 0, L_0x5e16d54fd550;  1 drivers
v0x5e16d54de310_0 .net *"_ivl_29", 0 0, L_0x5e16d54fd650;  1 drivers
v0x5e16d54de3f0_0 .net *"_ivl_31", 0 0, L_0x5e16d54fd6f0;  1 drivers
v0x5e16d54de4d0_0 .net *"_ivl_32", 0 0, L_0x5e16d54fd850;  1 drivers
v0x5e16d54de5b0_0 .net *"_ivl_35", 0 0, L_0x5e16d54fd910;  1 drivers
v0x5e16d54de690_0 .net *"_ivl_37", 0 0, L_0x5e16d54fd9b0;  1 drivers
v0x5e16d54de770_0 .net *"_ivl_39", 0 0, L_0x5e16d54fda50;  1 drivers
v0x5e16d54de850_0 .net *"_ivl_4", 31 0, L_0x5e16d54fcc80;  1 drivers
v0x5e16d54de930_0 .net *"_ivl_40", 0 0, L_0x5e16d54fd7e0;  1 drivers
v0x5e16d54dea10_0 .net *"_ivl_43", 0 0, L_0x5e16d54fdcc0;  1 drivers
v0x5e16d54deaf0_0 .net *"_ivl_45", 0 0, L_0x5e16d54fddf0;  1 drivers
v0x5e16d54debd0_0 .net *"_ivl_47", 0 0, L_0x5e16d54fde90;  1 drivers
v0x5e16d54decb0_0 .net *"_ivl_48", 0 0, L_0x5e16d54fdd60;  1 drivers
v0x5e16d54ded90_0 .net *"_ivl_50", 0 0, L_0x5e16d54fe140;  1 drivers
v0x5e16d54dee70_0 .net *"_ivl_53", 0 0, L_0x5e16d54fe240;  1 drivers
v0x5e16d54def50_0 .net *"_ivl_55", 0 0, L_0x5e16d54fe2e0;  1 drivers
v0x5e16d54df030_0 .net *"_ivl_57", 0 0, L_0x5e16d54fe000;  1 drivers
v0x5e16d54df110_0 .net *"_ivl_59", 0 0, L_0x5e16d54fe4d0;  1 drivers
v0x5e16d54df400_0 .net *"_ivl_61", 0 0, L_0x5e16d54fe630;  1 drivers
v0x5e16d54df4e0_0 .net *"_ivl_63", 0 0, L_0x5e16d54feae0;  1 drivers
v0x5e16d54df5c0_0 .net *"_ivl_64", 0 0, L_0x5e16d54fecf0;  1 drivers
v0x5e16d54df6a0_0 .net *"_ivl_67", 0 0, L_0x5e16d54fee00;  1 drivers
v0x5e16d54df780_0 .net *"_ivl_69", 0 0, L_0x5e16d54feea0;  1 drivers
L_0x78c7ff1541c8 .functor BUFT 1, C4<0000000000000000000000000000000>, C4<0>, C4<0>, C4<0>;
v0x5e16d54df860_0 .net *"_ivl_7", 30 0, L_0x78c7ff1541c8;  1 drivers
v0x5e16d54df940_0 .net *"_ivl_71", 0 0, L_0x5e16d54ff020;  1 drivers
v0x5e16d54dfa20_0 .net *"_ivl_72", 0 0, L_0x5e16d54ff190;  1 drivers
v0x5e16d54dfb00_0 .net *"_ivl_74", 0 0, L_0x5e16d54ff2f0;  1 drivers
v0x5e16d54dfbe0_0 .net *"_ivl_76", 0 0, L_0x5e16d54ff3b0;  1 drivers
v0x5e16d54dfcc0_0 .net *"_ivl_79", 0 0, L_0x5e16d54ff520;  1 drivers
L_0x78c7ff154210 .functor BUFT 1, C4<00000000000000000000000000000001>, C4<0>, C4<0>, C4<0>;
v0x5e16d54dfda0_0 .net/2u *"_ivl_8", 31 0, L_0x78c7ff154210;  1 drivers
v0x5e16d54dfe80_0 .net *"_ivl_81", 0 0, L_0x5e16d54ff6b0;  1 drivers
v0x5e16d54dff60_0 .net *"_ivl_83", 0 0, L_0x5e16d54ff750;  1 drivers
v0x5e16d54e0040_0 .net *"_ivl_85", 0 0, L_0x5e16d54ffd50;  1 drivers
v0x5e16d54e0120_0 .net *"_ivl_87", 0 0, L_0x5e16d54ffdf0;  1 drivers
v0x5e16d54e0200_0 .net *"_ivl_89", 0 0, L_0x5e16d54fffa0;  1 drivers
v0x5e16d54e02e0_0 .net *"_ivl_90", 0 0, L_0x5e16d5500140;  1 drivers
v0x5e16d54e03c0_0 .net *"_ivl_92", 0 0, L_0x5e16d5500250;  1 drivers
v0x5e16d54e04a0_0 .net *"_ivl_94", 0 0, L_0x5e16d5500380;  1 drivers
v0x5e16d54e0580_0 .net *"_ivl_97", 0 0, L_0x5e16d5500490;  1 drivers
v0x5e16d54e0660_0 .net *"_ivl_99", 0 0, L_0x5e16d5500650;  1 drivers
v0x5e16d54e0740_0 .net "a", 3 0, v0x5e16d54e51a0_0;  alias, 1 drivers
v0x5e16d54e0800_0 .net "b", 3 0, v0x5e16d54e5430_0;  alias, 1 drivers
v0x5e16d54e08c0_0 .net "ci_bar", 0 0, v0x5e16d54e56e0_0;  alias, 1 drivers
v0x5e16d54e0960_0 .net "f3", 0 0, L_0x5e16d5500d80;  alias, 1 drivers
v0x5e16d54e0a20_0 .net "fpick", 3 0, L_0x5e16d54fcb90;  1 drivers
v0x5e16d54e0b00_0 .net "m_bar", 0 0, L_0x5e16d53c8d20;  alias, 1 drivers
v0x5e16d54e0c30_0 .net "s", 3 0, v0x5e16d54e5d50_0;  alias, 1 drivers
v0x5e16d54e0d80_0 .net "x", 0 0, v0x5e16d54d6630_0;  alias, 1 drivers
L_0x5e16d54fcb90 .ufunc/vec4 TD_$unit.f_pick, 4, L_0x5e16d54fc910, v0x5e16d54e56e0_0, v0x5e16d54e51a0_0, v0x5e16d54e5430_0, v0x5e16d54e5d50_0 (v0x5e16d54d0360_0, v0x5e16d54d02c0_0, v0x5e16d54d0100_0, v0x5e16d54d01e0_0, v0x5e16d54d0420_0) S_0x5e16d54cff20;
L_0x5e16d54fcc80 .concat [ 1 31 0 0], v0x5e16d54d6630_0, L_0x78c7ff1541c8;
L_0x5e16d54fcd70 .cmp/eq 32, L_0x5e16d54fcc80, L_0x78c7ff154210;
L_0x5e16d54fceb0 .part v0x5e16d54e51a0_0, 3, 1;
L_0x5e16d54fcf50 .part v0x5e16d54e5430_0, 3, 1;
L_0x5e16d54fcff0 .ufunc/vec4 TD_tb_alu.input_out1, 1, L_0x5e16d54fceb0, L_0x5e16d54fcf50, v0x5e16d54e5d50_0 (v0x5e16d54e31d0_0, v0x5e16d54e32b0_0, v0x5e16d54e3370_0) S_0x5e16d54e2ff0;
L_0x5e16d54fd170 .part v0x5e16d54e51a0_0, 3, 1;
L_0x5e16d54fd210 .part v0x5e16d54e5430_0, 3, 1;
L_0x5e16d54fd300 .ufunc/vec4 TD_tb_alu.input_out2, 1, L_0x5e16d54fd170, L_0x5e16d54fd210, v0x5e16d54e5d50_0 (v0x5e16d54e3700_0, v0x5e16d54e37e0_0, v0x5e16d54e38a0_0) S_0x5e16d54e3520;
L_0x5e16d54fd550 .part v0x5e16d54e51a0_0, 2, 1;
L_0x5e16d54fd650 .part v0x5e16d54e5430_0, 2, 1;
L_0x5e16d54fd6f0 .ufunc/vec4 TD_tb_alu.input_out1, 1, L_0x5e16d54fd550, L_0x5e16d54fd650, v0x5e16d54e5d50_0 (v0x5e16d54e31d0_0, v0x5e16d54e32b0_0, v0x5e16d54e3370_0) S_0x5e16d54e2ff0;
L_0x5e16d54fd910 .part v0x5e16d54e51a0_0, 1, 1;
L_0x5e16d54fd9b0 .part v0x5e16d54e5430_0, 1, 1;
L_0x5e16d54fda50 .ufunc/vec4 TD_tb_alu.input_out1, 1, L_0x5e16d54fd910, L_0x5e16d54fd9b0, v0x5e16d54e5d50_0 (v0x5e16d54e31d0_0, v0x5e16d54e32b0_0, v0x5e16d54e3370_0) S_0x5e16d54e2ff0;
L_0x5e16d54fdcc0 .part v0x5e16d54e51a0_0, 0, 1;
L_0x5e16d54fddf0 .part v0x5e16d54e5430_0, 0, 1;
L_0x5e16d54fde90 .ufunc/vec4 TD_tb_alu.input_out1, 1, L_0x5e16d54fdcc0, L_0x5e16d54fddf0, v0x5e16d54e5d50_0 (v0x5e16d54e31d0_0, v0x5e16d54e32b0_0, v0x5e16d54e3370_0) S_0x5e16d54e2ff0;
L_0x5e16d54fe240 .part v0x5e16d54e51a0_0, 2, 1;
L_0x5e16d54fe2e0 .part v0x5e16d54e5430_0, 2, 1;
L_0x5e16d54fe000 .ufunc/vec4 TD_tb_alu.input_out1, 1, L_0x5e16d54fe240, L_0x5e16d54fe2e0, v0x5e16d54e5d50_0 (v0x5e16d54e31d0_0, v0x5e16d54e32b0_0, v0x5e16d54e3370_0) S_0x5e16d54e2ff0;
L_0x5e16d54fe4d0 .part v0x5e16d54e51a0_0, 1, 1;
L_0x5e16d54fe630 .part v0x5e16d54e5430_0, 1, 1;
L_0x5e16d54feae0 .ufunc/vec4 TD_tb_alu.input_out1, 1, L_0x5e16d54fe4d0, L_0x5e16d54fe630, v0x5e16d54e5d50_0 (v0x5e16d54e31d0_0, v0x5e16d54e32b0_0, v0x5e16d54e3370_0) S_0x5e16d54e2ff0;
L_0x5e16d54fee00 .part v0x5e16d54e51a0_0, 0, 1;
L_0x5e16d54feea0 .part v0x5e16d54e5430_0, 0, 1;
L_0x5e16d54ff020 .ufunc/vec4 TD_tb_alu.input_out2, 1, L_0x5e16d54fee00, L_0x5e16d54feea0, v0x5e16d54e5d50_0 (v0x5e16d54e3700_0, v0x5e16d54e37e0_0, v0x5e16d54e38a0_0) S_0x5e16d54e3520;
L_0x5e16d54ff520 .part v0x5e16d54e51a0_0, 2, 1;
L_0x5e16d54ff6b0 .part v0x5e16d54e5430_0, 2, 1;
L_0x5e16d54ff750 .ufunc/vec4 TD_tb_alu.input_out1, 1, L_0x5e16d54ff520, L_0x5e16d54ff6b0, v0x5e16d54e5d50_0 (v0x5e16d54e31d0_0, v0x5e16d54e32b0_0, v0x5e16d54e3370_0) S_0x5e16d54e2ff0;
L_0x5e16d54ffd50 .part v0x5e16d54e51a0_0, 1, 1;
L_0x5e16d54ffdf0 .part v0x5e16d54e5430_0, 1, 1;
L_0x5e16d54fffa0 .ufunc/vec4 TD_tb_alu.input_out2, 1, L_0x5e16d54ffd50, L_0x5e16d54ffdf0, v0x5e16d54e5d50_0 (v0x5e16d54e3700_0, v0x5e16d54e37e0_0, v0x5e16d54e38a0_0) S_0x5e16d54e3520;
L_0x5e16d5500490 .part v0x5e16d54e51a0_0, 2, 1;
L_0x5e16d5500650 .part v0x5e16d54e5430_0, 2, 1;
L_0x5e16d55006f0 .ufunc/vec4 TD_tb_alu.input_out2, 1, L_0x5e16d5500490, L_0x5e16d5500650, v0x5e16d54e5d50_0 (v0x5e16d54e3700_0, v0x5e16d54e37e0_0, v0x5e16d54e38a0_0) S_0x5e16d54e3520;
L_0x5e16d5500c90 .part L_0x5e16d54fcb90, 3, 1;
L_0x5e16d5500d80 .functor MUXZ 1, L_0x5e16d5500c90, L_0x5e16d5500b80, L_0x5e16d54fcd70, C4<>;
S_0x5e16d54e1a40 .scope task, "errors_warnings_check" "errors_warnings_check" 4 843, 4 843 0, S_0x5e16d54b1e60;
 .timescale -9 -11;
TD_tb_alu.errors_warnings_check ;
    %load/vec4 v0x5e16d54e5a10_0;
    %load/vec4 v0x5e16d54e5bd0_0;
    %cmp/ne;
    %jmp/0xz  T_21.231, 6;
    %vpi_call/w 4 848 "$display", "***ERROR: F = %b, F_expected = %b", v0x5e16d54e5a10_0, v0x5e16d54e5bd0_0 {0 0 0};
    %load/vec4 v0x5e16d54e5930_0;
    %addi 1, 0, 32;
    %store/vec4 v0x5e16d54e5930_0, 0, 32;
T_21.231 ;
    %load/vec4 v0x5e16d54e5780_0;
    %load/vec4 v0x5e16d54e5870_0;
    %cmp/ne;
    %jmp/0xz  T_21.233, 6;
    %vpi_call/w 4 855 "$display", "***ERROR: Co_bar = %b, Co_bar_expected = %b", v0x5e16d54e5780_0, v0x5e16d54e5870_0 {0 0 0};
    %load/vec4 v0x5e16d54e5930_0;
    %addi 1, 0, 32;
    %store/vec4 v0x5e16d54e5930_0, 0, 32;
T_21.233 ;
    %load/vec4 v0x5e16d54e5280_0;
    %load/vec4 v0x5e16d54e5390_0;
    %cmp/ne;
    %jmp/0xz  T_21.235, 6;
    %vpi_call/w 4 861 "$display", "***ERROR: AEQB = %b, AEQB_expected = %b", v0x5e16d54e5280_0, v0x5e16d54e5390_0 {0 0 0};
    %load/vec4 v0x5e16d54e5930_0;
    %addi 1, 0, 32;
    %store/vec4 v0x5e16d54e5930_0, 0, 32;
T_21.235 ;
    %load/vec4 v0x5e16d54e60c0_0;
    %load/vec4 v0x5e16d54e6160_0;
    %cmp/ne;
    %jmp/0xz  T_21.237, 6;
    %vpi_call/w 4 867 "$display", "***ERROR: X = %b, X_expected = %b", v0x5e16d54e60c0_0, v0x5e16d54e6160_0 {0 0 0};
    %load/vec4 v0x5e16d54e5930_0;
    %addi 1, 0, 32;
    %store/vec4 v0x5e16d54e5930_0, 0, 32;
T_21.237 ;
    %load/vec4 v0x5e16d54e51a0_0;
    %load/vec4 v0x5e16d54e6480_0;
    %cmp/ne;
    %jmp/1 T_21.244, 6;
    %flag_mov 8, 6;
    %load/vec4 v0x5e16d54e5430_0;
    %load/vec4 v0x5e16d54e6560_0;
    %cmp/ne;
    %flag_or 6, 8;
T_21.244;
    %jmp/1 T_21.243, 6;
    %flag_mov 8, 6;
    %load/vec4 v0x5e16d54e5d50_0;
    %load/vec4 v0x5e16d54e67c0_0;
    %cmp/ne;
    %flag_or 6, 8;
T_21.243;
    %jmp/1 T_21.242, 6;
    %flag_mov 8, 6;
    %load/vec4 v0x5e16d54e5cb0_0;
    %load/vec4 v0x5e16d54e6700_0;
    %cmp/ne;
    %flag_or 6, 8;
T_21.242;
    %jmp/1 T_21.241, 6;
    %flag_mov 8, 6;
    %load/vec4 v0x5e16d54e56e0_0;
    %load/vec4 v0x5e16d54e6640_0;
    %cmp/ne;
    %flag_or 6, 8;
T_21.241;
    %jmp/0xz  T_21.239, 6;
    %vpi_call/w 4 875 "$display", "***ERROR: Racing Condition Occur" {0 0 0};
    %load/vec4 v0x5e16d54e5930_0;
    %addi 1, 0, 32;
    %store/vec4 v0x5e16d54e5930_0, 0, 32;
T_21.239 ;
    %end;
S_0x5e16d54e1bd0 .scope function.vec4.s4, "fexp_arith_ci_bar" "fexp_arith_ci_bar" 4 182, 4 182 0, S_0x5e16d54b1e60;
 .timescale -9 -11;
v0x5e16d54e1d60_0 .var "A", 3 0;
v0x5e16d54e1e60_0 .var "B", 3 0;
v0x5e16d54e1f40_0 .var "S", 3 0;
; Variable fexp_arith_ci_bar is vec4 return value of scope S_0x5e16d54e1bd0
TD_tb_alu.fexp_arith_ci_bar ;
    %load/vec4 v0x5e16d54e1f40_0;
    %dup/vec4;
    %pushi/vec4 0, 0, 4;
    %cmp/u;
    %jmp/1 T_22.245, 6;
    %dup/vec4;
    %pushi/vec4 1, 0, 4;
    %cmp/u;
    %jmp/1 T_22.246, 6;
    %dup/vec4;
    %pushi/vec4 2, 0, 4;
    %cmp/u;
    %jmp/1 T_22.247, 6;
    %dup/vec4;
    %pushi/vec4 3, 0, 4;
    %cmp/u;
    %jmp/1 T_22.248, 6;
    %dup/vec4;
    %pushi/vec4 4, 0, 4;
    %cmp/u;
    %jmp/1 T_22.249, 6;
    %dup/vec4;
    %pushi/vec4 5, 0, 4;
    %cmp/u;
    %jmp/1 T_22.250, 6;
    %dup/vec4;
    %pushi/vec4 6, 0, 4;
    %cmp/u;
    %jmp/1 T_22.251, 6;
    %dup/vec4;
    %pushi/vec4 7, 0, 4;
    %cmp/u;
    %jmp/1 T_22.252, 6;
    %dup/vec4;
    %pushi/vec4 8, 0, 4;
    %cmp/u;
    %jmp/1 T_22.253, 6;
    %dup/vec4;
    %pushi/vec4 9, 0, 4;
    %cmp/u;
    %jmp/1 T_22.254, 6;
    %dup/vec4;
    %pushi/vec4 10, 0, 4;
    %cmp/u;
    %jmp/1 T_22.255, 6;
    %dup/vec4;
    %pushi/vec4 11, 0, 4;
    %cmp/u;
    %jmp/1 T_22.256, 6;
    %dup/vec4;
    %pushi/vec4 12, 0, 4;
    %cmp/u;
    %jmp/1 T_22.257, 6;
    %dup/vec4;
    %pushi/vec4 13, 0, 4;
    %cmp/u;
    %jmp/1 T_22.258, 6;
    %dup/vec4;
    %pushi/vec4 14, 0, 4;
    %cmp/u;
    %jmp/1 T_22.259, 6;
    %dup/vec4;
    %pushi/vec4 15, 0, 4;
    %cmp/u;
    %jmp/1 T_22.260, 6;
    %jmp T_22.261;
T_22.245 ;
    %load/vec4 v0x5e16d54e1d60_0;
    %addi 1, 0, 4;
    %ret/vec4 0, 0, 4;  Assign to fexp_arith_ci_bar (store_vec4_to_lval)
    %jmp T_22.261;
T_22.246 ;
    %load/vec4 v0x5e16d54e1d60_0;
    %load/vec4 v0x5e16d54e1e60_0;
    %or;
    %addi 1, 0, 4;
    %ret/vec4 0, 0, 4;  Assign to fexp_arith_ci_bar (store_vec4_to_lval)
    %jmp T_22.261;
T_22.247 ;
    %load/vec4 v0x5e16d54e1d60_0;
    %load/vec4 v0x5e16d54e1e60_0;
    %inv;
    %or;
    %addi 1, 0, 4;
    %ret/vec4 0, 0, 4;  Assign to fexp_arith_ci_bar (store_vec4_to_lval)
    %jmp T_22.261;
T_22.248 ;
    %pushi/vec4 0, 0, 4;
    %ret/vec4 0, 0, 4;  Assign to fexp_arith_ci_bar (store_vec4_to_lval)
    %jmp T_22.261;
T_22.249 ;
    %load/vec4 v0x5e16d54e1d60_0;
    %load/vec4 v0x5e16d54e1d60_0;
    %load/vec4 v0x5e16d54e1e60_0;
    %inv;
    %and;
    %add;
    %addi 1, 0, 4;
    %ret/vec4 0, 0, 4;  Assign to fexp_arith_ci_bar (store_vec4_to_lval)
    %jmp T_22.261;
T_22.250 ;
    %load/vec4 v0x5e16d54e1d60_0;
    %load/vec4 v0x5e16d54e1e60_0;
    %or;
    %load/vec4 v0x5e16d54e1d60_0;
    %load/vec4 v0x5e16d54e1e60_0;
    %inv;
    %and;
    %add;
    %addi 1, 0, 4;
    %ret/vec4 0, 0, 4;  Assign to fexp_arith_ci_bar (store_vec4_to_lval)
    %jmp T_22.261;
T_22.251 ;
    %load/vec4 v0x5e16d54e1d60_0;
    %load/vec4 v0x5e16d54e1e60_0;
    %sub;
    %ret/vec4 0, 0, 4;  Assign to fexp_arith_ci_bar (store_vec4_to_lval)
    %jmp T_22.261;
T_22.252 ;
    %load/vec4 v0x5e16d54e1d60_0;
    %load/vec4 v0x5e16d54e1e60_0;
    %inv;
    %and;
    %ret/vec4 0, 0, 4;  Assign to fexp_arith_ci_bar (store_vec4_to_lval)
    %jmp T_22.261;
T_22.253 ;
    %load/vec4 v0x5e16d54e1d60_0;
    %load/vec4 v0x5e16d54e1d60_0;
    %load/vec4 v0x5e16d54e1e60_0;
    %and;
    %add;
    %addi 1, 0, 4;
    %ret/vec4 0, 0, 4;  Assign to fexp_arith_ci_bar (store_vec4_to_lval)
    %jmp T_22.261;
T_22.254 ;
    %load/vec4 v0x5e16d54e1d60_0;
    %load/vec4 v0x5e16d54e1e60_0;
    %add;
    %addi 1, 0, 4;
    %ret/vec4 0, 0, 4;  Assign to fexp_arith_ci_bar (store_vec4_to_lval)
    %jmp T_22.261;
T_22.255 ;
    %load/vec4 v0x5e16d54e1d60_0;
    %load/vec4 v0x5e16d54e1e60_0;
    %inv;
    %or;
    %load/vec4 v0x5e16d54e1d60_0;
    %load/vec4 v0x5e16d54e1e60_0;
    %and;
    %add;
    %addi 1, 0, 4;
    %ret/vec4 0, 0, 4;  Assign to fexp_arith_ci_bar (store_vec4_to_lval)
    %jmp T_22.261;
T_22.256 ;
    %load/vec4 v0x5e16d54e1d60_0;
    %load/vec4 v0x5e16d54e1e60_0;
    %and;
    %ret/vec4 0, 0, 4;  Assign to fexp_arith_ci_bar (store_vec4_to_lval)
    %jmp T_22.261;
T_22.257 ;
    %load/vec4 v0x5e16d54e1d60_0;
    %load/vec4 v0x5e16d54e1d60_0;
    %add;
    %addi 1, 0, 4;
    %ret/vec4 0, 0, 4;  Assign to fexp_arith_ci_bar (store_vec4_to_lval)
    %jmp T_22.261;
T_22.258 ;
    %load/vec4 v0x5e16d54e1d60_0;
    %load/vec4 v0x5e16d54e1e60_0;
    %or;
    %load/vec4 v0x5e16d54e1d60_0;
    %add;
    %addi 1, 0, 4;
    %ret/vec4 0, 0, 4;  Assign to fexp_arith_ci_bar (store_vec4_to_lval)
    %jmp T_22.261;
T_22.259 ;
    %load/vec4 v0x5e16d54e1d60_0;
    %load/vec4 v0x5e16d54e1e60_0;
    %inv;
    %or;
    %load/vec4 v0x5e16d54e1d60_0;
    %add;
    %addi 1, 0, 4;
    %ret/vec4 0, 0, 4;  Assign to fexp_arith_ci_bar (store_vec4_to_lval)
    %jmp T_22.261;
T_22.260 ;
    %load/vec4 v0x5e16d54e1d60_0;
    %ret/vec4 0, 0, 4;  Assign to fexp_arith_ci_bar (store_vec4_to_lval)
    %jmp T_22.261;
T_22.261 ;
    %pop/vec4 1;
    %end;
S_0x5e16d54e20e0 .scope function.vec4.s4, "fexp_arith_xci_bar" "fexp_arith_xci_bar" 4 212, 4 212 0, S_0x5e16d54b1e60;
 .timescale -9 -11;
v0x5e16d54e2270_0 .var "A", 3 0;
v0x5e16d54e2370_0 .var "B", 3 0;
v0x5e16d54e2450_0 .var "S", 3 0;
; Variable fexp_arith_xci_bar is vec4 return value of scope S_0x5e16d54e20e0
TD_tb_alu.fexp_arith_xci_bar ;
    %load/vec4 v0x5e16d54e2450_0;
    %dup/vec4;
    %pushi/vec4 0, 0, 4;
    %cmp/u;
    %jmp/1 T_23.262, 6;
    %dup/vec4;
    %pushi/vec4 1, 0, 4;
    %cmp/u;
    %jmp/1 T_23.263, 6;
    %dup/vec4;
    %pushi/vec4 2, 0, 4;
    %cmp/u;
    %jmp/1 T_23.264, 6;
    %dup/vec4;
    %pushi/vec4 3, 0, 4;
    %cmp/u;
    %jmp/1 T_23.265, 6;
    %dup/vec4;
    %pushi/vec4 4, 0, 4;
    %cmp/u;
    %jmp/1 T_23.266, 6;
    %dup/vec4;
    %pushi/vec4 5, 0, 4;
    %cmp/u;
    %jmp/1 T_23.267, 6;
    %dup/vec4;
    %pushi/vec4 6, 0, 4;
    %cmp/u;
    %jmp/1 T_23.268, 6;
    %dup/vec4;
    %pushi/vec4 7, 0, 4;
    %cmp/u;
    %jmp/1 T_23.269, 6;
    %dup/vec4;
    %pushi/vec4 8, 0, 4;
    %cmp/u;
    %jmp/1 T_23.270, 6;
    %dup/vec4;
    %pushi/vec4 9, 0, 4;
    %cmp/u;
    %jmp/1 T_23.271, 6;
    %dup/vec4;
    %pushi/vec4 10, 0, 4;
    %cmp/u;
    %jmp/1 T_23.272, 6;
    %dup/vec4;
    %pushi/vec4 11, 0, 4;
    %cmp/u;
    %jmp/1 T_23.273, 6;
    %dup/vec4;
    %pushi/vec4 12, 0, 4;
    %cmp/u;
    %jmp/1 T_23.274, 6;
    %dup/vec4;
    %pushi/vec4 13, 0, 4;
    %cmp/u;
    %jmp/1 T_23.275, 6;
    %dup/vec4;
    %pushi/vec4 14, 0, 4;
    %cmp/u;
    %jmp/1 T_23.276, 6;
    %dup/vec4;
    %pushi/vec4 15, 0, 4;
    %cmp/u;
    %jmp/1 T_23.277, 6;
    %jmp T_23.278;
T_23.262 ;
    %load/vec4 v0x5e16d54e2270_0;
    %ret/vec4 0, 0, 4;  Assign to fexp_arith_xci_bar (store_vec4_to_lval)
    %jmp T_23.278;
T_23.263 ;
    %load/vec4 v0x5e16d54e2270_0;
    %load/vec4 v0x5e16d54e2370_0;
    %or;
    %ret/vec4 0, 0, 4;  Assign to fexp_arith_xci_bar (store_vec4_to_lval)
    %jmp T_23.278;
T_23.264 ;
    %load/vec4 v0x5e16d54e2270_0;
    %load/vec4 v0x5e16d54e2370_0;
    %inv;
    %or;
    %ret/vec4 0, 0, 4;  Assign to fexp_arith_xci_bar (store_vec4_to_lval)
    %jmp T_23.278;
T_23.265 ;
    %pushi/vec4 15, 0, 4;
    %ret/vec4 0, 0, 4;  Assign to fexp_arith_xci_bar (store_vec4_to_lval)
    %jmp T_23.278;
T_23.266 ;
    %load/vec4 v0x5e16d54e2270_0;
    %load/vec4 v0x5e16d54e2270_0;
    %load/vec4 v0x5e16d54e2370_0;
    %inv;
    %and;
    %add;
    %ret/vec4 0, 0, 4;  Assign to fexp_arith_xci_bar (store_vec4_to_lval)
    %jmp T_23.278;
T_23.267 ;
    %load/vec4 v0x5e16d54e2270_0;
    %load/vec4 v0x5e16d54e2370_0;
    %or;
    %load/vec4 v0x5e16d54e2270_0;
    %load/vec4 v0x5e16d54e2370_0;
    %inv;
    %and;
    %add;
    %ret/vec4 0, 0, 4;  Assign to fexp_arith_xci_bar (store_vec4_to_lval)
    %jmp T_23.278;
T_23.268 ;
    %load/vec4 v0x5e16d54e2270_0;
    %load/vec4 v0x5e16d54e2370_0;
    %sub;
    %subi 1, 0, 4;
    %ret/vec4 0, 0, 4;  Assign to fexp_arith_xci_bar (store_vec4_to_lval)
    %jmp T_23.278;
T_23.269 ;
    %load/vec4 v0x5e16d54e2270_0;
    %load/vec4 v0x5e16d54e2370_0;
    %inv;
    %and;
    %subi 1, 0, 4;
    %ret/vec4 0, 0, 4;  Assign to fexp_arith_xci_bar (store_vec4_to_lval)
    %jmp T_23.278;
T_23.270 ;
    %load/vec4 v0x5e16d54e2270_0;
    %load/vec4 v0x5e16d54e2270_0;
    %load/vec4 v0x5e16d54e2370_0;
    %and;
    %add;
    %ret/vec4 0, 0, 4;  Assign to fexp_arith_xci_bar (store_vec4_to_lval)
    %jmp T_23.278;
T_23.271 ;
    %load/vec4 v0x5e16d54e2270_0;
    %load/vec4 v0x5e16d54e2370_0;
    %add;
    %ret/vec4 0, 0, 4;  Assign to fexp_arith_xci_bar (store_vec4_to_lval)
    %jmp T_23.278;
T_23.272 ;
    %load/vec4 v0x5e16d54e2270_0;
    %load/vec4 v0x5e16d54e2370_0;
    %inv;
    %or;
    %load/vec4 v0x5e16d54e2270_0;
    %load/vec4 v0x5e16d54e2370_0;
    %and;
    %add;
    %ret/vec4 0, 0, 4;  Assign to fexp_arith_xci_bar (store_vec4_to_lval)
    %jmp T_23.278;
T_23.273 ;
    %load/vec4 v0x5e16d54e2270_0;
    %load/vec4 v0x5e16d54e2370_0;
    %and;
    %subi 1, 0, 4;
    %ret/vec4 0, 0, 4;  Assign to fexp_arith_xci_bar (store_vec4_to_lval)
    %jmp T_23.278;
T_23.274 ;
    %load/vec4 v0x5e16d54e2270_0;
    %load/vec4 v0x5e16d54e2270_0;
    %add;
    %ret/vec4 0, 0, 4;  Assign to fexp_arith_xci_bar (store_vec4_to_lval)
    %jmp T_23.278;
T_23.275 ;
    %load/vec4 v0x5e16d54e2270_0;
    %load/vec4 v0x5e16d54e2370_0;
    %or;
    %load/vec4 v0x5e16d54e2270_0;
    %add;
    %ret/vec4 0, 0, 4;  Assign to fexp_arith_xci_bar (store_vec4_to_lval)
    %jmp T_23.278;
T_23.276 ;
    %load/vec4 v0x5e16d54e2270_0;
    %load/vec4 v0x5e16d54e2370_0;
    %inv;
    %or;
    %load/vec4 v0x5e16d54e2270_0;
    %add;
    %ret/vec4 0, 0, 4;  Assign to fexp_arith_xci_bar (store_vec4_to_lval)
    %jmp T_23.278;
T_23.277 ;
    %load/vec4 v0x5e16d54e2270_0;
    %subi 1, 0, 4;
    %ret/vec4 0, 0, 4;  Assign to fexp_arith_xci_bar (store_vec4_to_lval)
    %jmp T_23.278;
T_23.278 ;
    %pop/vec4 1;
    %end;
S_0x5e16d54e2620 .scope function.vec4.s4, "fexp_logic_ci_bar" "fexp_logic_ci_bar" 4 242, 4 242 0, S_0x5e16d54b1e60;
 .timescale -9 -11;
v0x5e16d54e27b0_0 .var "A", 3 0;
v0x5e16d54e28b0_0 .var "B", 3 0;
v0x5e16d54e2990_0 .var "S", 3 0;
; Variable fexp_logic_ci_bar is vec4 return value of scope S_0x5e16d54e2620
TD_tb_alu.fexp_logic_ci_bar ;
    %load/vec4 v0x5e16d54e2990_0;
    %dup/vec4;
    %pushi/vec4 0, 0, 4;
    %cmp/u;
    %jmp/1 T_24.279, 6;
    %dup/vec4;
    %pushi/vec4 1, 0, 4;
    %cmp/u;
    %jmp/1 T_24.280, 6;
    %dup/vec4;
    %pushi/vec4 2, 0, 4;
    %cmp/u;
    %jmp/1 T_24.281, 6;
    %dup/vec4;
    %pushi/vec4 3, 0, 4;
    %cmp/u;
    %jmp/1 T_24.282, 6;
    %dup/vec4;
    %pushi/vec4 4, 0, 4;
    %cmp/u;
    %jmp/1 T_24.283, 6;
    %dup/vec4;
    %pushi/vec4 5, 0, 4;
    %cmp/u;
    %jmp/1 T_24.284, 6;
    %dup/vec4;
    %pushi/vec4 6, 0, 4;
    %cmp/u;
    %jmp/1 T_24.285, 6;
    %dup/vec4;
    %pushi/vec4 7, 0, 4;
    %cmp/u;
    %jmp/1 T_24.286, 6;
    %dup/vec4;
    %pushi/vec4 8, 0, 4;
    %cmp/u;
    %jmp/1 T_24.287, 6;
    %dup/vec4;
    %pushi/vec4 9, 0, 4;
    %cmp/u;
    %jmp/1 T_24.288, 6;
    %dup/vec4;
    %pushi/vec4 10, 0, 4;
    %cmp/u;
    %jmp/1 T_24.289, 6;
    %dup/vec4;
    %pushi/vec4 11, 0, 4;
    %cmp/u;
    %jmp/1 T_24.290, 6;
    %dup/vec4;
    %pushi/vec4 12, 0, 4;
    %cmp/u;
    %jmp/1 T_24.291, 6;
    %dup/vec4;
    %pushi/vec4 13, 0, 4;
    %cmp/u;
    %jmp/1 T_24.292, 6;
    %dup/vec4;
    %pushi/vec4 14, 0, 4;
    %cmp/u;
    %jmp/1 T_24.293, 6;
    %dup/vec4;
    %pushi/vec4 15, 0, 4;
    %cmp/u;
    %jmp/1 T_24.294, 6;
    %jmp T_24.295;
T_24.279 ;
    %load/vec4 v0x5e16d54e27b0_0;
    %inv;
    %ret/vec4 0, 0, 4;  Assign to fexp_logic_ci_bar (store_vec4_to_lval)
    %jmp T_24.295;
T_24.280 ;
    %load/vec4 v0x5e16d54e27b0_0;
    %load/vec4 v0x5e16d54e28b0_0;
    %or;
    %inv;
    %ret/vec4 0, 0, 4;  Assign to fexp_logic_ci_bar (store_vec4_to_lval)
    %jmp T_24.295;
T_24.281 ;
    %load/vec4 v0x5e16d54e27b0_0;
    %inv;
    %load/vec4 v0x5e16d54e28b0_0;
    %and;
    %ret/vec4 0, 0, 4;  Assign to fexp_logic_ci_bar (store_vec4_to_lval)
    %jmp T_24.295;
T_24.282 ;
    %pushi/vec4 0, 0, 4;
    %ret/vec4 0, 0, 4;  Assign to fexp_logic_ci_bar (store_vec4_to_lval)
    %jmp T_24.295;
T_24.283 ;
    %load/vec4 v0x5e16d54e27b0_0;
    %load/vec4 v0x5e16d54e28b0_0;
    %and;
    %inv;
    %ret/vec4 0, 0, 4;  Assign to fexp_logic_ci_bar (store_vec4_to_lval)
    %jmp T_24.295;
T_24.284 ;
    %load/vec4 v0x5e16d54e28b0_0;
    %inv;
    %ret/vec4 0, 0, 4;  Assign to fexp_logic_ci_bar (store_vec4_to_lval)
    %jmp T_24.295;
T_24.285 ;
    %load/vec4 v0x5e16d54e27b0_0;
    %load/vec4 v0x5e16d54e28b0_0;
    %xor;
    %ret/vec4 0, 0, 4;  Assign to fexp_logic_ci_bar (store_vec4_to_lval)
    %jmp T_24.295;
T_24.286 ;
    %load/vec4 v0x5e16d54e27b0_0;
    %load/vec4 v0x5e16d54e28b0_0;
    %inv;
    %and;
    %ret/vec4 0, 0, 4;  Assign to fexp_logic_ci_bar (store_vec4_to_lval)
    %jmp T_24.295;
T_24.287 ;
    %load/vec4 v0x5e16d54e27b0_0;
    %inv;
    %load/vec4 v0x5e16d54e28b0_0;
    %or;
    %ret/vec4 0, 0, 4;  Assign to fexp_logic_ci_bar (store_vec4_to_lval)
    %jmp T_24.295;
T_24.288 ;
    %load/vec4 v0x5e16d54e27b0_0;
    %load/vec4 v0x5e16d54e28b0_0;
    %xor;
    %inv;
    %ret/vec4 0, 0, 4;  Assign to fexp_logic_ci_bar (store_vec4_to_lval)
    %jmp T_24.295;
T_24.289 ;
    %load/vec4 v0x5e16d54e28b0_0;
    %ret/vec4 0, 0, 4;  Assign to fexp_logic_ci_bar (store_vec4_to_lval)
    %jmp T_24.295;
T_24.290 ;
    %load/vec4 v0x5e16d54e27b0_0;
    %load/vec4 v0x5e16d54e28b0_0;
    %and;
    %ret/vec4 0, 0, 4;  Assign to fexp_logic_ci_bar (store_vec4_to_lval)
    %jmp T_24.295;
T_24.291 ;
    %pushi/vec4 15, 0, 4;
    %ret/vec4 0, 0, 4;  Assign to fexp_logic_ci_bar (store_vec4_to_lval)
    %jmp T_24.295;
T_24.292 ;
    %load/vec4 v0x5e16d54e27b0_0;
    %load/vec4 v0x5e16d54e28b0_0;
    %inv;
    %or;
    %ret/vec4 0, 0, 4;  Assign to fexp_logic_ci_bar (store_vec4_to_lval)
    %jmp T_24.295;
T_24.293 ;
    %load/vec4 v0x5e16d54e27b0_0;
    %load/vec4 v0x5e16d54e28b0_0;
    %or;
    %ret/vec4 0, 0, 4;  Assign to fexp_logic_ci_bar (store_vec4_to_lval)
    %jmp T_24.295;
T_24.294 ;
    %load/vec4 v0x5e16d54e27b0_0;
    %ret/vec4 0, 0, 4;  Assign to fexp_logic_ci_bar (store_vec4_to_lval)
    %jmp T_24.295;
T_24.295 ;
    %pop/vec4 1;
    %end;
S_0x5e16d54e2b60 .scope task, "initialize" "initialize" 4 342, 4 342 0, S_0x5e16d54b1e60;
 .timescale -9 -11;
TD_tb_alu.initialize ;
    %fork t_3, S_0x5e16d54e2cf0;
    %jmp t_2;
    .scope S_0x5e16d54e2cf0;
t_3 ;
    %vpi_func 4 346 "$fopen" 32, "tb_alu.tv", "r" {0 0 0};
    %store/vec4 v0x5e16d54e5af0_0, 0, 32;
    %pushi/vec4 0, 0, 1;
    %store/vec4 v0x5e16d54e5e10_0, 0, 1;
    %pushi/vec4 0, 0, 32;
    %store/vec4 v0x5e16d54e5ed0_0, 0, 32;
    %pushi/vec4 0, 0, 32;
    %store/vec4 v0x5e16d54e5930_0, 0, 32;
    %pushi/vec4 0, 0, 32;
    %store/vec4 v0x5e16d54e2ef0_0, 0, 32;
T_25.296 ;
    %load/vec4 v0x5e16d54e2ef0_0;
    %cmpi/s 64, 0, 32;
    %jmp/0xz T_25.297, 5;
    %pushi/vec4 0, 0, 32;
    %ix/getv/s 4, v0x5e16d54e2ef0_0;
    %store/vec4a v0x5e16d54e63c0, 4, 0;
    ; show_stmt_assign_vector: Get l-value for compressed += operand
    %load/vec4 v0x5e16d54e2ef0_0;
    %pushi/vec4 1, 0, 32;
    %add;
    %store/vec4 v0x5e16d54e2ef0_0, 0, 32;
    %jmp T_25.296;
T_25.297 ;
    %pushi/vec4 0, 0, 1;
    %store/vec4 v0x5e16d54e6220_0, 0, 1;
    %vpi_call/w 4 359 "$display" {0 0 0};
    %vpi_call/w 4 360 "$display", "TEST_START------------------------------------------------------------------------------------------------------------------------------------------------------------------" {0 0 0};
    %vpi_call/w 4 361 "$display" {0 0 0};
    %vpi_call/w 4 362 "$display", "                                | TIME | M | Ci_bar |    S    |    A    |    B    |    F    | CO_bar | AEQB | X | FEXPECTED | CObar_EXPECTED | AEQB_EXPECTED | X_EXPECTED |" {0 0 0};
    %vpi_call/w 4 363 "$display", "----------------------------------------------------------------------------------------------------------------------------------------------------------------------------" {0 0 0};
    %end;
    .scope S_0x5e16d54e2b60;
t_2 %join;
    %end;
S_0x5e16d54e2cf0 .scope begin, "$unm_blk_13" "$unm_blk_13" 4 342, 4 342 0, S_0x5e16d54e2b60;
 .timescale -9 -11;
v0x5e16d54e2ef0_0 .var/i "j", 31 0;
S_0x5e16d54e2ff0 .scope function.vec4.s1, "input_out1" "input_out1" 4 272, 4 272 0, S_0x5e16d54b1e60;
 .timescale -9 -11;
v0x5e16d54e31d0_0 .var "A", 0 0;
v0x5e16d54e32b0_0 .var "B", 0 0;
v0x5e16d54e3370_0 .var "S", 3 0;
; Variable input_out1 is vec4 return value of scope S_0x5e16d54e2ff0
TD_tb_alu.input_out1 ;
    %load/vec4 v0x5e16d54e31d0_0;
    %load/vec4 v0x5e16d54e32b0_0;
    %and;
    %load/vec4 v0x5e16d54e3370_0;
    %parti/s 1, 3, 3;
    %and;
    %load/vec4 v0x5e16d54e31d0_0;
    %load/vec4 v0x5e16d54e32b0_0;
    %inv;
    %and;
    %load/vec4 v0x5e16d54e3370_0;
    %parti/s 1, 2, 3;
    %and;
    %or;
    %inv;
    %ret/vec4 0, 0, 1;  Assign to input_out1 (store_vec4_to_lval)
    %end;
S_0x5e16d54e3520 .scope function.vec4.s1, "input_out2" "input_out2" 4 283, 4 283 0, S_0x5e16d54b1e60;
 .timescale -9 -11;
v0x5e16d54e3700_0 .var "A", 0 0;
v0x5e16d54e37e0_0 .var "B", 0 0;
v0x5e16d54e38a0_0 .var "S", 3 0;
; Variable input_out2 is vec4 return value of scope S_0x5e16d54e3520
TD_tb_alu.input_out2 ;
    %load/vec4 v0x5e16d54e3700_0;
    %load/vec4 v0x5e16d54e37e0_0;
    %inv;
    %load/vec4 v0x5e16d54e38a0_0;
    %parti/s 1, 1, 2;
    %and;
    %or;
    %load/vec4 v0x5e16d54e37e0_0;
    %load/vec4 v0x5e16d54e38a0_0;
    %parti/s 1, 0, 2;
    %and;
    %or;
    %inv;
    %ret/vec4 0, 0, 1;  Assign to input_out2 (store_vec4_to_lval)
    %end;
S_0x5e16d54e3a50 .scope function.vec4.s1, "num" "num" 4 73, 4 73 0, S_0x5e16d54b1e60;
 .timescale -9 -11;
v0x5e16d54e3c30_0 .var "cha", 7 0;
; Variable num is vec4 return value of scope S_0x5e16d54e3a50
TD_tb_alu.num ;
    %load/vec4 v0x5e16d54e3c30_0;
    %pushi/vec4 49, 0, 8; draw_string_vec4
    %cmp/e;
    %flag_mov 8, 4;
    %jmp/0 T_28.298, 8;
    %pushi/vec4 1, 0, 1;
    %jmp/1 T_28.299, 8;
T_28.298 ; End of true expr.
    %load/vec4 v0x5e16d54e3c30_0;
    %pushi/vec4 48, 0, 8; draw_string_vec4
    %cmp/e;
    %flag_mov 9, 4;
    %jmp/0 T_28.300, 9;
    %pushi/vec4 0, 0, 1;
    %jmp/1 T_28.301, 9;
T_28.300 ; End of true expr.
    %pushi/vec4 1, 1, 1;
    %jmp/0 T_28.301, 9;
 ; End of false expr.
    %blend;
T_28.301;
    %jmp/0 T_28.299, 8;
 ; End of false expr.
    %blend;
T_28.299;
    %ret/vec4 0, 0, 1;  Assign to num (store_vec4_to_lval)
    %end;
S_0x5e16d54e3df0 .scope task, "random_in" "random_in" 4 654, 4 654 0, S_0x5e16d54b1e60;
 .timescale -9 -11;
TD_tb_alu.random_in ;
    %vpi_func 4 657 "$urandom" 32 {0 0 0};
    %pushi/vec4 2, 0, 32;
    %mod;
    %pad/u 1;
    %store/vec4 v0x5e16d54e5cb0_0, 0, 1;
    %load/vec4 v0x5e16d54e5cb0_0;
    %pad/u 32;
    %cmpi/e 0, 0, 32;
    %flag_mov 8, 4;
    %jmp/0 T_29.302, 8;
    %vpi_func 4 658 "$urandom" 32 {0 0 0};
    %pushi/vec4 2, 0, 32;
    %mod;
    %jmp/1 T_29.303, 8;
T_29.302 ; End of true expr.
    %pushi/vec4 0, 0, 32;
    %jmp/0 T_29.303, 8;
 ; End of false expr.
    %blend;
T_29.303;
    %pad/u 1;
    %store/vec4 v0x5e16d54e56e0_0, 0, 1;
    %vpi_func 4 659 "$urandom" 32 {0 0 0};
    %pushi/vec4 16, 0, 32;
    %mod;
    %pad/u 4;
    %store/vec4 v0x5e16d54e5d50_0, 0, 4;
    %vpi_func 4 660 "$urandom" 32 {0 0 0};
    %pushi/vec4 16, 0, 32;
    %mod;
    %pad/u 4;
    %store/vec4 v0x5e16d54e51a0_0, 0, 4;
    %vpi_func 4 661 "$urandom" 32 {0 0 0};
    %pushi/vec4 16, 0, 32;
    %mod;
    %pad/u 4;
    %store/vec4 v0x5e16d54e5430_0, 0, 4;
    %load/vec4 v0x5e16d54e5cb0_0;
    %load/vec4 v0x5e16d54e56e0_0;
    %concat/vec4; draw_concat_vec4
    %dup/vec4;
    %pushi/vec4 0, 0, 2;
    %cmp/u;
    %jmp/1 T_29.304, 6;
    %dup/vec4;
    %pushi/vec4 1, 0, 2;
    %cmp/u;
    %jmp/1 T_29.305, 6;
    %dup/vec4;
    %pushi/vec4 2, 0, 2;
    %cmp/u;
    %jmp/1 T_29.306, 6;
    %load/vec4 v0x5e16d54e51a0_0;
    %load/vec4 v0x5e16d54e5430_0;
    %load/vec4 v0x5e16d54e5d50_0;
    %store/vec4 v0x5e16d54d4930_0, 0, 4;
    %store/vec4 v0x5e16d54d4850_0, 0, 4;
    %store/vec4 v0x5e16d54d4750_0, 0, 4;
    %callf/vec4 TD_tb_alu.cmt_logic_ci_bar, S_0x5e16d54d4570;
    %store/vec4 v0x5e16d54e54d0_0, 0, 256;
    %jmp T_29.308;
T_29.304 ;
    %load/vec4 v0x5e16d54e51a0_0;
    %load/vec4 v0x5e16d54e5430_0;
    %load/vec4 v0x5e16d54e5d50_0;
    %store/vec4 v0x5e16d54d3e40_0, 0, 4;
    %store/vec4 v0x5e16d54d3d60_0, 0, 4;
    %store/vec4 v0x5e16d54d3c60_0, 0, 4;
    %callf/vec4 TD_tb_alu.cmt_arith_ci_bar, S_0x5e16d54d3a80;
    %store/vec4 v0x5e16d54e54d0_0, 0, 256;
    %jmp T_29.308;
T_29.305 ;
    %load/vec4 v0x5e16d54e51a0_0;
    %load/vec4 v0x5e16d54e5430_0;
    %load/vec4 v0x5e16d54e5d50_0;
    %store/vec4 v0x5e16d54d43a0_0, 0, 4;
    %store/vec4 v0x5e16d54d42c0_0, 0, 4;
    %store/vec4 v0x5e16d54d41c0_0, 0, 4;
    %callf/vec4 TD_tb_alu.cmt_arith_xci_bar, S_0x5e16d54d3fe0;
    %store/vec4 v0x5e16d54e54d0_0, 0, 256;
    %jmp T_29.308;
T_29.306 ;
    %load/vec4 v0x5e16d54e51a0_0;
    %load/vec4 v0x5e16d54e5430_0;
    %load/vec4 v0x5e16d54e5d50_0;
    %store/vec4 v0x5e16d54d4930_0, 0, 4;
    %store/vec4 v0x5e16d54d4850_0, 0, 4;
    %store/vec4 v0x5e16d54d4750_0, 0, 4;
    %callf/vec4 TD_tb_alu.cmt_logic_ci_bar, S_0x5e16d54d4570;
    %store/vec4 v0x5e16d54e54d0_0, 0, 256;
    %jmp T_29.308;
T_29.308 ;
    %pop/vec4 1;
    %vpi_func 4 672 "$urandom_range" 32, 32'sb00000000000000000000000000000001, 32'sb00000000000000000000000000001010 {0 0 0};
    %pad/u 64;
    %muli 100, 0, 64;
    %ix/vec4 4;
    %delayx 4;
    %end;
S_0x5e16d54e3fd0 .scope task, "scan_file" "scan_file" 4 372, 4 372 0, S_0x5e16d54b1e60;
 .timescale -9 -11;
TD_tb_alu.scan_file ;
    %fork t_5, S_0x5e16d54e41b0;
    %jmp t_4;
    .scope S_0x5e16d54e41b0;
t_5 ;
    %vpi_func 4 379 "$fgets" 32, v0x5e16d54e4890_0, v0x5e16d54e5af0_0 {0 0 0};
    %store/vec4 v0x5e16d54e5600_0, 0, 32;
    %load/vec4 v0x5e16d54e5600_0;
    %pushi/vec4 0, 0, 32;
    %cmp/e;
    %flag_get/vec4 4;
    %store/vec4 v0x5e16d54e6220_0, 0, 1;
    %pushi/vec4 0, 0, 256;
    %store/vec4 v0x5e16d54e54d0_0, 0, 256;
    %pushi/vec4 0, 0, 32;
    %store/vec4 v0x5e16d54e4590_0, 0, 32;
T_30.309 ;
    %load/vec4 v0x5e16d54e4590_0;
    %cmpi/s 256, 0, 32;
    %flag_get/vec4 5;
    %jmp/0 T_30.313, 5;
    %load/vec4 v0x5e16d54e4890_0;
    %load/vec4 v0x5e16d54e4590_0;
    %muli 8, 0, 32;
    %part/s 8;
    %pushi/vec4 0, 0, 8;
    %cmp/ne;
    %flag_get/vec4 6;
    %and;
T_30.313;
    %flag_set/vec4 10;
    %flag_get/vec4 10;
    %jmp/0 T_30.312, 10;
    %load/vec4 v0x5e16d54e4890_0;
    %load/vec4 v0x5e16d54e4590_0;
    %muli 8, 0, 32;
    %part/s 8;
    %pushi/vec4 10, 0, 8;
    %cmp/ne;
    %flag_get/vec4 6;
    %and;
T_30.312;
    %flag_set/vec4 9;
    %flag_get/vec4 9;
    %jmp/0 T_30.311, 9;
    %load/vec4 v0x5e16d54e4890_0;
    %load/vec4 v0x5e16d54e4590_0;
    %muli 8, 0, 32;
    %part/s 8;
    %pushi/vec4 13, 0, 8;
    %cmp/ne;
    %flag_get/vec4 6;
    %and;
T_30.311;
    %flag_set/vec4 8;
    %jmp/0xz T_30.310, 8;
    %load/vec4 v0x5e16d54e4590_0;
    %addi 1, 0, 32;
    %store/vec4 v0x5e16d54e4590_0, 0, 32;
    %jmp T_30.309;
T_30.310 ;
    %load/vec4 v0x5e16d54e4590_0;
    %cmpi/ne 0, 0, 32;
    %jmp/0xz  T_30.314, 6;
    %load/vec4 v0x5e16d54e4590_0;
    %subi 1, 0, 32;
    %store/vec4 v0x5e16d54e4680_0, 0, 32;
    %jmp T_30.315;
T_30.314 ;
    %load/vec4 v0x5e16d54e4590_0;
    %cmpi/e 0, 0, 32;
    %jmp/0xz  T_30.316, 4;
    %load/vec4 v0x5e16d54e4590_0;
    %addi 1, 0, 32;
    %store/vec4 v0x5e16d54e4680_0, 0, 32;
T_30.316 ;
T_30.315 ;
    %load/vec4 v0x5e16d54e4680_0;
    %cmpi/s 0, 0, 32;
    %flag_or 5, 4;
    %jmp/1 T_30.320, 5;
    %flag_mov 8, 5;
    %load/vec4 v0x5e16d54e4890_0;
    %load/vec4 v0x5e16d54e4680_0;
    %muli 8, 0, 32;
    %part/s 8;
    %cmpi/e 0, 0, 8;
    %flag_or 4, 8;
    %flag_mov 5, 4;
T_30.320;
    %jmp/0xz  T_30.318, 5;
    %disable S_0x5e16d54e3fd0;
T_30.318 ;
T_30.321 ;
    %load/vec4 v0x5e16d54e4680_0;
    %cmpi/s 0, 0, 32;
    %flag_or 5, 4; GT is !LE
    %flag_inv 5;
    %flag_get/vec4 5;
    %jmp/0 T_30.323, 5;
    %load/vec4 v0x5e16d54e4890_0;
    %load/vec4 v0x5e16d54e4680_0;
    %muli 8, 0, 32;
    %part/s 8;
    %cmpi/e 32, 0, 8;
    %flag_get/vec4 4;
    %jmp/1 T_30.324, 4;
    %load/vec4 v0x5e16d54e4890_0;
    %load/vec4 v0x5e16d54e4680_0;
    %muli 8, 0, 32;
    %part/s 8;
    %pushi/vec4 9, 0, 8;
    %cmp/e;
    %flag_get/vec4 4;
    %or;
T_30.324;
    %and;
T_30.323;
    %flag_set/vec4 8;
    %jmp/0xz T_30.322, 8;
    %load/vec4 v0x5e16d54e4590_0;
    %cmpi/e 0, 0, 32;
    %flag_mov 8, 4;
    %jmp/0 T_30.325, 8;
    %load/vec4 v0x5e16d54e4680_0;
    %addi 1, 0, 32;
    %jmp/1 T_30.326, 8;
T_30.325 ; End of true expr.
    %load/vec4 v0x5e16d54e4680_0;
    %subi 1, 0, 32;
    %jmp/0 T_30.326, 8;
 ; End of false expr.
    %blend;
T_30.326;
    %store/vec4 v0x5e16d54e4680_0, 0, 32;
    %jmp T_30.321;
T_30.322 ;
    %load/vec4 v0x5e16d54e4680_0;
    %store/vec4 v0x5e16d54e44b0_0, 0, 32;
    %load/vec4 v0x5e16d54e4590_0;
    %cmpi/e 0, 0, 32;
    %jmp/0xz  T_30.327, 4;
    %pushi/vec4 0, 0, 32;
    %store/vec4 v0x5e16d54e43b0_0, 0, 32;
T_30.329 ;
    %load/vec4 v0x5e16d54e43b0_0;
    %cmpi/s 256, 0, 32;
    %flag_get/vec4 5;
    %jmp/0 T_30.331, 5;
    %load/vec4 v0x5e16d54e4890_0;
    %load/vec4 v0x5e16d54e43b0_0;
    %muli 8, 0, 32;
    %part/s 8;
    %pushi/vec4 0, 0, 8;
    %cmp/ne;
    %flag_get/vec4 6;
    %and;
T_30.331;
    %flag_set/vec4 8;
    %jmp/0xz T_30.330, 8;
    %load/vec4 v0x5e16d54e43b0_0;
    %addi 1, 0, 32;
    %store/vec4 v0x5e16d54e43b0_0, 0, 32;
    %jmp T_30.329;
T_30.330 ;
T_30.332 ;
    %load/vec4 v0x5e16d54e4890_0;
    %load/vec4 v0x5e16d54e43b0_0;
    %muli 8, 0, 32;
    %part/s 8;
    %cmpi/e 32, 0, 8;
    %jmp/1 T_30.335, 4;
    %flag_mov 8, 4;
    %load/vec4 v0x5e16d54e4890_0;
    %load/vec4 v0x5e16d54e43b0_0;
    %muli 8, 0, 32;
    %part/s 8;
    %cmpi/e 9, 0, 8;
    %flag_or 4, 8;
T_30.335;
    %jmp/1 T_30.334, 4;
    %flag_mov 8, 4;
    %load/vec4 v0x5e16d54e4890_0;
    %load/vec4 v0x5e16d54e43b0_0;
    %muli 8, 0, 32;
    %part/s 8;
    %cmpi/e 0, 0, 8;
    %flag_or 4, 8;
T_30.334;
    %jmp/0xz T_30.333, 4;
    %load/vec4 v0x5e16d54e43b0_0;
    %subi 1, 0, 32;
    %store/vec4 v0x5e16d54e43b0_0, 0, 32;
    %jmp T_30.332;
T_30.333 ;
    %pushi/vec4 0, 0, 8;
    %load/vec4 v0x5e16d54e43b0_0;
    %addi 1, 0, 32;
    %muli 8, 0, 32;
    %ix/vec4/s 4;
    %store/vec4 v0x5e16d54e4890_0, 4, 8;
    %jmp T_30.328;
T_30.327 ;
    %pushi/vec4 0, 0, 8;
    %load/vec4 v0x5e16d54e4590_0;
    %muli 8, 0, 32;
    %ix/vec4/s 4;
    %store/vec4 v0x5e16d54e4890_0, 4, 8;
T_30.328 ;
T_30.336 ;
    %load/vec4 v0x5e16d54e44b0_0;
    %cmpi/s 0, 0, 32;
    %flag_or 5, 4; GT is !LE
    %flag_inv 5;
    %flag_get/vec4 5;
    %jmp/0 T_30.338, 5;
    %load/vec4 v0x5e16d54e4890_0;
    %load/vec4 v0x5e16d54e44b0_0;
    %muli 8, 0, 32;
    %part/s 8;
    %cmpi/e 49, 0, 8;
    %flag_get/vec4 4;
    %jmp/1 T_30.339, 4;
    %load/vec4 v0x5e16d54e4890_0;
    %load/vec4 v0x5e16d54e44b0_0;
    %muli 8, 0, 32;
    %part/s 8;
    %pushi/vec4 48, 0, 8;
    %cmp/e;
    %flag_get/vec4 4;
    %or;
T_30.339;
    %and;
T_30.338;
    %flag_set/vec4 8;
    %jmp/0xz T_30.337, 8;
    %load/vec4 v0x5e16d54e4590_0;
    %cmpi/e 0, 0, 32;
    %flag_mov 8, 4;
    %jmp/0 T_30.340, 8;
    %load/vec4 v0x5e16d54e44b0_0;
    %addi 1, 0, 32;
    %jmp/1 T_30.341, 8;
T_30.340 ; End of true expr.
    %load/vec4 v0x5e16d54e44b0_0;
    %subi 1, 0, 32;
    %jmp/0 T_30.341, 8;
 ; End of false expr.
    %blend;
T_30.341;
    %store/vec4 v0x5e16d54e44b0_0, 0, 32;
    %jmp T_30.336;
T_30.337 ;
    %load/vec4 v0x5e16d54e4890_0;
    %load/vec4 v0x5e16d54e4680_0;
    %muli 8, 0, 32;
    %part/s 8;
    %cmpi/e 49, 0, 8;
    %jmp/1 T_30.345, 4;
    %flag_mov 8, 4;
    %load/vec4 v0x5e16d54e4890_0;
    %load/vec4 v0x5e16d54e4680_0;
    %muli 8, 0, 32;
    %part/s 8;
    %cmpi/e 48, 0, 8;
    %flag_or 4, 8;
T_30.345;
    %jmp/1 T_30.344, 4;
    %flag_mov 8, 4;
    %load/vec4 v0x5e16d54e4890_0;
    %load/vec4 v0x5e16d54e4680_0;
    %muli 8, 0, 32;
    %part/s 8;
    %cmpi/e 45, 0, 8;
    %flag_or 4, 8;
T_30.344;
    %jmp/0xz  T_30.342, 4;
    %pushi/vec4 0, 0, 32;
    %store/vec4 v0x5e16d54e4760_0, 0, 32;
T_30.346 ;
    %load/vec4 v0x5e16d54e4760_0;
    %load/vec4 v0x5e16d54e4590_0;
    %cmpi/e 0, 0, 32;
    %flag_mov 8, 4;
    %jmp/0 T_30.348, 8;
    %load/vec4 v0x5e16d54e44b0_0;
    %load/vec4 v0x5e16d54e4680_0;
    %sub;
    %jmp/1 T_30.349, 8;
T_30.348 ; End of true expr.
    %load/vec4 v0x5e16d54e4680_0;
    %load/vec4 v0x5e16d54e44b0_0;
    %sub;
    %jmp/0 T_30.349, 8;
 ; End of false expr.
    %blend;
T_30.349;
    %cmp/s;
    %jmp/0xz T_30.347, 5;
    %load/vec4 v0x5e16d54e4680_0;
    %cmpi/s 0, 0, 32;
    %flag_inv 5; GE is !LT
    %jmp/0xz  T_30.350, 5;
    %load/vec4 v0x5e16d54e4590_0;
    %cmpi/e 0, 0, 32;
    %flag_mov 8, 4;
    %jmp/0 T_30.352, 8;
    %load/vec4 v0x5e16d54e4890_0;
    %load/vec4 v0x5e16d54e4680_0;
    %load/vec4 v0x5e16d54e4760_0;
    %add;
    %muli 8, 0, 32;
    %part/s 8;
    %store/vec4 v0x5e16d54e3c30_0, 0, 8;
    %callf/vec4 TD_tb_alu.num, S_0x5e16d54e3a50;
    %jmp/1 T_30.353, 8;
T_30.352 ; End of true expr.
    %load/vec4 v0x5e16d54e4890_0;
    %load/vec4 v0x5e16d54e4680_0;
    %load/vec4 v0x5e16d54e4760_0;
    %sub;
    %muli 8, 0, 32;
    %part/s 8;
    %store/vec4 v0x5e16d54e3c30_0, 0, 8;
    %callf/vec4 TD_tb_alu.num, S_0x5e16d54e3a50;
    %jmp/0 T_30.353, 8;
 ; End of false expr.
    %blend;
T_30.353;
    %ix/getv/s 4, v0x5e16d54e4760_0;
    %store/vec4 v0x5e16d54e5bd0_0, 4, 1;
T_30.350 ;
    ; show_stmt_assign_vector: Get l-value for compressed += operand
    %load/vec4 v0x5e16d54e4760_0;
    %pushi/vec4 1, 0, 32;
    %add;
    %store/vec4 v0x5e16d54e4760_0, 0, 32;
    %jmp T_30.346;
T_30.347 ;
T_30.342 ;
    %load/vec4 v0x5e16d54e44b0_0;
    %store/vec4 v0x5e16d54e4680_0, 0, 32;
T_30.354 ;
    %load/vec4 v0x5e16d54e4680_0;
    %cmpi/s 0, 0, 32;
    %flag_or 5, 4; GT is !LE
    %flag_inv 5;
    %flag_get/vec4 5;
    %jmp/0 T_30.356, 5;
    %load/vec4 v0x5e16d54e4890_0;
    %load/vec4 v0x5e16d54e4680_0;
    %muli 8, 0, 32;
    %part/s 8;
    %cmpi/e 32, 0, 8;
    %flag_get/vec4 4;
    %jmp/1 T_30.357, 4;
    %load/vec4 v0x5e16d54e4890_0;
    %load/vec4 v0x5e16d54e4680_0;
    %muli 8, 0, 32;
    %part/s 8;
    %pushi/vec4 9, 0, 8;
    %cmp/e;
    %flag_get/vec4 4;
    %or;
T_30.357;
    %and;
T_30.356;
    %flag_set/vec4 8;
    %jmp/0xz T_30.355, 8;
    %load/vec4 v0x5e16d54e4590_0;
    %cmpi/e 0, 0, 32;
    %flag_mov 8, 4;
    %jmp/0 T_30.358, 8;
    %load/vec4 v0x5e16d54e4680_0;
    %addi 1, 0, 32;
    %jmp/1 T_30.359, 8;
T_30.358 ; End of true expr.
    %load/vec4 v0x5e16d54e4680_0;
    %subi 1, 0, 32;
    %jmp/0 T_30.359, 8;
 ; End of false expr.
    %blend;
T_30.359;
    %store/vec4 v0x5e16d54e4680_0, 0, 32;
    %jmp T_30.354;
T_30.355 ;
    %load/vec4 v0x5e16d54e4680_0;
    %store/vec4 v0x5e16d54e44b0_0, 0, 32;
T_30.360 ;
    %load/vec4 v0x5e16d54e44b0_0;
    %cmpi/s 0, 0, 32;
    %flag_or 5, 4; GT is !LE
    %flag_inv 5;
    %flag_get/vec4 5;
    %jmp/0 T_30.362, 5;
    %load/vec4 v0x5e16d54e4890_0;
    %load/vec4 v0x5e16d54e44b0_0;
    %muli 8, 0, 32;
    %part/s 8;
    %cmpi/e 49, 0, 8;
    %flag_get/vec4 4;
    %jmp/1 T_30.363, 4;
    %load/vec4 v0x5e16d54e4890_0;
    %load/vec4 v0x5e16d54e44b0_0;
    %muli 8, 0, 32;
    %part/s 8;
    %pushi/vec4 48, 0, 8;
    %cmp/e;
    %flag_get/vec4 4;
    %or;
T_30.363;
    %and;
T_30.362;
    %flag_set/vec4 8;
    %jmp/0xz T_30.361, 8;
    %load/vec4 v0x5e16d54e4590_0;
    %cmpi/e 0, 0, 32;
    %flag_mov 8, 4;
    %jmp/0 T_30.364, 8;
    %load/vec4 v0x5e16d54e44b0_0;
    %addi 1, 0, 32;
    %jmp/1 T_30.365, 8;
T_30.364 ; End of true expr.
    %load/vec4 v0x5e16d54e44b0_0;
    %subi 1, 0, 32;
    %jmp/0 T_30.365, 8;
 ; End of false expr.
    %blend;
T_30.365;
    %store/vec4 v0x5e16d54e44b0_0, 0, 32;
    %jmp T_30.360;
T_30.361 ;
    %load/vec4 v0x5e16d54e4890_0;
    %load/vec4 v0x5e16d54e4680_0;
    %muli 8, 0, 32;
    %part/s 8;
    %cmpi/e 49, 0, 8;
    %jmp/1 T_30.369, 4;
    %flag_mov 8, 4;
    %load/vec4 v0x5e16d54e4890_0;
    %load/vec4 v0x5e16d54e4680_0;
    %muli 8, 0, 32;
    %part/s 8;
    %cmpi/e 48, 0, 8;
    %flag_or 4, 8;
T_30.369;
    %jmp/1 T_30.368, 4;
    %flag_mov 8, 4;
    %load/vec4 v0x5e16d54e4890_0;
    %load/vec4 v0x5e16d54e4680_0;
    %muli 8, 0, 32;
    %part/s 8;
    %cmpi/e 45, 0, 8;
    %flag_or 4, 8;
T_30.368;
    %jmp/0xz  T_30.366, 4;
    %pushi/vec4 0, 0, 32;
    %store/vec4 v0x5e16d54e4760_0, 0, 32;
T_30.370 ;
    %load/vec4 v0x5e16d54e4760_0;
    %load/vec4 v0x5e16d54e4590_0;
    %cmpi/e 0, 0, 32;
    %flag_mov 8, 4;
    %jmp/0 T_30.372, 8;
    %load/vec4 v0x5e16d54e44b0_0;
    %load/vec4 v0x5e16d54e4680_0;
    %sub;
    %jmp/1 T_30.373, 8;
T_30.372 ; End of true expr.
    %load/vec4 v0x5e16d54e4680_0;
    %load/vec4 v0x5e16d54e44b0_0;
    %sub;
    %jmp/0 T_30.373, 8;
 ; End of false expr.
    %blend;
T_30.373;
    %cmp/s;
    %jmp/0xz T_30.371, 5;
    %load/vec4 v0x5e16d54e4680_0;
    %cmpi/s 0, 0, 32;
    %flag_inv 5; GE is !LT
    %jmp/0xz  T_30.374, 5;
    %load/vec4 v0x5e16d54e4590_0;
    %cmpi/e 0, 0, 32;
    %flag_mov 8, 4;
    %jmp/0 T_30.376, 8;
    %load/vec4 v0x5e16d54e4890_0;
    %load/vec4 v0x5e16d54e4680_0;
    %load/vec4 v0x5e16d54e4760_0;
    %add;
    %muli 8, 0, 32;
    %part/s 8;
    %store/vec4 v0x5e16d54e3c30_0, 0, 8;
    %callf/vec4 TD_tb_alu.num, S_0x5e16d54e3a50;
    %jmp/1 T_30.377, 8;
T_30.376 ; End of true expr.
    %load/vec4 v0x5e16d54e4890_0;
    %load/vec4 v0x5e16d54e4680_0;
    %load/vec4 v0x5e16d54e4760_0;
    %sub;
    %muli 8, 0, 32;
    %part/s 8;
    %store/vec4 v0x5e16d54e3c30_0, 0, 8;
    %callf/vec4 TD_tb_alu.num, S_0x5e16d54e3a50;
    %jmp/0 T_30.377, 8;
 ; End of false expr.
    %blend;
T_30.377;
    %ix/getv/s 4, v0x5e16d54e4760_0;
    %store/vec4 v0x5e16d54e5430_0, 4, 1;
T_30.374 ;
    ; show_stmt_assign_vector: Get l-value for compressed += operand
    %load/vec4 v0x5e16d54e4760_0;
    %pushi/vec4 1, 0, 32;
    %add;
    %store/vec4 v0x5e16d54e4760_0, 0, 32;
    %jmp T_30.370;
T_30.371 ;
T_30.366 ;
    %load/vec4 v0x5e16d54e44b0_0;
    %store/vec4 v0x5e16d54e4680_0, 0, 32;
T_30.378 ;
    %load/vec4 v0x5e16d54e4680_0;
    %cmpi/s 0, 0, 32;
    %flag_or 5, 4; GT is !LE
    %flag_inv 5;
    %flag_get/vec4 5;
    %jmp/0 T_30.380, 5;
    %load/vec4 v0x5e16d54e4890_0;
    %load/vec4 v0x5e16d54e4680_0;
    %muli 8, 0, 32;
    %part/s 8;
    %cmpi/e 32, 0, 8;
    %flag_get/vec4 4;
    %jmp/1 T_30.381, 4;
    %load/vec4 v0x5e16d54e4890_0;
    %load/vec4 v0x5e16d54e4680_0;
    %muli 8, 0, 32;
    %part/s 8;
    %pushi/vec4 9, 0, 8;
    %cmp/e;
    %flag_get/vec4 4;
    %or;
T_30.381;
    %and;
T_30.380;
    %flag_set/vec4 8;
    %jmp/0xz T_30.379, 8;
    %load/vec4 v0x5e16d54e4590_0;
    %cmpi/e 0, 0, 32;
    %flag_mov 8, 4;
    %jmp/0 T_30.382, 8;
    %load/vec4 v0x5e16d54e4680_0;
    %addi 1, 0, 32;
    %jmp/1 T_30.383, 8;
T_30.382 ; End of true expr.
    %load/vec4 v0x5e16d54e4680_0;
    %subi 1, 0, 32;
    %jmp/0 T_30.383, 8;
 ; End of false expr.
    %blend;
T_30.383;
    %store/vec4 v0x5e16d54e4680_0, 0, 32;
    %jmp T_30.378;
T_30.379 ;
    %load/vec4 v0x5e16d54e4680_0;
    %store/vec4 v0x5e16d54e44b0_0, 0, 32;
T_30.384 ;
    %load/vec4 v0x5e16d54e44b0_0;
    %cmpi/s 0, 0, 32;
    %flag_or 5, 4; GT is !LE
    %flag_inv 5;
    %flag_get/vec4 5;
    %jmp/0 T_30.386, 5;
    %load/vec4 v0x5e16d54e4890_0;
    %load/vec4 v0x5e16d54e44b0_0;
    %muli 8, 0, 32;
    %part/s 8;
    %cmpi/e 49, 0, 8;
    %flag_get/vec4 4;
    %jmp/1 T_30.387, 4;
    %load/vec4 v0x5e16d54e4890_0;
    %load/vec4 v0x5e16d54e44b0_0;
    %muli 8, 0, 32;
    %part/s 8;
    %pushi/vec4 48, 0, 8;
    %cmp/e;
    %flag_get/vec4 4;
    %or;
T_30.387;
    %and;
T_30.386;
    %flag_set/vec4 8;
    %jmp/0xz T_30.385, 8;
    %load/vec4 v0x5e16d54e4590_0;
    %cmpi/e 0, 0, 32;
    %flag_mov 8, 4;
    %jmp/0 T_30.388, 8;
    %load/vec4 v0x5e16d54e44b0_0;
    %addi 1, 0, 32;
    %jmp/1 T_30.389, 8;
T_30.388 ; End of true expr.
    %load/vec4 v0x5e16d54e44b0_0;
    %subi 1, 0, 32;
    %jmp/0 T_30.389, 8;
 ; End of false expr.
    %blend;
T_30.389;
    %store/vec4 v0x5e16d54e44b0_0, 0, 32;
    %jmp T_30.384;
T_30.385 ;
    %load/vec4 v0x5e16d54e4890_0;
    %load/vec4 v0x5e16d54e4680_0;
    %muli 8, 0, 32;
    %part/s 8;
    %cmpi/e 49, 0, 8;
    %jmp/1 T_30.393, 4;
    %flag_mov 8, 4;
    %load/vec4 v0x5e16d54e4890_0;
    %load/vec4 v0x5e16d54e4680_0;
    %muli 8, 0, 32;
    %part/s 8;
    %cmpi/e 48, 0, 8;
    %flag_or 4, 8;
T_30.393;
    %jmp/1 T_30.392, 4;
    %flag_mov 8, 4;
    %load/vec4 v0x5e16d54e4890_0;
    %load/vec4 v0x5e16d54e4680_0;
    %muli 8, 0, 32;
    %part/s 8;
    %cmpi/e 45, 0, 8;
    %flag_or 4, 8;
T_30.392;
    %jmp/0xz  T_30.390, 4;
    %pushi/vec4 0, 0, 32;
    %store/vec4 v0x5e16d54e4760_0, 0, 32;
T_30.394 ;
    %load/vec4 v0x5e16d54e4760_0;
    %load/vec4 v0x5e16d54e4590_0;
    %cmpi/e 0, 0, 32;
    %flag_mov 8, 4;
    %jmp/0 T_30.396, 8;
    %load/vec4 v0x5e16d54e44b0_0;
    %load/vec4 v0x5e16d54e4680_0;
    %sub;
    %jmp/1 T_30.397, 8;
T_30.396 ; End of true expr.
    %load/vec4 v0x5e16d54e4680_0;
    %load/vec4 v0x5e16d54e44b0_0;
    %sub;
    %jmp/0 T_30.397, 8;
 ; End of false expr.
    %blend;
T_30.397;
    %cmp/s;
    %jmp/0xz T_30.395, 5;
    %load/vec4 v0x5e16d54e4680_0;
    %cmpi/s 0, 0, 32;
    %flag_inv 5; GE is !LT
    %jmp/0xz  T_30.398, 5;
    %load/vec4 v0x5e16d54e4590_0;
    %cmpi/e 0, 0, 32;
    %flag_mov 8, 4;
    %jmp/0 T_30.400, 8;
    %load/vec4 v0x5e16d54e4890_0;
    %load/vec4 v0x5e16d54e4680_0;
    %load/vec4 v0x5e16d54e4760_0;
    %add;
    %muli 8, 0, 32;
    %part/s 8;
    %store/vec4 v0x5e16d54e3c30_0, 0, 8;
    %callf/vec4 TD_tb_alu.num, S_0x5e16d54e3a50;
    %jmp/1 T_30.401, 8;
T_30.400 ; End of true expr.
    %load/vec4 v0x5e16d54e4890_0;
    %load/vec4 v0x5e16d54e4680_0;
    %load/vec4 v0x5e16d54e4760_0;
    %sub;
    %muli 8, 0, 32;
    %part/s 8;
    %store/vec4 v0x5e16d54e3c30_0, 0, 8;
    %callf/vec4 TD_tb_alu.num, S_0x5e16d54e3a50;
    %jmp/0 T_30.401, 8;
 ; End of false expr.
    %blend;
T_30.401;
    %ix/getv/s 4, v0x5e16d54e4760_0;
    %store/vec4 v0x5e16d54e51a0_0, 4, 1;
T_30.398 ;
    ; show_stmt_assign_vector: Get l-value for compressed += operand
    %load/vec4 v0x5e16d54e4760_0;
    %pushi/vec4 1, 0, 32;
    %add;
    %store/vec4 v0x5e16d54e4760_0, 0, 32;
    %jmp T_30.394;
T_30.395 ;
T_30.390 ;
    %load/vec4 v0x5e16d54e44b0_0;
    %store/vec4 v0x5e16d54e4680_0, 0, 32;
T_30.402 ;
    %load/vec4 v0x5e16d54e4680_0;
    %cmpi/s 0, 0, 32;
    %flag_or 5, 4; GT is !LE
    %flag_inv 5;
    %flag_get/vec4 5;
    %jmp/0 T_30.404, 5;
    %load/vec4 v0x5e16d54e4890_0;
    %load/vec4 v0x5e16d54e4680_0;
    %muli 8, 0, 32;
    %part/s 8;
    %cmpi/e 32, 0, 8;
    %flag_get/vec4 4;
    %jmp/1 T_30.405, 4;
    %load/vec4 v0x5e16d54e4890_0;
    %load/vec4 v0x5e16d54e4680_0;
    %muli 8, 0, 32;
    %part/s 8;
    %pushi/vec4 9, 0, 8;
    %cmp/e;
    %flag_get/vec4 4;
    %or;
T_30.405;
    %and;
T_30.404;
    %flag_set/vec4 8;
    %jmp/0xz T_30.403, 8;
    %load/vec4 v0x5e16d54e4590_0;
    %cmpi/e 0, 0, 32;
    %flag_mov 8, 4;
    %jmp/0 T_30.406, 8;
    %load/vec4 v0x5e16d54e4680_0;
    %addi 1, 0, 32;
    %jmp/1 T_30.407, 8;
T_30.406 ; End of true expr.
    %load/vec4 v0x5e16d54e4680_0;
    %subi 1, 0, 32;
    %jmp/0 T_30.407, 8;
 ; End of false expr.
    %blend;
T_30.407;
    %store/vec4 v0x5e16d54e4680_0, 0, 32;
    %jmp T_30.402;
T_30.403 ;
    %load/vec4 v0x5e16d54e4680_0;
    %store/vec4 v0x5e16d54e44b0_0, 0, 32;
T_30.408 ;
    %load/vec4 v0x5e16d54e44b0_0;
    %cmpi/s 0, 0, 32;
    %flag_or 5, 4; GT is !LE
    %flag_inv 5;
    %flag_get/vec4 5;
    %jmp/0 T_30.410, 5;
    %load/vec4 v0x5e16d54e4890_0;
    %load/vec4 v0x5e16d54e44b0_0;
    %muli 8, 0, 32;
    %part/s 8;
    %cmpi/e 49, 0, 8;
    %flag_get/vec4 4;
    %jmp/1 T_30.411, 4;
    %load/vec4 v0x5e16d54e4890_0;
    %load/vec4 v0x5e16d54e44b0_0;
    %muli 8, 0, 32;
    %part/s 8;
    %pushi/vec4 48, 0, 8;
    %cmp/e;
    %flag_get/vec4 4;
    %or;
T_30.411;
    %and;
T_30.410;
    %flag_set/vec4 8;
    %jmp/0xz T_30.409, 8;
    %load/vec4 v0x5e16d54e4590_0;
    %cmpi/e 0, 0, 32;
    %flag_mov 8, 4;
    %jmp/0 T_30.412, 8;
    %load/vec4 v0x5e16d54e44b0_0;
    %addi 1, 0, 32;
    %jmp/1 T_30.413, 8;
T_30.412 ; End of true expr.
    %load/vec4 v0x5e16d54e44b0_0;
    %subi 1, 0, 32;
    %jmp/0 T_30.413, 8;
 ; End of false expr.
    %blend;
T_30.413;
    %store/vec4 v0x5e16d54e44b0_0, 0, 32;
    %jmp T_30.408;
T_30.409 ;
    %load/vec4 v0x5e16d54e4890_0;
    %load/vec4 v0x5e16d54e4680_0;
    %muli 8, 0, 32;
    %part/s 8;
    %cmpi/e 49, 0, 8;
    %jmp/1 T_30.417, 4;
    %flag_mov 8, 4;
    %load/vec4 v0x5e16d54e4890_0;
    %load/vec4 v0x5e16d54e4680_0;
    %muli 8, 0, 32;
    %part/s 8;
    %cmpi/e 48, 0, 8;
    %flag_or 4, 8;
T_30.417;
    %jmp/1 T_30.416, 4;
    %flag_mov 8, 4;
    %load/vec4 v0x5e16d54e4890_0;
    %load/vec4 v0x5e16d54e4680_0;
    %muli 8, 0, 32;
    %part/s 8;
    %cmpi/e 45, 0, 8;
    %flag_or 4, 8;
T_30.416;
    %jmp/0xz  T_30.414, 4;
    %pushi/vec4 0, 0, 32;
    %store/vec4 v0x5e16d54e4760_0, 0, 32;
T_30.418 ;
    %load/vec4 v0x5e16d54e4760_0;
    %load/vec4 v0x5e16d54e4590_0;
    %cmpi/e 0, 0, 32;
    %flag_mov 8, 4;
    %jmp/0 T_30.420, 8;
    %load/vec4 v0x5e16d54e44b0_0;
    %load/vec4 v0x5e16d54e4680_0;
    %sub;
    %jmp/1 T_30.421, 8;
T_30.420 ; End of true expr.
    %load/vec4 v0x5e16d54e4680_0;
    %load/vec4 v0x5e16d54e44b0_0;
    %sub;
    %jmp/0 T_30.421, 8;
 ; End of false expr.
    %blend;
T_30.421;
    %cmp/s;
    %jmp/0xz T_30.419, 5;
    %load/vec4 v0x5e16d54e4680_0;
    %cmpi/s 0, 0, 32;
    %flag_inv 5; GE is !LT
    %jmp/0xz  T_30.422, 5;
    %load/vec4 v0x5e16d54e4590_0;
    %cmpi/e 0, 0, 32;
    %flag_mov 8, 4;
    %jmp/0 T_30.424, 8;
    %load/vec4 v0x5e16d54e4890_0;
    %load/vec4 v0x5e16d54e4680_0;
    %load/vec4 v0x5e16d54e4760_0;
    %add;
    %muli 8, 0, 32;
    %part/s 8;
    %store/vec4 v0x5e16d54e3c30_0, 0, 8;
    %callf/vec4 TD_tb_alu.num, S_0x5e16d54e3a50;
    %jmp/1 T_30.425, 8;
T_30.424 ; End of true expr.
    %load/vec4 v0x5e16d54e4890_0;
    %load/vec4 v0x5e16d54e4680_0;
    %load/vec4 v0x5e16d54e4760_0;
    %sub;
    %muli 8, 0, 32;
    %part/s 8;
    %store/vec4 v0x5e16d54e3c30_0, 0, 8;
    %callf/vec4 TD_tb_alu.num, S_0x5e16d54e3a50;
    %jmp/0 T_30.425, 8;
 ; End of false expr.
    %blend;
T_30.425;
    %ix/getv/s 4, v0x5e16d54e4760_0;
    %store/vec4 v0x5e16d54e5d50_0, 4, 1;
T_30.422 ;
    ; show_stmt_assign_vector: Get l-value for compressed += operand
    %load/vec4 v0x5e16d54e4760_0;
    %pushi/vec4 1, 0, 32;
    %add;
    %store/vec4 v0x5e16d54e4760_0, 0, 32;
    %jmp T_30.418;
T_30.419 ;
T_30.414 ;
    %load/vec4 v0x5e16d54e44b0_0;
    %store/vec4 v0x5e16d54e4680_0, 0, 32;
T_30.426 ;
    %load/vec4 v0x5e16d54e4680_0;
    %cmpi/s 0, 0, 32;
    %flag_or 5, 4; GT is !LE
    %flag_inv 5;
    %flag_get/vec4 5;
    %jmp/0 T_30.428, 5;
    %load/vec4 v0x5e16d54e4890_0;
    %load/vec4 v0x5e16d54e4680_0;
    %muli 8, 0, 32;
    %part/s 8;
    %cmpi/e 32, 0, 8;
    %flag_get/vec4 4;
    %jmp/1 T_30.429, 4;
    %load/vec4 v0x5e16d54e4890_0;
    %load/vec4 v0x5e16d54e4680_0;
    %muli 8, 0, 32;
    %part/s 8;
    %pushi/vec4 9, 0, 8;
    %cmp/e;
    %flag_get/vec4 4;
    %or;
T_30.429;
    %and;
T_30.428;
    %flag_set/vec4 8;
    %jmp/0xz T_30.427, 8;
    %load/vec4 v0x5e16d54e4590_0;
    %cmpi/e 0, 0, 32;
    %flag_mov 8, 4;
    %jmp/0 T_30.430, 8;
    %load/vec4 v0x5e16d54e4680_0;
    %addi 1, 0, 32;
    %jmp/1 T_30.431, 8;
T_30.430 ; End of true expr.
    %load/vec4 v0x5e16d54e4680_0;
    %subi 1, 0, 32;
    %jmp/0 T_30.431, 8;
 ; End of false expr.
    %blend;
T_30.431;
    %store/vec4 v0x5e16d54e4680_0, 0, 32;
    %jmp T_30.426;
T_30.427 ;
    %load/vec4 v0x5e16d54e4680_0;
    %store/vec4 v0x5e16d54e44b0_0, 0, 32;
T_30.432 ;
    %load/vec4 v0x5e16d54e44b0_0;
    %cmpi/s 0, 0, 32;
    %flag_or 5, 4; GT is !LE
    %flag_inv 5;
    %flag_get/vec4 5;
    %jmp/0 T_30.434, 5;
    %load/vec4 v0x5e16d54e4890_0;
    %load/vec4 v0x5e16d54e44b0_0;
    %muli 8, 0, 32;
    %part/s 8;
    %cmpi/e 49, 0, 8;
    %flag_get/vec4 4;
    %jmp/1 T_30.435, 4;
    %load/vec4 v0x5e16d54e4890_0;
    %load/vec4 v0x5e16d54e44b0_0;
    %muli 8, 0, 32;
    %part/s 8;
    %pushi/vec4 48, 0, 8;
    %cmp/e;
    %flag_get/vec4 4;
    %or;
T_30.435;
    %and;
T_30.434;
    %flag_set/vec4 8;
    %jmp/0xz T_30.433, 8;
    %load/vec4 v0x5e16d54e4590_0;
    %cmpi/e 0, 0, 32;
    %flag_mov 8, 4;
    %jmp/0 T_30.436, 8;
    %load/vec4 v0x5e16d54e44b0_0;
    %addi 1, 0, 32;
    %jmp/1 T_30.437, 8;
T_30.436 ; End of true expr.
    %load/vec4 v0x5e16d54e44b0_0;
    %subi 1, 0, 32;
    %jmp/0 T_30.437, 8;
 ; End of false expr.
    %blend;
T_30.437;
    %store/vec4 v0x5e16d54e44b0_0, 0, 32;
    %jmp T_30.432;
T_30.433 ;
    %load/vec4 v0x5e16d54e4890_0;
    %load/vec4 v0x5e16d54e4680_0;
    %muli 8, 0, 32;
    %part/s 8;
    %cmpi/e 49, 0, 8;
    %jmp/1 T_30.441, 4;
    %flag_mov 8, 4;
    %load/vec4 v0x5e16d54e4890_0;
    %load/vec4 v0x5e16d54e4680_0;
    %muli 8, 0, 32;
    %part/s 8;
    %cmpi/e 48, 0, 8;
    %flag_or 4, 8;
T_30.441;
    %jmp/1 T_30.440, 4;
    %flag_mov 8, 4;
    %load/vec4 v0x5e16d54e4890_0;
    %load/vec4 v0x5e16d54e4680_0;
    %muli 8, 0, 32;
    %part/s 8;
    %cmpi/e 45, 0, 8;
    %flag_or 4, 8;
T_30.440;
    %jmp/0xz  T_30.438, 4;
    %pushi/vec4 0, 0, 32;
    %store/vec4 v0x5e16d54e4760_0, 0, 32;
T_30.442 ;
    %load/vec4 v0x5e16d54e4760_0;
    %load/vec4 v0x5e16d54e4590_0;
    %cmpi/e 0, 0, 32;
    %flag_mov 8, 4;
    %jmp/0 T_30.444, 8;
    %load/vec4 v0x5e16d54e44b0_0;
    %load/vec4 v0x5e16d54e4680_0;
    %sub;
    %jmp/1 T_30.445, 8;
T_30.444 ; End of true expr.
    %load/vec4 v0x5e16d54e4680_0;
    %load/vec4 v0x5e16d54e44b0_0;
    %sub;
    %jmp/0 T_30.445, 8;
 ; End of false expr.
    %blend;
T_30.445;
    %cmp/s;
    %jmp/0xz T_30.443, 5;
    %load/vec4 v0x5e16d54e4680_0;
    %cmpi/s 0, 0, 32;
    %flag_inv 5; GE is !LT
    %jmp/0xz  T_30.446, 5;
    %load/vec4 v0x5e16d54e4590_0;
    %cmpi/e 0, 0, 32;
    %flag_mov 8, 4;
    %jmp/0 T_30.448, 8;
    %load/vec4 v0x5e16d54e4890_0;
    %load/vec4 v0x5e16d54e4680_0;
    %load/vec4 v0x5e16d54e4760_0;
    %add;
    %muli 8, 0, 32;
    %part/s 8;
    %store/vec4 v0x5e16d54e3c30_0, 0, 8;
    %callf/vec4 TD_tb_alu.num, S_0x5e16d54e3a50;
    %jmp/1 T_30.449, 8;
T_30.448 ; End of true expr.
    %load/vec4 v0x5e16d54e4890_0;
    %load/vec4 v0x5e16d54e4680_0;
    %load/vec4 v0x5e16d54e4760_0;
    %sub;
    %muli 8, 0, 32;
    %part/s 8;
    %store/vec4 v0x5e16d54e3c30_0, 0, 8;
    %callf/vec4 TD_tb_alu.num, S_0x5e16d54e3a50;
    %jmp/0 T_30.449, 8;
 ; End of false expr.
    %blend;
T_30.449;
    %store/vec4 v0x5e16d54e56e0_0, 0, 1;
T_30.446 ;
    ; show_stmt_assign_vector: Get l-value for compressed += operand
    %load/vec4 v0x5e16d54e4760_0;
    %pushi/vec4 1, 0, 32;
    %add;
    %store/vec4 v0x5e16d54e4760_0, 0, 32;
    %jmp T_30.442;
T_30.443 ;
T_30.438 ;
    %load/vec4 v0x5e16d54e44b0_0;
    %store/vec4 v0x5e16d54e4680_0, 0, 32;
T_30.450 ;
    %load/vec4 v0x5e16d54e4680_0;
    %cmpi/s 0, 0, 32;
    %flag_or 5, 4; GT is !LE
    %flag_inv 5;
    %flag_get/vec4 5;
    %jmp/0 T_30.452, 5;
    %load/vec4 v0x5e16d54e4890_0;
    %load/vec4 v0x5e16d54e4680_0;
    %muli 8, 0, 32;
    %part/s 8;
    %cmpi/e 32, 0, 8;
    %flag_get/vec4 4;
    %jmp/1 T_30.453, 4;
    %load/vec4 v0x5e16d54e4890_0;
    %load/vec4 v0x5e16d54e4680_0;
    %muli 8, 0, 32;
    %part/s 8;
    %pushi/vec4 9, 0, 8;
    %cmp/e;
    %flag_get/vec4 4;
    %or;
T_30.453;
    %and;
T_30.452;
    %flag_set/vec4 8;
    %jmp/0xz T_30.451, 8;
    %load/vec4 v0x5e16d54e4590_0;
    %cmpi/e 0, 0, 32;
    %flag_mov 8, 4;
    %jmp/0 T_30.454, 8;
    %load/vec4 v0x5e16d54e4680_0;
    %addi 1, 0, 32;
    %jmp/1 T_30.455, 8;
T_30.454 ; End of true expr.
    %load/vec4 v0x5e16d54e4680_0;
    %subi 1, 0, 32;
    %jmp/0 T_30.455, 8;
 ; End of false expr.
    %blend;
T_30.455;
    %store/vec4 v0x5e16d54e4680_0, 0, 32;
    %jmp T_30.450;
T_30.451 ;
    %load/vec4 v0x5e16d54e4680_0;
    %store/vec4 v0x5e16d54e44b0_0, 0, 32;
T_30.456 ;
    %load/vec4 v0x5e16d54e44b0_0;
    %cmpi/s 0, 0, 32;
    %flag_or 5, 4; GT is !LE
    %flag_inv 5;
    %flag_get/vec4 5;
    %jmp/0 T_30.458, 5;
    %load/vec4 v0x5e16d54e4890_0;
    %load/vec4 v0x5e16d54e44b0_0;
    %muli 8, 0, 32;
    %part/s 8;
    %cmpi/e 49, 0, 8;
    %flag_get/vec4 4;
    %jmp/1 T_30.459, 4;
    %load/vec4 v0x5e16d54e4890_0;
    %load/vec4 v0x5e16d54e44b0_0;
    %muli 8, 0, 32;
    %part/s 8;
    %pushi/vec4 48, 0, 8;
    %cmp/e;
    %flag_get/vec4 4;
    %or;
T_30.459;
    %and;
T_30.458;
    %flag_set/vec4 8;
    %jmp/0xz T_30.457, 8;
    %load/vec4 v0x5e16d54e4590_0;
    %cmpi/e 0, 0, 32;
    %flag_mov 8, 4;
    %jmp/0 T_30.460, 8;
    %load/vec4 v0x5e16d54e44b0_0;
    %addi 1, 0, 32;
    %jmp/1 T_30.461, 8;
T_30.460 ; End of true expr.
    %load/vec4 v0x5e16d54e44b0_0;
    %subi 1, 0, 32;
    %jmp/0 T_30.461, 8;
 ; End of false expr.
    %blend;
T_30.461;
    %store/vec4 v0x5e16d54e44b0_0, 0, 32;
    %jmp T_30.456;
T_30.457 ;
    %load/vec4 v0x5e16d54e4890_0;
    %load/vec4 v0x5e16d54e4680_0;
    %muli 8, 0, 32;
    %part/s 8;
    %cmpi/e 49, 0, 8;
    %jmp/1 T_30.465, 4;
    %flag_mov 8, 4;
    %load/vec4 v0x5e16d54e4890_0;
    %load/vec4 v0x5e16d54e4680_0;
    %muli 8, 0, 32;
    %part/s 8;
    %cmpi/e 48, 0, 8;
    %flag_or 4, 8;
T_30.465;
    %jmp/1 T_30.464, 4;
    %flag_mov 8, 4;
    %load/vec4 v0x5e16d54e4890_0;
    %load/vec4 v0x5e16d54e4680_0;
    %muli 8, 0, 32;
    %part/s 8;
    %cmpi/e 45, 0, 8;
    %flag_or 4, 8;
T_30.464;
    %jmp/0xz  T_30.462, 4;
    %pushi/vec4 0, 0, 32;
    %store/vec4 v0x5e16d54e4760_0, 0, 32;
T_30.466 ;
    %load/vec4 v0x5e16d54e4760_0;
    %load/vec4 v0x5e16d54e4590_0;
    %cmpi/e 0, 0, 32;
    %flag_mov 8, 4;
    %jmp/0 T_30.468, 8;
    %load/vec4 v0x5e16d54e44b0_0;
    %load/vec4 v0x5e16d54e4680_0;
    %sub;
    %jmp/1 T_30.469, 8;
T_30.468 ; End of true expr.
    %load/vec4 v0x5e16d54e4680_0;
    %load/vec4 v0x5e16d54e44b0_0;
    %sub;
    %jmp/0 T_30.469, 8;
 ; End of false expr.
    %blend;
T_30.469;
    %cmp/s;
    %jmp/0xz T_30.467, 5;
    %load/vec4 v0x5e16d54e4680_0;
    %cmpi/s 0, 0, 32;
    %flag_inv 5; GE is !LT
    %jmp/0xz  T_30.470, 5;
    %load/vec4 v0x5e16d54e4590_0;
    %cmpi/e 0, 0, 32;
    %flag_mov 8, 4;
    %jmp/0 T_30.472, 8;
    %load/vec4 v0x5e16d54e4890_0;
    %load/vec4 v0x5e16d54e4680_0;
    %load/vec4 v0x5e16d54e4760_0;
    %add;
    %muli 8, 0, 32;
    %part/s 8;
    %store/vec4 v0x5e16d54e3c30_0, 0, 8;
    %callf/vec4 TD_tb_alu.num, S_0x5e16d54e3a50;
    %jmp/1 T_30.473, 8;
T_30.472 ; End of true expr.
    %load/vec4 v0x5e16d54e4890_0;
    %load/vec4 v0x5e16d54e4680_0;
    %load/vec4 v0x5e16d54e4760_0;
    %sub;
    %muli 8, 0, 32;
    %part/s 8;
    %store/vec4 v0x5e16d54e3c30_0, 0, 8;
    %callf/vec4 TD_tb_alu.num, S_0x5e16d54e3a50;
    %jmp/0 T_30.473, 8;
 ; End of false expr.
    %blend;
T_30.473;
    %store/vec4 v0x5e16d54e5cb0_0, 0, 1;
T_30.470 ;
    ; show_stmt_assign_vector: Get l-value for compressed += operand
    %load/vec4 v0x5e16d54e4760_0;
    %pushi/vec4 1, 0, 32;
    %add;
    %store/vec4 v0x5e16d54e4760_0, 0, 32;
    %jmp T_30.466;
T_30.467 ;
T_30.462 ;
    %load/vec4 v0x5e16d54e44b0_0;
    %store/vec4 v0x5e16d54e4680_0, 0, 32;
T_30.474 ;
    %load/vec4 v0x5e16d54e4680_0;
    %cmpi/s 0, 0, 32;
    %flag_or 5, 4; GT is !LE
    %flag_inv 5;
    %flag_get/vec4 5;
    %jmp/0 T_30.476, 5;
    %load/vec4 v0x5e16d54e4890_0;
    %load/vec4 v0x5e16d54e4680_0;
    %muli 8, 0, 32;
    %part/s 8;
    %cmpi/e 32, 0, 8;
    %flag_get/vec4 4;
    %jmp/1 T_30.477, 4;
    %load/vec4 v0x5e16d54e4890_0;
    %load/vec4 v0x5e16d54e4680_0;
    %muli 8, 0, 32;
    %part/s 8;
    %pushi/vec4 9, 0, 8;
    %cmp/e;
    %flag_get/vec4 4;
    %or;
T_30.477;
    %and;
T_30.476;
    %flag_set/vec4 8;
    %jmp/0xz T_30.475, 8;
    %load/vec4 v0x5e16d54e4590_0;
    %cmpi/e 0, 0, 32;
    %flag_mov 8, 4;
    %jmp/0 T_30.478, 8;
    %load/vec4 v0x5e16d54e4680_0;
    %addi 1, 0, 32;
    %jmp/1 T_30.479, 8;
T_30.478 ; End of true expr.
    %load/vec4 v0x5e16d54e4680_0;
    %subi 1, 0, 32;
    %jmp/0 T_30.479, 8;
 ; End of false expr.
    %blend;
T_30.479;
    %store/vec4 v0x5e16d54e4680_0, 0, 32;
    %jmp T_30.474;
T_30.475 ;
    %load/vec4 v0x5e16d54e4680_0;
    %store/vec4 v0x5e16d54e44b0_0, 0, 32;
    %pushi/vec4 0, 0, 32;
    %store/vec4 v0x5e16d54e4760_0, 0, 32;
T_30.480 ;
    %load/vec4 v0x5e16d54e4760_0;
    %load/vec4 v0x5e16d54e43b0_0;
    %load/vec4 v0x5e16d54e4680_0;
    %sub;
    %addi 1, 0, 32;
    %cmp/s;
    %jmp/0xz T_30.481, 5;
    %load/vec4 v0x5e16d54e4890_0;
    %load/vec4 v0x5e16d54e4680_0;
    %load/vec4 v0x5e16d54e4760_0;
    %add;
    %muli 8, 0, 32;
    %part/s 8;
    %load/vec4 v0x5e16d54e4760_0;
    %muli 8, 0, 32;
    %ix/vec4/s 4;
    %store/vec4 v0x5e16d54e54d0_0, 4, 8;
    ; show_stmt_assign_vector: Get l-value for compressed += operand
    %load/vec4 v0x5e16d54e4760_0;
    %pushi/vec4 1, 0, 32;
    %add;
    %store/vec4 v0x5e16d54e4760_0, 0, 32;
    %jmp T_30.480;
T_30.481 ;
    %end;
    .scope S_0x5e16d54e3fd0;
t_4 %join;
    %end;
S_0x5e16d54e41b0 .scope begin, "$unm_blk_15" "$unm_blk_15" 4 372, 4 372 0, S_0x5e16d54e3fd0;
 .timescale -9 -11;
v0x5e16d54e43b0_0 .var/i "a", 31 0;
v0x5e16d54e44b0_0 .var/i "c", 31 0;
v0x5e16d54e4590_0 .var/i "cut", 31 0;
v0x5e16d54e4680_0 .var/i "idx", 31 0;
v0x5e16d54e4760_0 .var/i "j", 31 0;
v0x5e16d54e4890_0 .var "line", 2047 0;
S_0x5e16d54e4970 .scope task, "vectorcount" "vectorcount" 4 811, 4 811 0, S_0x5e16d54b1e60;
 .timescale -9 -11;
TD_tb_alu.vectorcount ;
    %load/vec4 v0x5e16d54e5ed0_0;
    %addi 1, 0, 32;
    %store/vec4 v0x5e16d54e5ed0_0, 0, 32;
    %end;
S_0x5e16d54e4b50 .scope function.vec4.s1, "x_general" "x_general" 4 319, 4 319 0, S_0x5e16d54b1e60;
 .timescale -9 -11;
v0x5e16d54e4d30_0 .var "A", 3 0;
v0x5e16d54e4e30_0 .var "B", 3 0;
v0x5e16d54e4f10_0 .var "CI_BAR", 0 0;
v0x5e16d54e4fb0_0 .var "S", 3 0;
; Variable x_general is vec4 return value of scope S_0x5e16d54e4b50
TD_tb_alu.x_general ;
    %pushi/vec4 9, 0, 4;
    %store/vec4 v0x5e16d54e4fb0_0, 0, 4;
    %load/vec4 v0x5e16d54e4d30_0;
    %parti/s 1, 3, 3;
    %load/vec4 v0x5e16d54e4e30_0;
    %parti/s 1, 3, 3;
    %load/vec4 v0x5e16d54e4fb0_0;
    %store/vec4 v0x5e16d54e3370_0, 0, 4;
    %store/vec4 v0x5e16d54e32b0_0, 0, 1;
    %store/vec4 v0x5e16d54e31d0_0, 0, 1;
    %callf/vec4 TD_tb_alu.input_out1, S_0x5e16d54e2ff0;
    %flag_set/vec4 11;
    %flag_get/vec4 11;
    %jmp/0 T_32.485, 11;
    %load/vec4 v0x5e16d54e4d30_0;
    %parti/s 1, 2, 3;
    %load/vec4 v0x5e16d54e4e30_0;
    %parti/s 1, 2, 3;
    %load/vec4 v0x5e16d54e4fb0_0;
    %store/vec4 v0x5e16d54e3370_0, 0, 4;
    %store/vec4 v0x5e16d54e32b0_0, 0, 1;
    %store/vec4 v0x5e16d54e31d0_0, 0, 1;
    %callf/vec4 TD_tb_alu.input_out1, S_0x5e16d54e2ff0;
    %and;
T_32.485;
    %flag_set/vec4 10;
    %flag_get/vec4 10;
    %jmp/0 T_32.484, 10;
    %load/vec4 v0x5e16d54e4d30_0;
    %parti/s 1, 1, 2;
    %load/vec4 v0x5e16d54e4e30_0;
    %parti/s 1, 1, 2;
    %load/vec4 v0x5e16d54e4fb0_0;
    %store/vec4 v0x5e16d54e3370_0, 0, 4;
    %store/vec4 v0x5e16d54e32b0_0, 0, 1;
    %store/vec4 v0x5e16d54e31d0_0, 0, 1;
    %callf/vec4 TD_tb_alu.input_out1, S_0x5e16d54e2ff0;
    %and;
T_32.484;
    %flag_set/vec4 9;
    %flag_get/vec4 9;
    %jmp/0 T_32.483, 9;
    %load/vec4 v0x5e16d54e4d30_0;
    %parti/s 1, 0, 2;
    %load/vec4 v0x5e16d54e4e30_0;
    %parti/s 1, 0, 2;
    %load/vec4 v0x5e16d54e4fb0_0;
    %store/vec4 v0x5e16d54e3370_0, 0, 4;
    %store/vec4 v0x5e16d54e32b0_0, 0, 1;
    %store/vec4 v0x5e16d54e31d0_0, 0, 1;
    %callf/vec4 TD_tb_alu.input_out1, S_0x5e16d54e2ff0;
    %and;
T_32.483;
    %inv;
    %flag_set/vec4 8;
    %flag_get/vec4 8;
    %jmp/1 T_32.482, 8;
    %load/vec4 v0x5e16d54e4d30_0;
    %parti/s 1, 0, 2;
    %load/vec4 v0x5e16d54e4e30_0;
    %parti/s 1, 0, 2;
    %load/vec4 v0x5e16d54e4fb0_0;
    %store/vec4 v0x5e16d54e3370_0, 0, 4;
    %store/vec4 v0x5e16d54e32b0_0, 0, 1;
    %store/vec4 v0x5e16d54e31d0_0, 0, 1;
    %callf/vec4 TD_tb_alu.input_out1, S_0x5e16d54e2ff0;
    %flag_set/vec4 8;
    %flag_get/vec4 8;
    %jmp/0 T_32.486, 8;
    %load/vec4 v0x5e16d54e4f10_0;
    %inv;
    %and;
T_32.486;
    %or;
T_32.482;
    %ret/vec4 0, 0, 1;  Assign to x_general (store_vec4_to_lval)
    %end;
    .scope S_0x5e16d54d5e30;
T_33 ;
    %wait E_0x5e16d5338800;
    %load/vec4 v0x5e16d54d6440_0;
    %pad/u 32;
    %cmpi/e 0, 0, 32;
    %jmp/0xz  T_33.0, 4;
    %load/vec4 v0x5e16d54d62d0_0;
    %load/vec4 v0x5e16d54d60f0_0;
    %load/vec4 v0x5e16d54d6200_0;
    %load/vec4 v0x5e16d54d6550_0;
    %store/vec4 v0x5e16d54cfd30_0, 0, 4;
    %store/vec4 v0x5e16d54cfbb0_0, 0, 4;
    %store/vec4 v0x5e16d54cfad0_0, 0, 4;
    %store/vec4 v0x5e16d54cfc90_0, 0, 1;
    %callf/vec4 TD_$unit.co_bar_pick, S_0x5e16d54cf8d0;
    %store/vec4 v0x5e16d54d63a0_0, 0, 1;
    %load/vec4 v0x5e16d54d62d0_0;
    %load/vec4 v0x5e16d54d60f0_0;
    %load/vec4 v0x5e16d54d6200_0;
    %load/vec4 v0x5e16d54d6550_0;
    %store/vec4 v0x5e16d54d2b60_0, 0, 4;
    %store/vec4 v0x5e16d54d29e0_0, 0, 4;
    %store/vec4 v0x5e16d54d28e0_0, 0, 4;
    %store/vec4 v0x5e16d54d2ac0_0, 0, 1;
    %callf/vec4 TD_$unit.x_pick, S_0x5e16d54d2700;
    %store/vec4 v0x5e16d54d6630_0, 0, 1;
    %jmp T_33.1;
T_33.0 ;
    %pushi/vec4 1, 0, 1;
    %store/vec4 v0x5e16d54d63a0_0, 0, 1;
    %pushi/vec4 1, 0, 1;
    %store/vec4 v0x5e16d54d6630_0, 0, 1;
T_33.1 ;
    %load/vec4 v0x5e16d54d6440_0;
    %pad/u 32;
    %cmpi/e 0, 0, 32;
    %jmp/0xz  T_33.2, 4;
    %jmp T_33.3;
T_33.2 ;
    %pushi/vec4 0, 0, 1;
    %store/vec4 v0x5e16d54d6630_0, 0, 1;
T_33.3 ;
    %jmp T_33;
    .thread T_33, $push;
    .scope S_0x5e16d54b1e60;
T_34 ;
    %vpi_call/w 4 50 "$dumpfile", "tb_alu.vcd" {0 0 0};
    %vpi_call/w 4 51 "$dumpvars", 32'sb00000000000000000000000000000000, S_0x5e16d54b1e60 {0 0 0};
    %end;
    .thread T_34;
    .scope S_0x5e16d54b1e60;
T_35 ;
    %delay 1000, 0;
    %load/vec4 v0x5e16d54e5e10_0;
    %inv;
    %store/vec4 v0x5e16d54e5e10_0, 0, 1;
    %jmp T_35;
    .thread T_35;
    .scope S_0x5e16d54b1e60;
T_36 ;
    %fork TD_tb_alu.initialize, S_0x5e16d54e2b60;
    %join;
    %pushi/vec4 0, 0, 32;
    %store/vec4 v0x5e16d54e62e0_0, 0, 32;
T_36.0 ;
    %load/vec4 v0x5e16d54e62e0_0;
    %cmpi/s 2, 0, 32;
    %jmp/0xz T_36.1, 5;
    %fork TD_tb_alu.scan_file, S_0x5e16d54e3fd0;
    %join;
    ; show_stmt_assign_vector: Get l-value for compressed += operand
    %load/vec4 v0x5e16d54e62e0_0;
    %pushi/vec4 1, 0, 32;
    %add;
    %cast2;
    %store/vec4 v0x5e16d54e62e0_0, 0, 32;
    %jmp T_36.0;
T_36.1 ;
    %end;
    .thread T_36;
    .scope S_0x5e16d54b1e60;
T_37 ;
    %wait E_0x5e16d53f9750;
    %delay 120, 0;
    %load/vec4 v0x5e16d54e6220_0;
    %nor/r;
    %flag_set/vec4 8;
    %jmp/0xz  T_37.0, 8;
    %fork TD_tb_alu.scan_file, S_0x5e16d54e3fd0;
    %join;
T_37.0 ;
    %jmp T_37;
    .thread T_37;
    .scope S_0x5e16d54b1e60;
T_38 ;
    %wait E_0x5e16d53f8cd0;
    %fork TD_tb_alu.coverage_update, S_0x5e16d54d51f0;
    %join;
    %load/vec4 v0x5e16d54e51a0_0;
    %store/vec4 v0x5e16d54e6480_0, 0, 4;
    %load/vec4 v0x5e16d54e5430_0;
    %store/vec4 v0x5e16d54e6560_0, 0, 4;
    %load/vec4 v0x5e16d54e5d50_0;
    %store/vec4 v0x5e16d54e67c0_0, 0, 4;
    %load/vec4 v0x5e16d54e5cb0_0;
    %store/vec4 v0x5e16d54e6700_0, 0, 1;
    %load/vec4 v0x5e16d54e56e0_0;
    %store/vec4 v0x5e16d54e6640_0, 0, 1;
    %delay 10, 0;
    %fork TD_tb_alu.X_EXP, S_0x5e16d54d33b0;
    %join;
    %fork TD_tb_alu.AEQB_EXP, S_0x5e16d54d2dd0;
    %join;
    %fork TD_tb_alu.Co_bar_EXP, S_0x5e16d54d2fd0;
    %join;
    %fork TD_tb_alu.F_EXP, S_0x5e16d54d31d0;
    %join;
    %fork TD_tb_alu.display_file, S_0x5e16d54d53d0;
    %join;
    %fork TD_tb_alu.errors_warnings_check, S_0x5e16d54e1a40;
    %join;
    %fork TD_tb_alu.vectorcount, S_0x5e16d54e4970;
    %join;
    %jmp T_38;
    .thread T_38;
    .scope S_0x5e16d54b1e60;
T_39 ;
T_39.0 ;
    %load/vec4 v0x5e16d54e6220_0;
    %cmpi/ne 1, 0, 1;
    %jmp/0xz T_39.1, 6;
    %wait E_0x5e16d53f8f60;
    %jmp T_39.0;
T_39.1 ;
    %vpi_call/w 4 949 "$display" {0 0 0};
    %vpi_call/w 4 950 "$display", "%13s ***time = %0d,eof ***", "\000", $time {0 0 0};
    %vpi_call/w 4 951 "$display" {0 0 0};
    %pushi/vec4 0, 0, 32;
    %store/vec4 v0x5e16d54e62e0_0, 0, 32;
T_39.2 ;
    %load/vec4 v0x5e16d54e62e0_0;
    %cmpi/s 50, 0, 32;
    %jmp/0xz T_39.3, 5;
    %load/vec4 v0x5e16d54e5cb0_0;
    %pad/u 32;
    %cmpi/e 1, 0, 32;
    %flag_get/vec4 4;
    %jmp/0 T_39.7, 4;
    %load/vec4 v0x5e16d54e56e0_0;
    %pad/u 32;
    %pushi/vec4 2, 0, 32;
    %cmp/e;
    %flag_get/vec4 4;
    %and;
T_39.7;
    %flag_set/vec4 9;
    %flag_get/vec4 9;
    %jmp/0 T_39.6, 9;
    %load/vec4 v0x5e16d54e5d50_0;
    %pushi/vec4 0, 0, 4;
    %cmp/e;
    %flag_get/vec4 4;
    %and;
T_39.6;
    %flag_set/vec4 8;
    %jmp/0xz  T_39.4, 8;
    %fork TD_tb_alu.vectorcount, S_0x5e16d54e4970;
    %join;
    %fork TD_tb_alu.close, S_0x5e16d54d3590;
    %join;
    %jmp T_39.5;
T_39.4 ;
    %fork TD_tb_alu.random_in, S_0x5e16d54e3df0;
    %join;
T_39.5 ;
    ; show_stmt_assign_vector: Get l-value for compressed += operand
    %load/vec4 v0x5e16d54e62e0_0;
    %pushi/vec4 1, 0, 32;
    %add;
    %cast2;
    %store/vec4 v0x5e16d54e62e0_0, 0, 32;
    %jmp T_39.2;
T_39.3 ;
    %fork TD_tb_alu.close, S_0x5e16d54d3590;
    %join;
    %end;
    .thread T_39;
# The file index is used to find the file name in the following table.
:file_names 5;
    "N/A";
    "<interactive>";
    "-";
    "alu_dataflow.v";
    "tb_alu_dataflow.v";
