#! /usr/bin/vvp
:ivl_version "12.0 (stable)";
:ivl_delay_selection "TYPICAL";
:vpi_time_precision - 11;
:vpi_module "/usr/lib/x86_64-linux-gnu/ivl/system.vpi";
:vpi_module "/usr/lib/x86_64-linux-gnu/ivl/vhdl_sys.vpi";
:vpi_module "/usr/lib/x86_64-linux-gnu/ivl/vhdl_textio.vpi";
:vpi_module "/usr/lib/x86_64-linux-gnu/ivl/v2005_math.vpi";
:vpi_module "/usr/lib/x86_64-linux-gnu/ivl/va_math.vpi";
:vpi_module "/usr/lib/x86_64-linux-gnu/ivl/v2009.vpi";
S_0x62d31302b380 .scope package, "$unit" "$unit" 2 1;
 .timescale 0 0;
S_0x62d313092e90 .scope function.vec4.s1, "co_bar_general" "co_bar_general" 3 103, 3 103 0, S_0x62d31302b380;
 .timescale 0 0;
v0x62d3130a2d60_0 .var "A", 3 0;
v0x62d3130c04a0_0 .var "B", 3 0;
v0x62d3130c0580_0 .var "CI_BAR", 0 0;
v0x62d3130c0620_0 .var "S", 3 0;
; Variable co_bar_general is vec4 return value of scope S_0x62d313092e90
v0x62d3130c0810_0 .var "y", 0 0;
TD_$unit.co_bar_general ;
    %pushi/vec4 9, 0, 4;
    %store/vec4 v0x62d3130c0620_0, 0, 4;
    %load/vec4 v0x62d3130a2d60_0;
    %parti/s 1, 3, 3;
    %load/vec4 v0x62d3130c04a0_0;
    %parti/s 1, 3, 3;
    %load/vec4 v0x62d3130c0620_0;
    %store/vec4 v0x62d3130c2f20_0, 0, 4;
    %store/vec4 v0x62d3130c2e60_0, 0, 1;
    %store/vec4 v0x62d3130c2d80_0, 0, 1;
    %callf/vec4 TD_$unit.input_out2, S_0x62d3130c2ba0;
    %flag_set/vec4 8;
    %jmp/1 T_0.3, 8;
    %load/vec4 v0x62d3130a2d60_0;
    %parti/s 1, 3, 3;
    %load/vec4 v0x62d3130c04a0_0;
    %parti/s 1, 3, 3;
    %load/vec4 v0x62d3130c0620_0;
    %store/vec4 v0x62d3130c2a20_0, 0, 4;
    %store/vec4 v0x62d3130c2960_0, 0, 1;
    %store/vec4 v0x62d3130c2880_0, 0, 1;
    %callf/vec4 TD_$unit.input_out1, S_0x62d3130c26a0;
    %flag_set/vec4 10;
    %flag_get/vec4 10;
    %jmp/0 T_0.4, 10;
    %load/vec4 v0x62d3130a2d60_0;
    %parti/s 1, 2, 3;
    %load/vec4 v0x62d3130c04a0_0;
    %parti/s 1, 2, 3;
    %load/vec4 v0x62d3130c0620_0;
    %store/vec4 v0x62d3130c2f20_0, 0, 4;
    %store/vec4 v0x62d3130c2e60_0, 0, 1;
    %store/vec4 v0x62d3130c2d80_0, 0, 1;
    %callf/vec4 TD_$unit.input_out2, S_0x62d3130c2ba0;
    %and;
T_0.4;
    %flag_set/vec4 9;
    %flag_or 8, 9;
T_0.3;
    %jmp/1 T_0.2, 8;
    %load/vec4 v0x62d3130a2d60_0;
    %parti/s 1, 3, 3;
    %load/vec4 v0x62d3130c04a0_0;
    %parti/s 1, 3, 3;
    %load/vec4 v0x62d3130c0620_0;
    %store/vec4 v0x62d3130c2a20_0, 0, 4;
    %store/vec4 v0x62d3130c2960_0, 0, 1;
    %store/vec4 v0x62d3130c2880_0, 0, 1;
    %callf/vec4 TD_$unit.input_out1, S_0x62d3130c26a0;
    %flag_set/vec4 11;
    %flag_get/vec4 11;
    %jmp/0 T_0.6, 11;
    %load/vec4 v0x62d3130a2d60_0;
    %parti/s 1, 2, 3;
    %load/vec4 v0x62d3130c04a0_0;
    %parti/s 1, 2, 3;
    %load/vec4 v0x62d3130c0620_0;
    %store/vec4 v0x62d3130c2a20_0, 0, 4;
    %store/vec4 v0x62d3130c2960_0, 0, 1;
    %store/vec4 v0x62d3130c2880_0, 0, 1;
    %callf/vec4 TD_$unit.input_out1, S_0x62d3130c26a0;
    %and;
T_0.6;
    %flag_set/vec4 10;
    %flag_get/vec4 10;
    %jmp/0 T_0.5, 10;
    %load/vec4 v0x62d3130a2d60_0;
    %parti/s 1, 1, 2;
    %load/vec4 v0x62d3130c04a0_0;
    %parti/s 1, 1, 2;
    %load/vec4 v0x62d3130c0620_0;
    %store/vec4 v0x62d3130c2f20_0, 0, 4;
    %store/vec4 v0x62d3130c2e60_0, 0, 1;
    %store/vec4 v0x62d3130c2d80_0, 0, 1;
    %callf/vec4 TD_$unit.input_out2, S_0x62d3130c2ba0;
    %and;
T_0.5;
    %flag_set/vec4 9;
    %flag_or 8, 9;
T_0.2;
    %jmp/1 T_0.1, 8;
    %load/vec4 v0x62d3130a2d60_0;
    %parti/s 1, 3, 3;
    %load/vec4 v0x62d3130c04a0_0;
    %parti/s 1, 3, 3;
    %load/vec4 v0x62d3130c0620_0;
    %store/vec4 v0x62d3130c2a20_0, 0, 4;
    %store/vec4 v0x62d3130c2960_0, 0, 1;
    %store/vec4 v0x62d3130c2880_0, 0, 1;
    %callf/vec4 TD_$unit.input_out1, S_0x62d3130c26a0;
    %flag_set/vec4 11;
    %flag_get/vec4 11;
    %jmp/0 T_0.8, 11;
    %load/vec4 v0x62d3130a2d60_0;
    %parti/s 1, 2, 3;
    %load/vec4 v0x62d3130c04a0_0;
    %parti/s 1, 2, 3;
    %load/vec4 v0x62d3130c0620_0;
    %store/vec4 v0x62d3130c2a20_0, 0, 4;
    %store/vec4 v0x62d3130c2960_0, 0, 1;
    %store/vec4 v0x62d3130c2880_0, 0, 1;
    %callf/vec4 TD_$unit.input_out1, S_0x62d3130c26a0;
    %load/vec4 v0x62d3130a2d60_0;
    %parti/s 1, 1, 2;
    %load/vec4 v0x62d3130c04a0_0;
    %parti/s 1, 1, 2;
    %load/vec4 v0x62d3130c0620_0;
    %store/vec4 v0x62d3130c2a20_0, 0, 4;
    %store/vec4 v0x62d3130c2960_0, 0, 1;
    %store/vec4 v0x62d3130c2880_0, 0, 1;
    %callf/vec4 TD_$unit.input_out1, S_0x62d3130c26a0;
    %and;
    %and;
T_0.8;
    %flag_set/vec4 10;
    %flag_get/vec4 10;
    %jmp/0 T_0.7, 10;
    %load/vec4 v0x62d3130a2d60_0;
    %parti/s 1, 0, 2;
    %load/vec4 v0x62d3130c04a0_0;
    %parti/s 1, 0, 2;
    %load/vec4 v0x62d3130c0620_0;
    %store/vec4 v0x62d3130c2f20_0, 0, 4;
    %store/vec4 v0x62d3130c2e60_0, 0, 1;
    %store/vec4 v0x62d3130c2d80_0, 0, 1;
    %callf/vec4 TD_$unit.input_out2, S_0x62d3130c2ba0;
    %and;
T_0.7;
    %flag_set/vec4 9;
    %flag_or 8, 9;
T_0.1;
    %flag_get/vec4 8;
    %jmp/1 T_0.0, 8;
    %load/vec4 v0x62d3130a2d60_0;
    %parti/s 1, 3, 3;
    %load/vec4 v0x62d3130c04a0_0;
    %parti/s 1, 3, 3;
    %load/vec4 v0x62d3130c0620_0;
    %store/vec4 v0x62d3130c2a20_0, 0, 4;
    %store/vec4 v0x62d3130c2960_0, 0, 1;
    %store/vec4 v0x62d3130c2880_0, 0, 1;
    %callf/vec4 TD_$unit.input_out1, S_0x62d3130c26a0;
    %flag_set/vec4 10;
    %flag_get/vec4 10;
    %jmp/0 T_0.11, 10;
    %load/vec4 v0x62d3130a2d60_0;
    %parti/s 1, 2, 3;
    %load/vec4 v0x62d3130c04a0_0;
    %parti/s 1, 2, 3;
    %load/vec4 v0x62d3130c0620_0;
    %store/vec4 v0x62d3130c2a20_0, 0, 4;
    %store/vec4 v0x62d3130c2960_0, 0, 1;
    %store/vec4 v0x62d3130c2880_0, 0, 1;
    %callf/vec4 TD_$unit.input_out1, S_0x62d3130c26a0;
    %and;
T_0.11;
    %flag_set/vec4 9;
    %flag_get/vec4 9;
    %jmp/0 T_0.10, 9;
    %load/vec4 v0x62d3130a2d60_0;
    %parti/s 1, 1, 2;
    %load/vec4 v0x62d3130c04a0_0;
    %parti/s 1, 1, 2;
    %load/vec4 v0x62d3130c0620_0;
    %store/vec4 v0x62d3130c2a20_0, 0, 4;
    %store/vec4 v0x62d3130c2960_0, 0, 1;
    %store/vec4 v0x62d3130c2880_0, 0, 1;
    %callf/vec4 TD_$unit.input_out1, S_0x62d3130c26a0;
    %and;
T_0.10;
    %flag_set/vec4 8;
    %flag_get/vec4 8;
    %jmp/0 T_0.9, 8;
    %load/vec4 v0x62d3130a2d60_0;
    %parti/s 1, 0, 2;
    %load/vec4 v0x62d3130c04a0_0;
    %parti/s 1, 0, 2;
    %load/vec4 v0x62d3130c0620_0;
    %store/vec4 v0x62d3130c2a20_0, 0, 4;
    %store/vec4 v0x62d3130c2960_0, 0, 1;
    %store/vec4 v0x62d3130c2880_0, 0, 1;
    %callf/vec4 TD_$unit.input_out1, S_0x62d3130c26a0;
    %and;
T_0.9;
    %or;
T_0.0;
    %inv;
    %store/vec4 v0x62d3130c0810_0, 0, 1;
    %load/vec4 v0x62d3130c0810_0;
    %inv;
    %flag_set/vec4 8;
    %flag_get/vec4 8;
    %jmp/1 T_0.12, 8;
    %load/vec4 v0x62d3130a2d60_0;
    %parti/s 1, 3, 3;
    %load/vec4 v0x62d3130c04a0_0;
    %parti/s 1, 3, 3;
    %load/vec4 v0x62d3130c0620_0;
    %store/vec4 v0x62d3130c2a20_0, 0, 4;
    %store/vec4 v0x62d3130c2960_0, 0, 1;
    %store/vec4 v0x62d3130c2880_0, 0, 1;
    %callf/vec4 TD_$unit.input_out1, S_0x62d3130c26a0;
    %flag_set/vec4 11;
    %flag_get/vec4 11;
    %jmp/0 T_0.16, 11;
    %load/vec4 v0x62d3130a2d60_0;
    %parti/s 1, 2, 3;
    %load/vec4 v0x62d3130c04a0_0;
    %parti/s 1, 2, 3;
    %load/vec4 v0x62d3130c0620_0;
    %store/vec4 v0x62d3130c2a20_0, 0, 4;
    %store/vec4 v0x62d3130c2960_0, 0, 1;
    %store/vec4 v0x62d3130c2880_0, 0, 1;
    %callf/vec4 TD_$unit.input_out1, S_0x62d3130c26a0;
    %and;
T_0.16;
    %flag_set/vec4 10;
    %flag_get/vec4 10;
    %jmp/0 T_0.15, 10;
    %load/vec4 v0x62d3130a2d60_0;
    %parti/s 1, 1, 2;
    %load/vec4 v0x62d3130c04a0_0;
    %parti/s 1, 1, 2;
    %load/vec4 v0x62d3130c0620_0;
    %store/vec4 v0x62d3130c2a20_0, 0, 4;
    %store/vec4 v0x62d3130c2960_0, 0, 1;
    %store/vec4 v0x62d3130c2880_0, 0, 1;
    %callf/vec4 TD_$unit.input_out1, S_0x62d3130c26a0;
    %and;
T_0.15;
    %flag_set/vec4 9;
    %flag_get/vec4 9;
    %jmp/0 T_0.14, 9;
    %load/vec4 v0x62d3130a2d60_0;
    %parti/s 1, 0, 2;
    %load/vec4 v0x62d3130c04a0_0;
    %parti/s 1, 0, 2;
    %load/vec4 v0x62d3130c0620_0;
    %store/vec4 v0x62d3130c2a20_0, 0, 4;
    %store/vec4 v0x62d3130c2960_0, 0, 1;
    %store/vec4 v0x62d3130c2880_0, 0, 1;
    %callf/vec4 TD_$unit.input_out1, S_0x62d3130c26a0;
    %and;
T_0.14;
    %flag_set/vec4 8;
    %flag_get/vec4 8;
    %jmp/0 T_0.13, 8;
    %load/vec4 v0x62d3130c0580_0;
    %and;
T_0.13;
    %or;
T_0.12;
    %ret/vec4 0, 0, 1;  Assign to co_bar_general (store_vec4_to_lval)
    %end;
S_0x62d3130c08d0 .scope function.vec4.s1, "co_bar_pick" "co_bar_pick" 3 125, 3 125 0, S_0x62d31302b380;
 .timescale 0 0;
v0x62d3130c0ad0_0 .var "A", 3 0;
v0x62d3130c0bb0_0 .var "B", 3 0;
v0x62d3130c0c90_0 .var "CI_BAR", 0 0;
v0x62d3130c0d30_0 .var "S", 3 0;
; Variable co_bar_pick is vec4 return value of scope S_0x62d3130c08d0
TD_$unit.co_bar_pick ;
    %load/vec4 v0x62d3130c0d30_0;
    %dup/vec4;
    %pushi/vec4 0, 0, 4;
    %cmp/u;
    %jmp/1 T_1.17, 6;
    %dup/vec4;
    %pushi/vec4 1, 0, 4;
    %cmp/u;
    %jmp/1 T_1.18, 6;
    %dup/vec4;
    %pushi/vec4 2, 0, 4;
    %cmp/u;
    %jmp/1 T_1.19, 6;
    %dup/vec4;
    %pushi/vec4 3, 0, 4;
    %cmp/u;
    %jmp/1 T_1.20, 6;
    %dup/vec4;
    %pushi/vec4 4, 0, 4;
    %cmp/u;
    %jmp/1 T_1.21, 6;
    %dup/vec4;
    %pushi/vec4 5, 0, 4;
    %cmp/u;
    %jmp/1 T_1.22, 6;
    %dup/vec4;
    %pushi/vec4 6, 0, 4;
    %cmp/u;
    %jmp/1 T_1.23, 6;
    %dup/vec4;
    %pushi/vec4 7, 0, 4;
    %cmp/u;
    %jmp/1 T_1.24, 6;
    %dup/vec4;
    %pushi/vec4 8, 0, 4;
    %cmp/u;
    %jmp/1 T_1.25, 6;
    %dup/vec4;
    %pushi/vec4 9, 0, 4;
    %cmp/u;
    %jmp/1 T_1.26, 6;
    %dup/vec4;
    %pushi/vec4 10, 0, 4;
    %cmp/u;
    %jmp/1 T_1.27, 6;
    %dup/vec4;
    %pushi/vec4 11, 0, 4;
    %cmp/u;
    %jmp/1 T_1.28, 6;
    %dup/vec4;
    %pushi/vec4 12, 0, 4;
    %cmp/u;
    %jmp/1 T_1.29, 6;
    %dup/vec4;
    %pushi/vec4 13, 0, 4;
    %cmp/u;
    %jmp/1 T_1.30, 6;
    %dup/vec4;
    %pushi/vec4 14, 0, 4;
    %cmp/u;
    %jmp/1 T_1.31, 6;
    %dup/vec4;
    %pushi/vec4 15, 0, 4;
    %cmp/u;
    %jmp/1 T_1.32, 6;
    %jmp T_1.33;
T_1.17 ;
    %load/vec4 v0x62d3130c0c90_0;
    %load/vec4 v0x62d3130c0ad0_0;
    %pushi/vec4 0, 0, 4;
    %store/vec4 v0x62d3130c04a0_0, 0, 4;
    %store/vec4 v0x62d3130a2d60_0, 0, 4;
    %store/vec4 v0x62d3130c0580_0, 0, 1;
    %callf/vec4 TD_$unit.co_bar_general, S_0x62d313092e90;
    %ret/vec4 0, 0, 1;  Assign to co_bar_pick (store_vec4_to_lval)
    %jmp T_1.33;
T_1.18 ;
    %load/vec4 v0x62d3130c0c90_0;
    %load/vec4 v0x62d3130c0ad0_0;
    %load/vec4 v0x62d3130c0bb0_0;
    %or;
    %pushi/vec4 0, 0, 4;
    %store/vec4 v0x62d3130c04a0_0, 0, 4;
    %store/vec4 v0x62d3130a2d60_0, 0, 4;
    %store/vec4 v0x62d3130c0580_0, 0, 1;
    %callf/vec4 TD_$unit.co_bar_general, S_0x62d313092e90;
    %ret/vec4 0, 0, 1;  Assign to co_bar_pick (store_vec4_to_lval)
    %jmp T_1.33;
T_1.19 ;
    %load/vec4 v0x62d3130c0c90_0;
    %load/vec4 v0x62d3130c0ad0_0;
    %load/vec4 v0x62d3130c0bb0_0;
    %inv;
    %or;
    %pushi/vec4 0, 0, 4;
    %store/vec4 v0x62d3130c04a0_0, 0, 4;
    %store/vec4 v0x62d3130a2d60_0, 0, 4;
    %store/vec4 v0x62d3130c0580_0, 0, 1;
    %callf/vec4 TD_$unit.co_bar_general, S_0x62d313092e90;
    %ret/vec4 0, 0, 1;  Assign to co_bar_pick (store_vec4_to_lval)
    %jmp T_1.33;
T_1.20 ;
    %pushi/vec4 1, 0, 1;
    %ret/vec4 0, 0, 1;  Assign to co_bar_pick (store_vec4_to_lval)
    %jmp T_1.33;
T_1.21 ;
    %load/vec4 v0x62d3130c0c90_0;
    %load/vec4 v0x62d3130c0ad0_0;
    %load/vec4 v0x62d3130c0ad0_0;
    %load/vec4 v0x62d3130c0bb0_0;
    %inv;
    %and;
    %store/vec4 v0x62d3130c04a0_0, 0, 4;
    %store/vec4 v0x62d3130a2d60_0, 0, 4;
    %store/vec4 v0x62d3130c0580_0, 0, 1;
    %callf/vec4 TD_$unit.co_bar_general, S_0x62d313092e90;
    %ret/vec4 0, 0, 1;  Assign to co_bar_pick (store_vec4_to_lval)
    %jmp T_1.33;
T_1.22 ;
    %load/vec4 v0x62d3130c0c90_0;
    %load/vec4 v0x62d3130c0ad0_0;
    %load/vec4 v0x62d3130c0bb0_0;
    %or;
    %load/vec4 v0x62d3130c0ad0_0;
    %load/vec4 v0x62d3130c0bb0_0;
    %inv;
    %and;
    %store/vec4 v0x62d3130c04a0_0, 0, 4;
    %store/vec4 v0x62d3130a2d60_0, 0, 4;
    %store/vec4 v0x62d3130c0580_0, 0, 1;
    %callf/vec4 TD_$unit.co_bar_general, S_0x62d313092e90;
    %ret/vec4 0, 0, 1;  Assign to co_bar_pick (store_vec4_to_lval)
    %jmp T_1.33;
T_1.23 ;
    %load/vec4 v0x62d3130c0c90_0;
    %load/vec4 v0x62d3130c0ad0_0;
    %load/vec4 v0x62d3130c0bb0_0;
    %addi 1, 0, 4;
    %inv;
    %addi 1, 0, 4;
    %store/vec4 v0x62d3130c04a0_0, 0, 4;
    %store/vec4 v0x62d3130a2d60_0, 0, 4;
    %store/vec4 v0x62d3130c0580_0, 0, 1;
    %callf/vec4 TD_$unit.co_bar_general, S_0x62d313092e90;
    %ret/vec4 0, 0, 1;  Assign to co_bar_pick (store_vec4_to_lval)
    %jmp T_1.33;
T_1.24 ;
    %load/vec4 v0x62d3130c0c90_0;
    %load/vec4 v0x62d3130c0ad0_0;
    %load/vec4 v0x62d3130c0bb0_0;
    %inv;
    %and;
    %pushi/vec4 15, 0, 4;
    %store/vec4 v0x62d3130c04a0_0, 0, 4;
    %store/vec4 v0x62d3130a2d60_0, 0, 4;
    %store/vec4 v0x62d3130c0580_0, 0, 1;
    %callf/vec4 TD_$unit.co_bar_general, S_0x62d313092e90;
    %ret/vec4 0, 0, 1;  Assign to co_bar_pick (store_vec4_to_lval)
    %jmp T_1.33;
T_1.25 ;
    %load/vec4 v0x62d3130c0c90_0;
    %load/vec4 v0x62d3130c0ad0_0;
    %load/vec4 v0x62d3130c0ad0_0;
    %load/vec4 v0x62d3130c0bb0_0;
    %and;
    %store/vec4 v0x62d3130c04a0_0, 0, 4;
    %store/vec4 v0x62d3130a2d60_0, 0, 4;
    %store/vec4 v0x62d3130c0580_0, 0, 1;
    %callf/vec4 TD_$unit.co_bar_general, S_0x62d313092e90;
    %ret/vec4 0, 0, 1;  Assign to co_bar_pick (store_vec4_to_lval)
    %jmp T_1.33;
T_1.26 ;
    %load/vec4 v0x62d3130c0c90_0;
    %load/vec4 v0x62d3130c0ad0_0;
    %load/vec4 v0x62d3130c0bb0_0;
    %store/vec4 v0x62d3130c04a0_0, 0, 4;
    %store/vec4 v0x62d3130a2d60_0, 0, 4;
    %store/vec4 v0x62d3130c0580_0, 0, 1;
    %callf/vec4 TD_$unit.co_bar_general, S_0x62d313092e90;
    %ret/vec4 0, 0, 1;  Assign to co_bar_pick (store_vec4_to_lval)
    %jmp T_1.33;
T_1.27 ;
    %load/vec4 v0x62d3130c0c90_0;
    %load/vec4 v0x62d3130c0ad0_0;
    %load/vec4 v0x62d3130c0bb0_0;
    %inv;
    %or;
    %load/vec4 v0x62d3130c0ad0_0;
    %load/vec4 v0x62d3130c0bb0_0;
    %and;
    %store/vec4 v0x62d3130c04a0_0, 0, 4;
    %store/vec4 v0x62d3130a2d60_0, 0, 4;
    %store/vec4 v0x62d3130c0580_0, 0, 1;
    %callf/vec4 TD_$unit.co_bar_general, S_0x62d313092e90;
    %ret/vec4 0, 0, 1;  Assign to co_bar_pick (store_vec4_to_lval)
    %jmp T_1.33;
T_1.28 ;
    %load/vec4 v0x62d3130c0c90_0;
    %load/vec4 v0x62d3130c0ad0_0;
    %load/vec4 v0x62d3130c0bb0_0;
    %and;
    %pushi/vec4 15, 0, 4;
    %store/vec4 v0x62d3130c04a0_0, 0, 4;
    %store/vec4 v0x62d3130a2d60_0, 0, 4;
    %store/vec4 v0x62d3130c0580_0, 0, 1;
    %callf/vec4 TD_$unit.co_bar_general, S_0x62d313092e90;
    %ret/vec4 0, 0, 1;  Assign to co_bar_pick (store_vec4_to_lval)
    %jmp T_1.33;
T_1.29 ;
    %load/vec4 v0x62d3130c0c90_0;
    %load/vec4 v0x62d3130c0ad0_0;
    %load/vec4 v0x62d3130c0ad0_0;
    %store/vec4 v0x62d3130c04a0_0, 0, 4;
    %store/vec4 v0x62d3130a2d60_0, 0, 4;
    %store/vec4 v0x62d3130c0580_0, 0, 1;
    %callf/vec4 TD_$unit.co_bar_general, S_0x62d313092e90;
    %ret/vec4 0, 0, 1;  Assign to co_bar_pick (store_vec4_to_lval)
    %jmp T_1.33;
T_1.30 ;
    %load/vec4 v0x62d3130c0c90_0;
    %load/vec4 v0x62d3130c0ad0_0;
    %load/vec4 v0x62d3130c0ad0_0;
    %load/vec4 v0x62d3130c0bb0_0;
    %or;
    %store/vec4 v0x62d3130c04a0_0, 0, 4;
    %store/vec4 v0x62d3130a2d60_0, 0, 4;
    %store/vec4 v0x62d3130c0580_0, 0, 1;
    %callf/vec4 TD_$unit.co_bar_general, S_0x62d313092e90;
    %ret/vec4 0, 0, 1;  Assign to co_bar_pick (store_vec4_to_lval)
    %jmp T_1.33;
T_1.31 ;
    %load/vec4 v0x62d3130c0c90_0;
    %load/vec4 v0x62d3130c0ad0_0;
    %load/vec4 v0x62d3130c0ad0_0;
    %load/vec4 v0x62d3130c0bb0_0;
    %inv;
    %or;
    %store/vec4 v0x62d3130c04a0_0, 0, 4;
    %store/vec4 v0x62d3130a2d60_0, 0, 4;
    %store/vec4 v0x62d3130c0580_0, 0, 1;
    %callf/vec4 TD_$unit.co_bar_general, S_0x62d313092e90;
    %ret/vec4 0, 0, 1;  Assign to co_bar_pick (store_vec4_to_lval)
    %jmp T_1.33;
T_1.32 ;
    %load/vec4 v0x62d3130c0c90_0;
    %load/vec4 v0x62d3130c0ad0_0;
    %pushi/vec4 15, 0, 4;
    %store/vec4 v0x62d3130c04a0_0, 0, 4;
    %store/vec4 v0x62d3130a2d60_0, 0, 4;
    %store/vec4 v0x62d3130c0580_0, 0, 1;
    %callf/vec4 TD_$unit.co_bar_general, S_0x62d313092e90;
    %ret/vec4 0, 0, 1;  Assign to co_bar_pick (store_vec4_to_lval)
    %jmp T_1.33;
T_1.33 ;
    %pop/vec4 1;
    %end;
S_0x62d3130c0f20 .scope function.vec4.s4, "f_pick" "f_pick" 3 202, 3 202 0, S_0x62d31302b380;
 .timescale 0 0;
v0x62d3130c1100_0 .var "A", 3 0;
v0x62d3130c11e0_0 .var "B", 3 0;
v0x62d3130c12c0_0 .var "Ci_bar", 0 0;
v0x62d3130c1360_0 .var "M", 0 0;
v0x62d3130c1420_0 .var "S", 3 0;
; Variable f_pick is vec4 return value of scope S_0x62d3130c0f20
TD_$unit.f_pick ;
    %load/vec4 v0x62d3130c1360_0;
    %load/vec4 v0x62d3130c12c0_0;
    %concat/vec4; draw_concat_vec4
    %dup/vec4;
    %pushi/vec4 0, 0, 2;
    %cmp/u;
    %jmp/1 T_2.34, 6;
    %dup/vec4;
    %pushi/vec4 1, 0, 2;
    %cmp/u;
    %jmp/1 T_2.35, 6;
    %dup/vec4;
    %pushi/vec4 2, 0, 2;
    %cmp/u;
    %jmp/1 T_2.36, 6;
    %load/vec4 v0x62d3130c1100_0;
    %load/vec4 v0x62d3130c11e0_0;
    %load/vec4 v0x62d3130c1420_0;
    %store/vec4 v0x62d3130c2500_0, 0, 4;
    %store/vec4 v0x62d3130c2420_0, 0, 4;
    %store/vec4 v0x62d3130c2320_0, 0, 4;
    %callf/vec4 TD_$unit.fexp_logic_ci_bar, S_0x62d3130c2140;
    %ret/vec4 0, 0, 4;  Assign to f_pick (store_vec4_to_lval)
    %jmp T_2.38;
T_2.34 ;
    %load/vec4 v0x62d3130c1100_0;
    %load/vec4 v0x62d3130c11e0_0;
    %load/vec4 v0x62d3130c1420_0;
    %store/vec4 v0x62d3130c1fa0_0, 0, 4;
    %store/vec4 v0x62d3130c1ec0_0, 0, 4;
    %store/vec4 v0x62d3130c1dc0_0, 0, 4;
    %callf/vec4 TD_$unit.fexp_arith_xci_bar, S_0x62d3130c1b90;
    %ret/vec4 0, 0, 4;  Assign to f_pick (store_vec4_to_lval)
    %jmp T_2.38;
T_2.35 ;
    %load/vec4 v0x62d3130c1100_0;
    %load/vec4 v0x62d3130c11e0_0;
    %load/vec4 v0x62d3130c1420_0;
    %store/vec4 v0x62d3130c19f0_0, 0, 4;
    %store/vec4 v0x62d3130c1910_0, 0, 4;
    %store/vec4 v0x62d3130c1810_0, 0, 4;
    %callf/vec4 TD_$unit.fexp_arith_ci_bar, S_0x62d3130c1630;
    %ret/vec4 0, 0, 4;  Assign to f_pick (store_vec4_to_lval)
    %jmp T_2.38;
T_2.36 ;
    %load/vec4 v0x62d3130c1100_0;
    %load/vec4 v0x62d3130c11e0_0;
    %load/vec4 v0x62d3130c1420_0;
    %store/vec4 v0x62d3130c2500_0, 0, 4;
    %store/vec4 v0x62d3130c2420_0, 0, 4;
    %store/vec4 v0x62d3130c2320_0, 0, 4;
    %callf/vec4 TD_$unit.fexp_logic_ci_bar, S_0x62d3130c2140;
    %ret/vec4 0, 0, 4;  Assign to f_pick (store_vec4_to_lval)
    %jmp T_2.38;
T_2.38 ;
    %pop/vec4 1;
    %end;
S_0x62d3130c1630 .scope function.vec4.s4, "fexp_arith_ci_bar" "fexp_arith_ci_bar" 3 252, 3 252 0, S_0x62d31302b380;
 .timescale 0 0;
v0x62d3130c1810_0 .var "A", 3 0;
v0x62d3130c1910_0 .var "B", 3 0;
v0x62d3130c19f0_0 .var "S", 3 0;
; Variable fexp_arith_ci_bar is vec4 return value of scope S_0x62d3130c1630
TD_$unit.fexp_arith_ci_bar ;
    %load/vec4 v0x62d3130c19f0_0;
    %dup/vec4;
    %pushi/vec4 0, 0, 4;
    %cmp/u;
    %jmp/1 T_3.39, 6;
    %dup/vec4;
    %pushi/vec4 1, 0, 4;
    %cmp/u;
    %jmp/1 T_3.40, 6;
    %dup/vec4;
    %pushi/vec4 2, 0, 4;
    %cmp/u;
    %jmp/1 T_3.41, 6;
    %dup/vec4;
    %pushi/vec4 3, 0, 4;
    %cmp/u;
    %jmp/1 T_3.42, 6;
    %dup/vec4;
    %pushi/vec4 4, 0, 4;
    %cmp/u;
    %jmp/1 T_3.43, 6;
    %dup/vec4;
    %pushi/vec4 5, 0, 4;
    %cmp/u;
    %jmp/1 T_3.44, 6;
    %dup/vec4;
    %pushi/vec4 6, 0, 4;
    %cmp/u;
    %jmp/1 T_3.45, 6;
    %dup/vec4;
    %pushi/vec4 7, 0, 4;
    %cmp/u;
    %jmp/1 T_3.46, 6;
    %dup/vec4;
    %pushi/vec4 8, 0, 4;
    %cmp/u;
    %jmp/1 T_3.47, 6;
    %dup/vec4;
    %pushi/vec4 9, 0, 4;
    %cmp/u;
    %jmp/1 T_3.48, 6;
    %dup/vec4;
    %pushi/vec4 10, 0, 4;
    %cmp/u;
    %jmp/1 T_3.49, 6;
    %dup/vec4;
    %pushi/vec4 11, 0, 4;
    %cmp/u;
    %jmp/1 T_3.50, 6;
    %dup/vec4;
    %pushi/vec4 12, 0, 4;
    %cmp/u;
    %jmp/1 T_3.51, 6;
    %dup/vec4;
    %pushi/vec4 13, 0, 4;
    %cmp/u;
    %jmp/1 T_3.52, 6;
    %dup/vec4;
    %pushi/vec4 14, 0, 4;
    %cmp/u;
    %jmp/1 T_3.53, 6;
    %dup/vec4;
    %pushi/vec4 15, 0, 4;
    %cmp/u;
    %jmp/1 T_3.54, 6;
    %jmp T_3.55;
T_3.39 ;
    %load/vec4 v0x62d3130c1810_0;
    %ret/vec4 0, 0, 4;  Assign to fexp_arith_ci_bar (store_vec4_to_lval)
    %jmp T_3.55;
T_3.40 ;
    %load/vec4 v0x62d3130c1810_0;
    %load/vec4 v0x62d3130c1910_0;
    %or;
    %ret/vec4 0, 0, 4;  Assign to fexp_arith_ci_bar (store_vec4_to_lval)
    %jmp T_3.55;
T_3.41 ;
    %load/vec4 v0x62d3130c1810_0;
    %load/vec4 v0x62d3130c1910_0;
    %inv;
    %or;
    %ret/vec4 0, 0, 4;  Assign to fexp_arith_ci_bar (store_vec4_to_lval)
    %jmp T_3.55;
T_3.42 ;
    %pushi/vec4 15, 0, 4;
    %ret/vec4 0, 0, 4;  Assign to fexp_arith_ci_bar (store_vec4_to_lval)
    %jmp T_3.55;
T_3.43 ;
    %load/vec4 v0x62d3130c1810_0;
    %load/vec4 v0x62d3130c1810_0;
    %load/vec4 v0x62d3130c1910_0;
    %inv;
    %and;
    %xor;
    %ret/vec4 0, 0, 4;  Assign to fexp_arith_ci_bar (store_vec4_to_lval)
    %jmp T_3.55;
T_3.44 ;
    %load/vec4 v0x62d3130c1810_0;
    %load/vec4 v0x62d3130c1910_0;
    %or;
    %load/vec4 v0x62d3130c1810_0;
    %load/vec4 v0x62d3130c1910_0;
    %inv;
    %and;
    %xor;
    %ret/vec4 0, 0, 4;  Assign to fexp_arith_ci_bar (store_vec4_to_lval)
    %jmp T_3.55;
T_3.45 ;
    %load/vec4 v0x62d3130c1810_0;
    %load/vec4 v0x62d3130c1910_0;
    %addi 1, 0, 4;
    %inv;
    %addi 1, 0, 4;
    %xor;
    %ret/vec4 0, 0, 4;  Assign to fexp_arith_ci_bar (store_vec4_to_lval)
    %jmp T_3.55;
T_3.46 ;
    %load/vec4 v0x62d3130c1810_0;
    %load/vec4 v0x62d3130c1910_0;
    %inv;
    %and;
    %pushi/vec4 15, 0, 4;
    %xor;
    %ret/vec4 0, 0, 4;  Assign to fexp_arith_ci_bar (store_vec4_to_lval)
    %jmp T_3.55;
T_3.47 ;
    %load/vec4 v0x62d3130c1810_0;
    %load/vec4 v0x62d3130c1810_0;
    %load/vec4 v0x62d3130c1910_0;
    %and;
    %xor;
    %ret/vec4 0, 0, 4;  Assign to fexp_arith_ci_bar (store_vec4_to_lval)
    %jmp T_3.55;
T_3.48 ;
    %load/vec4 v0x62d3130c1810_0;
    %load/vec4 v0x62d3130c1910_0;
    %xor;
    %ret/vec4 0, 0, 4;  Assign to fexp_arith_ci_bar (store_vec4_to_lval)
    %jmp T_3.55;
T_3.49 ;
    %load/vec4 v0x62d3130c1810_0;
    %load/vec4 v0x62d3130c1910_0;
    %inv;
    %or;
    %pushi/vec4 15, 0, 4;
    %xor;
    %ret/vec4 0, 0, 4;  Assign to fexp_arith_ci_bar (store_vec4_to_lval)
    %jmp T_3.55;
T_3.50 ;
    %load/vec4 v0x62d3130c1810_0;
    %load/vec4 v0x62d3130c1910_0;
    %and;
    %pushi/vec4 1, 0, 4;
    %xor;
    %ret/vec4 0, 0, 4;  Assign to fexp_arith_ci_bar (store_vec4_to_lval)
    %jmp T_3.55;
T_3.51 ;
    %load/vec4 v0x62d3130c1810_0;
    %load/vec4 v0x62d3130c1810_0;
    %xor;
    %ret/vec4 0, 0, 4;  Assign to fexp_arith_ci_bar (store_vec4_to_lval)
    %jmp T_3.55;
T_3.52 ;
    %load/vec4 v0x62d3130c1810_0;
    %load/vec4 v0x62d3130c1910_0;
    %or;
    %load/vec4 v0x62d3130c1810_0;
    %xor;
    %ret/vec4 0, 0, 4;  Assign to fexp_arith_ci_bar (store_vec4_to_lval)
    %jmp T_3.55;
T_3.53 ;
    %load/vec4 v0x62d3130c1810_0;
    %load/vec4 v0x62d3130c1910_0;
    %inv;
    %or;
    %load/vec4 v0x62d3130c1810_0;
    %xor;
    %ret/vec4 0, 0, 4;  Assign to fexp_arith_ci_bar (store_vec4_to_lval)
    %jmp T_3.55;
T_3.54 ;
    %load/vec4 v0x62d3130c1810_0;
    %pushi/vec4 15, 0, 4;
    %xor;
    %ret/vec4 0, 0, 4;  Assign to fexp_arith_ci_bar (store_vec4_to_lval)
    %jmp T_3.55;
T_3.55 ;
    %pop/vec4 1;
    %end;
S_0x62d3130c1b90 .scope function.vec4.s4, "fexp_arith_xci_bar" "fexp_arith_xci_bar" 3 222, 3 222 0, S_0x62d31302b380;
 .timescale 0 0;
v0x62d3130c1dc0_0 .var "A", 3 0;
v0x62d3130c1ec0_0 .var "B", 3 0;
v0x62d3130c1fa0_0 .var "S", 3 0;
; Variable fexp_arith_xci_bar is vec4 return value of scope S_0x62d3130c1b90
TD_$unit.fexp_arith_xci_bar ;
    %load/vec4 v0x62d3130c1fa0_0;
    %dup/vec4;
    %pushi/vec4 0, 0, 4;
    %cmp/u;
    %jmp/1 T_4.56, 6;
    %dup/vec4;
    %pushi/vec4 1, 0, 4;
    %cmp/u;
    %jmp/1 T_4.57, 6;
    %dup/vec4;
    %pushi/vec4 2, 0, 4;
    %cmp/u;
    %jmp/1 T_4.58, 6;
    %dup/vec4;
    %pushi/vec4 3, 0, 4;
    %cmp/u;
    %jmp/1 T_4.59, 6;
    %dup/vec4;
    %pushi/vec4 4, 0, 4;
    %cmp/u;
    %jmp/1 T_4.60, 6;
    %dup/vec4;
    %pushi/vec4 5, 0, 4;
    %cmp/u;
    %jmp/1 T_4.61, 6;
    %dup/vec4;
    %pushi/vec4 6, 0, 4;
    %cmp/u;
    %jmp/1 T_4.62, 6;
    %dup/vec4;
    %pushi/vec4 7, 0, 4;
    %cmp/u;
    %jmp/1 T_4.63, 6;
    %dup/vec4;
    %pushi/vec4 8, 0, 4;
    %cmp/u;
    %jmp/1 T_4.64, 6;
    %dup/vec4;
    %pushi/vec4 9, 0, 4;
    %cmp/u;
    %jmp/1 T_4.65, 6;
    %dup/vec4;
    %pushi/vec4 10, 0, 4;
    %cmp/u;
    %jmp/1 T_4.66, 6;
    %dup/vec4;
    %pushi/vec4 11, 0, 4;
    %cmp/u;
    %jmp/1 T_4.67, 6;
    %dup/vec4;
    %pushi/vec4 12, 0, 4;
    %cmp/u;
    %jmp/1 T_4.68, 6;
    %dup/vec4;
    %pushi/vec4 13, 0, 4;
    %cmp/u;
    %jmp/1 T_4.69, 6;
    %dup/vec4;
    %pushi/vec4 14, 0, 4;
    %cmp/u;
    %jmp/1 T_4.70, 6;
    %dup/vec4;
    %pushi/vec4 15, 0, 4;
    %cmp/u;
    %jmp/1 T_4.71, 6;
    %jmp T_4.72;
T_4.56 ;
    %load/vec4 v0x62d3130c1dc0_0;
    %pushi/vec4 1, 0, 4;
    %xor;
    %ret/vec4 0, 0, 4;  Assign to fexp_arith_xci_bar (store_vec4_to_lval)
    %jmp T_4.72;
T_4.57 ;
    %load/vec4 v0x62d3130c1dc0_0;
    %load/vec4 v0x62d3130c1ec0_0;
    %or;
    %pushi/vec4 1, 0, 4;
    %xor;
    %ret/vec4 0, 0, 4;  Assign to fexp_arith_xci_bar (store_vec4_to_lval)
    %jmp T_4.72;
T_4.58 ;
    %load/vec4 v0x62d3130c1dc0_0;
    %load/vec4 v0x62d3130c1ec0_0;
    %inv;
    %or;
    %pushi/vec4 1, 0, 4;
    %xor;
    %ret/vec4 0, 0, 4;  Assign to fexp_arith_xci_bar (store_vec4_to_lval)
    %jmp T_4.72;
T_4.59 ;
    %pushi/vec4 0, 0, 4;
    %ret/vec4 0, 0, 4;  Assign to fexp_arith_xci_bar (store_vec4_to_lval)
    %jmp T_4.72;
T_4.60 ;
    %load/vec4 v0x62d3130c1dc0_0;
    %load/vec4 v0x62d3130c1dc0_0;
    %load/vec4 v0x62d3130c1ec0_0;
    %inv;
    %and;
    %xor;
    %pushi/vec4 1, 0, 4;
    %xor;
    %ret/vec4 0, 0, 4;  Assign to fexp_arith_xci_bar (store_vec4_to_lval)
    %jmp T_4.72;
T_4.61 ;
    %load/vec4 v0x62d3130c1dc0_0;
    %load/vec4 v0x62d3130c1ec0_0;
    %or;
    %load/vec4 v0x62d3130c1dc0_0;
    %load/vec4 v0x62d3130c1ec0_0;
    %inv;
    %and;
    %xor;
    %pushi/vec4 1, 0, 4;
    %xor;
    %ret/vec4 0, 0, 4;  Assign to fexp_arith_xci_bar (store_vec4_to_lval)
    %jmp T_4.72;
T_4.62 ;
    %load/vec4 v0x62d3130c1dc0_0;
    %load/vec4 v0x62d3130c1ec0_0;
    %inv;
    %addi 1, 0, 4;
    %xor;
    %ret/vec4 0, 0, 4;  Assign to fexp_arith_xci_bar (store_vec4_to_lval)
    %jmp T_4.72;
T_4.63 ;
    %load/vec4 v0x62d3130c1dc0_0;
    %load/vec4 v0x62d3130c1ec0_0;
    %inv;
    %and;
    %ret/vec4 0, 0, 4;  Assign to fexp_arith_xci_bar (store_vec4_to_lval)
    %jmp T_4.72;
T_4.64 ;
    %load/vec4 v0x62d3130c1dc0_0;
    %load/vec4 v0x62d3130c1dc0_0;
    %load/vec4 v0x62d3130c1ec0_0;
    %and;
    %xor;
    %pushi/vec4 1, 0, 4;
    %xor;
    %ret/vec4 0, 0, 4;  Assign to fexp_arith_xci_bar (store_vec4_to_lval)
    %jmp T_4.72;
T_4.65 ;
    %load/vec4 v0x62d3130c1dc0_0;
    %load/vec4 v0x62d3130c1ec0_0;
    %xor;
    %pushi/vec4 1, 0, 4;
    %xor;
    %ret/vec4 0, 0, 4;  Assign to fexp_arith_xci_bar (store_vec4_to_lval)
    %jmp T_4.72;
T_4.66 ;
    %load/vec4 v0x62d3130c1dc0_0;
    %load/vec4 v0x62d3130c1ec0_0;
    %inv;
    %or;
    %load/vec4 v0x62d3130c1dc0_0;
    %load/vec4 v0x62d3130c1ec0_0;
    %and;
    %xor;
    %pushi/vec4 1, 0, 4;
    %xor;
    %ret/vec4 0, 0, 4;  Assign to fexp_arith_xci_bar (store_vec4_to_lval)
    %jmp T_4.72;
T_4.67 ;
    %load/vec4 v0x62d3130c1dc0_0;
    %load/vec4 v0x62d3130c1ec0_0;
    %and;
    %ret/vec4 0, 0, 4;  Assign to fexp_arith_xci_bar (store_vec4_to_lval)
    %jmp T_4.72;
T_4.68 ;
    %load/vec4 v0x62d3130c1dc0_0;
    %load/vec4 v0x62d3130c1dc0_0;
    %xor;
    %pushi/vec4 1, 0, 4;
    %xor;
    %ret/vec4 0, 0, 4;  Assign to fexp_arith_xci_bar (store_vec4_to_lval)
    %jmp T_4.72;
T_4.69 ;
    %load/vec4 v0x62d3130c1dc0_0;
    %load/vec4 v0x62d3130c1ec0_0;
    %or;
    %load/vec4 v0x62d3130c1dc0_0;
    %xor;
    %pushi/vec4 1, 0, 4;
    %xor;
    %ret/vec4 0, 0, 4;  Assign to fexp_arith_xci_bar (store_vec4_to_lval)
    %jmp T_4.72;
T_4.70 ;
    %load/vec4 v0x62d3130c1dc0_0;
    %load/vec4 v0x62d3130c1ec0_0;
    %inv;
    %or;
    %load/vec4 v0x62d3130c1dc0_0;
    %xor;
    %pushi/vec4 1, 0, 4;
    %xor;
    %ret/vec4 0, 0, 4;  Assign to fexp_arith_xci_bar (store_vec4_to_lval)
    %jmp T_4.72;
T_4.71 ;
    %load/vec4 v0x62d3130c1dc0_0;
    %ret/vec4 0, 0, 4;  Assign to fexp_arith_xci_bar (store_vec4_to_lval)
    %jmp T_4.72;
T_4.72 ;
    %pop/vec4 1;
    %end;
S_0x62d3130c2140 .scope function.vec4.s4, "fexp_logic_ci_bar" "fexp_logic_ci_bar" 3 282, 3 282 0, S_0x62d31302b380;
 .timescale 0 0;
v0x62d3130c2320_0 .var "A", 3 0;
v0x62d3130c2420_0 .var "B", 3 0;
v0x62d3130c2500_0 .var "S", 3 0;
; Variable fexp_logic_ci_bar is vec4 return value of scope S_0x62d3130c2140
TD_$unit.fexp_logic_ci_bar ;
    %load/vec4 v0x62d3130c2500_0;
    %dup/vec4;
    %pushi/vec4 0, 0, 4;
    %cmp/u;
    %jmp/1 T_5.73, 6;
    %dup/vec4;
    %pushi/vec4 1, 0, 4;
    %cmp/u;
    %jmp/1 T_5.74, 6;
    %dup/vec4;
    %pushi/vec4 2, 0, 4;
    %cmp/u;
    %jmp/1 T_5.75, 6;
    %dup/vec4;
    %pushi/vec4 3, 0, 4;
    %cmp/u;
    %jmp/1 T_5.76, 6;
    %dup/vec4;
    %pushi/vec4 4, 0, 4;
    %cmp/u;
    %jmp/1 T_5.77, 6;
    %dup/vec4;
    %pushi/vec4 5, 0, 4;
    %cmp/u;
    %jmp/1 T_5.78, 6;
    %dup/vec4;
    %pushi/vec4 6, 0, 4;
    %cmp/u;
    %jmp/1 T_5.79, 6;
    %dup/vec4;
    %pushi/vec4 7, 0, 4;
    %cmp/u;
    %jmp/1 T_5.80, 6;
    %dup/vec4;
    %pushi/vec4 8, 0, 4;
    %cmp/u;
    %jmp/1 T_5.81, 6;
    %dup/vec4;
    %pushi/vec4 9, 0, 4;
    %cmp/u;
    %jmp/1 T_5.82, 6;
    %dup/vec4;
    %pushi/vec4 10, 0, 4;
    %cmp/u;
    %jmp/1 T_5.83, 6;
    %dup/vec4;
    %pushi/vec4 11, 0, 4;
    %cmp/u;
    %jmp/1 T_5.84, 6;
    %dup/vec4;
    %pushi/vec4 12, 0, 4;
    %cmp/u;
    %jmp/1 T_5.85, 6;
    %dup/vec4;
    %pushi/vec4 13, 0, 4;
    %cmp/u;
    %jmp/1 T_5.86, 6;
    %dup/vec4;
    %pushi/vec4 14, 0, 4;
    %cmp/u;
    %jmp/1 T_5.87, 6;
    %dup/vec4;
    %pushi/vec4 15, 0, 4;
    %cmp/u;
    %jmp/1 T_5.88, 6;
    %jmp T_5.89;
T_5.73 ;
    %load/vec4 v0x62d3130c2320_0;
    %inv;
    %ret/vec4 0, 0, 4;  Assign to fexp_logic_ci_bar (store_vec4_to_lval)
    %jmp T_5.89;
T_5.74 ;
    %load/vec4 v0x62d3130c2320_0;
    %load/vec4 v0x62d3130c2420_0;
    %or;
    %inv;
    %ret/vec4 0, 0, 4;  Assign to fexp_logic_ci_bar (store_vec4_to_lval)
    %jmp T_5.89;
T_5.75 ;
    %load/vec4 v0x62d3130c2320_0;
    %inv;
    %load/vec4 v0x62d3130c2420_0;
    %and;
    %ret/vec4 0, 0, 4;  Assign to fexp_logic_ci_bar (store_vec4_to_lval)
    %jmp T_5.89;
T_5.76 ;
    %pushi/vec4 0, 0, 4;
    %ret/vec4 0, 0, 4;  Assign to fexp_logic_ci_bar (store_vec4_to_lval)
    %jmp T_5.89;
T_5.77 ;
    %load/vec4 v0x62d3130c2320_0;
    %load/vec4 v0x62d3130c2420_0;
    %and;
    %inv;
    %ret/vec4 0, 0, 4;  Assign to fexp_logic_ci_bar (store_vec4_to_lval)
    %jmp T_5.89;
T_5.78 ;
    %load/vec4 v0x62d3130c2420_0;
    %inv;
    %ret/vec4 0, 0, 4;  Assign to fexp_logic_ci_bar (store_vec4_to_lval)
    %jmp T_5.89;
T_5.79 ;
    %load/vec4 v0x62d3130c2320_0;
    %load/vec4 v0x62d3130c2420_0;
    %xor;
    %ret/vec4 0, 0, 4;  Assign to fexp_logic_ci_bar (store_vec4_to_lval)
    %jmp T_5.89;
T_5.80 ;
    %load/vec4 v0x62d3130c2320_0;
    %load/vec4 v0x62d3130c2420_0;
    %inv;
    %and;
    %ret/vec4 0, 0, 4;  Assign to fexp_logic_ci_bar (store_vec4_to_lval)
    %jmp T_5.89;
T_5.81 ;
    %load/vec4 v0x62d3130c2320_0;
    %inv;
    %load/vec4 v0x62d3130c2420_0;
    %or;
    %ret/vec4 0, 0, 4;  Assign to fexp_logic_ci_bar (store_vec4_to_lval)
    %jmp T_5.89;
T_5.82 ;
    %load/vec4 v0x62d3130c2320_0;
    %load/vec4 v0x62d3130c2420_0;
    %xor;
    %inv;
    %ret/vec4 0, 0, 4;  Assign to fexp_logic_ci_bar (store_vec4_to_lval)
    %jmp T_5.89;
T_5.83 ;
    %load/vec4 v0x62d3130c2420_0;
    %ret/vec4 0, 0, 4;  Assign to fexp_logic_ci_bar (store_vec4_to_lval)
    %jmp T_5.89;
T_5.84 ;
    %load/vec4 v0x62d3130c2320_0;
    %load/vec4 v0x62d3130c2420_0;
    %and;
    %ret/vec4 0, 0, 4;  Assign to fexp_logic_ci_bar (store_vec4_to_lval)
    %jmp T_5.89;
T_5.85 ;
    %pushi/vec4 15, 0, 4;
    %ret/vec4 0, 0, 4;  Assign to fexp_logic_ci_bar (store_vec4_to_lval)
    %jmp T_5.89;
T_5.86 ;
    %load/vec4 v0x62d3130c2320_0;
    %load/vec4 v0x62d3130c2420_0;
    %inv;
    %or;
    %ret/vec4 0, 0, 4;  Assign to fexp_logic_ci_bar (store_vec4_to_lval)
    %jmp T_5.89;
T_5.87 ;
    %load/vec4 v0x62d3130c2320_0;
    %load/vec4 v0x62d3130c2420_0;
    %or;
    %ret/vec4 0, 0, 4;  Assign to fexp_logic_ci_bar (store_vec4_to_lval)
    %jmp T_5.89;
T_5.88 ;
    %load/vec4 v0x62d3130c2320_0;
    %ret/vec4 0, 0, 4;  Assign to fexp_logic_ci_bar (store_vec4_to_lval)
    %jmp T_5.89;
T_5.89 ;
    %pop/vec4 1;
    %end;
S_0x62d3130c26a0 .scope function.vec4.s1, "input_out1" "input_out1" 3 80, 3 80 0, S_0x62d31302b380;
 .timescale 0 0;
v0x62d3130c2880_0 .var "A", 0 0;
v0x62d3130c2960_0 .var "B", 0 0;
v0x62d3130c2a20_0 .var "S", 3 0;
; Variable input_out1 is vec4 return value of scope S_0x62d3130c26a0
TD_$unit.input_out1 ;
    %load/vec4 v0x62d3130c2880_0;
    %load/vec4 v0x62d3130c2960_0;
    %and;
    %load/vec4 v0x62d3130c2a20_0;
    %parti/s 1, 3, 3;
    %and;
    %load/vec4 v0x62d3130c2880_0;
    %load/vec4 v0x62d3130c2960_0;
    %inv;
    %and;
    %load/vec4 v0x62d3130c2a20_0;
    %parti/s 1, 2, 3;
    %and;
    %or;
    %inv;
    %ret/vec4 0, 0, 1;  Assign to input_out1 (store_vec4_to_lval)
    %end;
S_0x62d3130c2ba0 .scope function.vec4.s1, "input_out2" "input_out2" 3 91, 3 91 0, S_0x62d31302b380;
 .timescale 0 0;
v0x62d3130c2d80_0 .var "A", 0 0;
v0x62d3130c2e60_0 .var "B", 0 0;
v0x62d3130c2f20_0 .var "S", 3 0;
; Variable input_out2 is vec4 return value of scope S_0x62d3130c2ba0
TD_$unit.input_out2 ;
    %load/vec4 v0x62d3130c2d80_0;
    %load/vec4 v0x62d3130c2e60_0;
    %inv;
    %load/vec4 v0x62d3130c2f20_0;
    %parti/s 1, 1, 2;
    %and;
    %or;
    %load/vec4 v0x62d3130c2e60_0;
    %load/vec4 v0x62d3130c2f20_0;
    %parti/s 1, 0, 2;
    %and;
    %or;
    %inv;
    %ret/vec4 0, 0, 1;  Assign to input_out2 (store_vec4_to_lval)
    %end;
S_0x62d3130c30d0 .scope function.vec4.s1, "x_general" "x_general" 3 154, 3 154 0, S_0x62d31302b380;
 .timescale 0 0;
v0x62d3130c32b0_0 .var "A", 3 0;
v0x62d3130c33b0_0 .var "B", 3 0;
v0x62d3130c3490_0 .var "CI_BAR", 0 0;
v0x62d3130c3560_0 .var "S", 3 0;
; Variable x_general is vec4 return value of scope S_0x62d3130c30d0
TD_$unit.x_general ;
    %pushi/vec4 9, 0, 4;
    %store/vec4 v0x62d3130c3560_0, 0, 4;
    %load/vec4 v0x62d3130c32b0_0;
    %parti/s 1, 3, 3;
    %load/vec4 v0x62d3130c33b0_0;
    %parti/s 1, 3, 3;
    %load/vec4 v0x62d3130c3560_0;
    %store/vec4 v0x62d3130c2a20_0, 0, 4;
    %store/vec4 v0x62d3130c2960_0, 0, 1;
    %store/vec4 v0x62d3130c2880_0, 0, 1;
    %callf/vec4 TD_$unit.input_out1, S_0x62d3130c26a0;
    %flag_set/vec4 11;
    %flag_get/vec4 11;
    %jmp/0 T_8.93, 11;
    %load/vec4 v0x62d3130c32b0_0;
    %parti/s 1, 2, 3;
    %load/vec4 v0x62d3130c33b0_0;
    %parti/s 1, 2, 3;
    %load/vec4 v0x62d3130c3560_0;
    %store/vec4 v0x62d3130c2a20_0, 0, 4;
    %store/vec4 v0x62d3130c2960_0, 0, 1;
    %store/vec4 v0x62d3130c2880_0, 0, 1;
    %callf/vec4 TD_$unit.input_out1, S_0x62d3130c26a0;
    %and;
T_8.93;
    %flag_set/vec4 10;
    %flag_get/vec4 10;
    %jmp/0 T_8.92, 10;
    %load/vec4 v0x62d3130c32b0_0;
    %parti/s 1, 1, 2;
    %load/vec4 v0x62d3130c33b0_0;
    %parti/s 1, 1, 2;
    %load/vec4 v0x62d3130c3560_0;
    %store/vec4 v0x62d3130c2a20_0, 0, 4;
    %store/vec4 v0x62d3130c2960_0, 0, 1;
    %store/vec4 v0x62d3130c2880_0, 0, 1;
    %callf/vec4 TD_$unit.input_out1, S_0x62d3130c26a0;
    %and;
T_8.92;
    %flag_set/vec4 9;
    %flag_get/vec4 9;
    %jmp/0 T_8.91, 9;
    %load/vec4 v0x62d3130c32b0_0;
    %parti/s 1, 0, 2;
    %load/vec4 v0x62d3130c33b0_0;
    %parti/s 1, 0, 2;
    %load/vec4 v0x62d3130c3560_0;
    %store/vec4 v0x62d3130c2a20_0, 0, 4;
    %store/vec4 v0x62d3130c2960_0, 0, 1;
    %store/vec4 v0x62d3130c2880_0, 0, 1;
    %callf/vec4 TD_$unit.input_out1, S_0x62d3130c26a0;
    %and;
T_8.91;
    %inv;
    %flag_set/vec4 8;
    %flag_get/vec4 8;
    %jmp/1 T_8.90, 8;
    %load/vec4 v0x62d3130c32b0_0;
    %parti/s 1, 0, 2;
    %load/vec4 v0x62d3130c33b0_0;
    %parti/s 1, 0, 2;
    %load/vec4 v0x62d3130c3560_0;
    %store/vec4 v0x62d3130c2a20_0, 0, 4;
    %store/vec4 v0x62d3130c2960_0, 0, 1;
    %store/vec4 v0x62d3130c2880_0, 0, 1;
    %callf/vec4 TD_$unit.input_out1, S_0x62d3130c26a0;
    %flag_set/vec4 8;
    %flag_get/vec4 8;
    %jmp/0 T_8.94, 8;
    %load/vec4 v0x62d3130c3490_0;
    %inv;
    %and;
T_8.94;
    %or;
T_8.90;
    %ret/vec4 0, 0, 1;  Assign to x_general (store_vec4_to_lval)
    %end;
S_0x62d3130c3700 .scope function.vec4.s1, "x_pick" "x_pick" 3 170, 3 170 0, S_0x62d31302b380;
 .timescale 0 0;
v0x62d3130c38e0_0 .var "A", 3 0;
v0x62d3130c39e0_0 .var "B", 3 0;
v0x62d3130c3ac0_0 .var "CI_BAR", 0 0;
v0x62d3130c3b60_0 .var "S", 3 0;
; Variable x_pick is vec4 return value of scope S_0x62d3130c3700
TD_$unit.x_pick ;
    %load/vec4 v0x62d3130c3b60_0;
    %dup/vec4;
    %pushi/vec4 0, 0, 4;
    %cmp/u;
    %jmp/1 T_9.95, 6;
    %dup/vec4;
    %pushi/vec4 1, 0, 4;
    %cmp/u;
    %jmp/1 T_9.96, 6;
    %dup/vec4;
    %pushi/vec4 2, 0, 4;
    %cmp/u;
    %jmp/1 T_9.97, 6;
    %dup/vec4;
    %pushi/vec4 3, 0, 4;
    %cmp/u;
    %jmp/1 T_9.98, 6;
    %dup/vec4;
    %pushi/vec4 4, 0, 4;
    %cmp/u;
    %jmp/1 T_9.99, 6;
    %dup/vec4;
    %pushi/vec4 5, 0, 4;
    %cmp/u;
    %jmp/1 T_9.100, 6;
    %dup/vec4;
    %pushi/vec4 6, 0, 4;
    %cmp/u;
    %jmp/1 T_9.101, 6;
    %dup/vec4;
    %pushi/vec4 7, 0, 4;
    %cmp/u;
    %jmp/1 T_9.102, 6;
    %dup/vec4;
    %pushi/vec4 8, 0, 4;
    %cmp/u;
    %jmp/1 T_9.103, 6;
    %dup/vec4;
    %pushi/vec4 9, 0, 4;
    %cmp/u;
    %jmp/1 T_9.104, 6;
    %dup/vec4;
    %pushi/vec4 10, 0, 4;
    %cmp/u;
    %jmp/1 T_9.105, 6;
    %dup/vec4;
    %pushi/vec4 11, 0, 4;
    %cmp/u;
    %jmp/1 T_9.106, 6;
    %dup/vec4;
    %pushi/vec4 12, 0, 4;
    %cmp/u;
    %jmp/1 T_9.107, 6;
    %dup/vec4;
    %pushi/vec4 13, 0, 4;
    %cmp/u;
    %jmp/1 T_9.108, 6;
    %dup/vec4;
    %pushi/vec4 14, 0, 4;
    %cmp/u;
    %jmp/1 T_9.109, 6;
    %dup/vec4;
    %pushi/vec4 15, 0, 4;
    %cmp/u;
    %jmp/1 T_9.110, 6;
    %jmp T_9.111;
T_9.95 ;
    %load/vec4 v0x62d3130c3ac0_0;
    %load/vec4 v0x62d3130c38e0_0;
    %pushi/vec4 0, 0, 4;
    %store/vec4 v0x62d3130c33b0_0, 0, 4;
    %store/vec4 v0x62d3130c32b0_0, 0, 4;
    %store/vec4 v0x62d3130c3490_0, 0, 1;
    %callf/vec4 TD_$unit.x_general, S_0x62d3130c30d0;
    %ret/vec4 0, 0, 1;  Assign to x_pick (store_vec4_to_lval)
    %jmp T_9.111;
T_9.96 ;
    %load/vec4 v0x62d3130c3ac0_0;
    %load/vec4 v0x62d3130c38e0_0;
    %load/vec4 v0x62d3130c39e0_0;
    %or;
    %pushi/vec4 0, 0, 4;
    %store/vec4 v0x62d3130c33b0_0, 0, 4;
    %store/vec4 v0x62d3130c32b0_0, 0, 4;
    %store/vec4 v0x62d3130c3490_0, 0, 1;
    %callf/vec4 TD_$unit.x_general, S_0x62d3130c30d0;
    %ret/vec4 0, 0, 1;  Assign to x_pick (store_vec4_to_lval)
    %jmp T_9.111;
T_9.97 ;
    %load/vec4 v0x62d3130c3ac0_0;
    %load/vec4 v0x62d3130c38e0_0;
    %load/vec4 v0x62d3130c39e0_0;
    %inv;
    %or;
    %pushi/vec4 0, 0, 4;
    %store/vec4 v0x62d3130c33b0_0, 0, 4;
    %store/vec4 v0x62d3130c32b0_0, 0, 4;
    %store/vec4 v0x62d3130c3490_0, 0, 1;
    %callf/vec4 TD_$unit.x_general, S_0x62d3130c30d0;
    %ret/vec4 0, 0, 1;  Assign to x_pick (store_vec4_to_lval)
    %jmp T_9.111;
T_9.98 ;
    %pushi/vec4 0, 0, 1;
    %ret/vec4 0, 0, 1;  Assign to x_pick (store_vec4_to_lval)
    %jmp T_9.111;
T_9.99 ;
    %load/vec4 v0x62d3130c3ac0_0;
    %load/vec4 v0x62d3130c38e0_0;
    %load/vec4 v0x62d3130c38e0_0;
    %load/vec4 v0x62d3130c39e0_0;
    %inv;
    %and;
    %store/vec4 v0x62d3130c33b0_0, 0, 4;
    %store/vec4 v0x62d3130c32b0_0, 0, 4;
    %store/vec4 v0x62d3130c3490_0, 0, 1;
    %callf/vec4 TD_$unit.x_general, S_0x62d3130c30d0;
    %ret/vec4 0, 0, 1;  Assign to x_pick (store_vec4_to_lval)
    %jmp T_9.111;
T_9.100 ;
    %load/vec4 v0x62d3130c3ac0_0;
    %load/vec4 v0x62d3130c38e0_0;
    %load/vec4 v0x62d3130c39e0_0;
    %or;
    %load/vec4 v0x62d3130c38e0_0;
    %load/vec4 v0x62d3130c39e0_0;
    %inv;
    %and;
    %store/vec4 v0x62d3130c33b0_0, 0, 4;
    %store/vec4 v0x62d3130c32b0_0, 0, 4;
    %store/vec4 v0x62d3130c3490_0, 0, 1;
    %callf/vec4 TD_$unit.x_general, S_0x62d3130c30d0;
    %ret/vec4 0, 0, 1;  Assign to x_pick (store_vec4_to_lval)
    %jmp T_9.111;
T_9.101 ;
    %load/vec4 v0x62d3130c3ac0_0;
    %load/vec4 v0x62d3130c38e0_0;
    %load/vec4 v0x62d3130c39e0_0;
    %addi 1, 0, 4;
    %inv;
    %addi 1, 0, 4;
    %store/vec4 v0x62d3130c33b0_0, 0, 4;
    %store/vec4 v0x62d3130c32b0_0, 0, 4;
    %store/vec4 v0x62d3130c3490_0, 0, 1;
    %callf/vec4 TD_$unit.x_general, S_0x62d3130c30d0;
    %ret/vec4 0, 0, 1;  Assign to x_pick (store_vec4_to_lval)
    %jmp T_9.111;
T_9.102 ;
    %load/vec4 v0x62d3130c3ac0_0;
    %load/vec4 v0x62d3130c38e0_0;
    %load/vec4 v0x62d3130c39e0_0;
    %inv;
    %and;
    %pushi/vec4 15, 0, 4;
    %store/vec4 v0x62d3130c33b0_0, 0, 4;
    %store/vec4 v0x62d3130c32b0_0, 0, 4;
    %store/vec4 v0x62d3130c3490_0, 0, 1;
    %callf/vec4 TD_$unit.x_general, S_0x62d3130c30d0;
    %ret/vec4 0, 0, 1;  Assign to x_pick (store_vec4_to_lval)
    %jmp T_9.111;
T_9.103 ;
    %load/vec4 v0x62d3130c3ac0_0;
    %load/vec4 v0x62d3130c38e0_0;
    %load/vec4 v0x62d3130c38e0_0;
    %load/vec4 v0x62d3130c39e0_0;
    %and;
    %store/vec4 v0x62d3130c33b0_0, 0, 4;
    %store/vec4 v0x62d3130c32b0_0, 0, 4;
    %store/vec4 v0x62d3130c3490_0, 0, 1;
    %callf/vec4 TD_$unit.x_general, S_0x62d3130c30d0;
    %ret/vec4 0, 0, 1;  Assign to x_pick (store_vec4_to_lval)
    %jmp T_9.111;
T_9.104 ;
    %load/vec4 v0x62d3130c3ac0_0;
    %load/vec4 v0x62d3130c38e0_0;
    %load/vec4 v0x62d3130c39e0_0;
    %store/vec4 v0x62d3130c33b0_0, 0, 4;
    %store/vec4 v0x62d3130c32b0_0, 0, 4;
    %store/vec4 v0x62d3130c3490_0, 0, 1;
    %callf/vec4 TD_$unit.x_general, S_0x62d3130c30d0;
    %ret/vec4 0, 0, 1;  Assign to x_pick (store_vec4_to_lval)
    %jmp T_9.111;
T_9.105 ;
    %load/vec4 v0x62d3130c3ac0_0;
    %load/vec4 v0x62d3130c38e0_0;
    %load/vec4 v0x62d3130c39e0_0;
    %inv;
    %or;
    %load/vec4 v0x62d3130c38e0_0;
    %load/vec4 v0x62d3130c39e0_0;
    %and;
    %store/vec4 v0x62d3130c33b0_0, 0, 4;
    %store/vec4 v0x62d3130c32b0_0, 0, 4;
    %store/vec4 v0x62d3130c3490_0, 0, 1;
    %callf/vec4 TD_$unit.x_general, S_0x62d3130c30d0;
    %ret/vec4 0, 0, 1;  Assign to x_pick (store_vec4_to_lval)
    %jmp T_9.111;
T_9.106 ;
    %load/vec4 v0x62d3130c3ac0_0;
    %load/vec4 v0x62d3130c38e0_0;
    %load/vec4 v0x62d3130c39e0_0;
    %and;
    %pushi/vec4 15, 0, 4;
    %store/vec4 v0x62d3130c33b0_0, 0, 4;
    %store/vec4 v0x62d3130c32b0_0, 0, 4;
    %store/vec4 v0x62d3130c3490_0, 0, 1;
    %callf/vec4 TD_$unit.x_general, S_0x62d3130c30d0;
    %ret/vec4 0, 0, 1;  Assign to x_pick (store_vec4_to_lval)
    %jmp T_9.111;
T_9.107 ;
    %load/vec4 v0x62d3130c3ac0_0;
    %load/vec4 v0x62d3130c38e0_0;
    %load/vec4 v0x62d3130c38e0_0;
    %store/vec4 v0x62d3130c33b0_0, 0, 4;
    %store/vec4 v0x62d3130c32b0_0, 0, 4;
    %store/vec4 v0x62d3130c3490_0, 0, 1;
    %callf/vec4 TD_$unit.x_general, S_0x62d3130c30d0;
    %ret/vec4 0, 0, 1;  Assign to x_pick (store_vec4_to_lval)
    %jmp T_9.111;
T_9.108 ;
    %load/vec4 v0x62d3130c3ac0_0;
    %load/vec4 v0x62d3130c38e0_0;
    %load/vec4 v0x62d3130c38e0_0;
    %load/vec4 v0x62d3130c39e0_0;
    %or;
    %store/vec4 v0x62d3130c33b0_0, 0, 4;
    %store/vec4 v0x62d3130c32b0_0, 0, 4;
    %store/vec4 v0x62d3130c3490_0, 0, 1;
    %callf/vec4 TD_$unit.x_general, S_0x62d3130c30d0;
    %ret/vec4 0, 0, 1;  Assign to x_pick (store_vec4_to_lval)
    %jmp T_9.111;
T_9.109 ;
    %load/vec4 v0x62d3130c3ac0_0;
    %load/vec4 v0x62d3130c38e0_0;
    %load/vec4 v0x62d3130c38e0_0;
    %load/vec4 v0x62d3130c39e0_0;
    %inv;
    %or;
    %store/vec4 v0x62d3130c33b0_0, 0, 4;
    %store/vec4 v0x62d3130c32b0_0, 0, 4;
    %store/vec4 v0x62d3130c3490_0, 0, 1;
    %callf/vec4 TD_$unit.x_general, S_0x62d3130c30d0;
    %ret/vec4 0, 0, 1;  Assign to x_pick (store_vec4_to_lval)
    %jmp T_9.111;
T_9.110 ;
    %load/vec4 v0x62d3130c3ac0_0;
    %load/vec4 v0x62d3130c38e0_0;
    %pushi/vec4 15, 0, 4;
    %store/vec4 v0x62d3130c33b0_0, 0, 4;
    %store/vec4 v0x62d3130c32b0_0, 0, 4;
    %store/vec4 v0x62d3130c3490_0, 0, 1;
    %callf/vec4 TD_$unit.x_general, S_0x62d3130c30d0;
    %ret/vec4 0, 0, 1;  Assign to x_pick (store_vec4_to_lval)
    %jmp T_9.111;
T_9.111 ;
    %pop/vec4 1;
    %end;
S_0x62d3130a2e60 .scope module, "tb_alu" "tb_alu" 4 3;
 .timescale -9 -11;
P_0x62d313079450 .param/l "TICKPERIOD" 1 4 57, +C4<00000000000000000000000000010100>;
v0x62d3130d61a0_0 .var "A", 3 0;
v0x62d3130d6280_0 .net "AEQB", 0 0, L_0x62d3130d78a0;  1 drivers
v0x62d3130d6390_0 .var "AEQB_EXPECTED", 0 0;
v0x62d3130d6430_0 .var "B", 3 0;
v0x62d3130d64d0_0 .var "COMMENT", 255 0;
v0x62d3130d6600_0 .var/i "COUNT", 31 0;
v0x62d3130d66e0_0 .var "Ci_bar", 0 0;
v0x62d3130d6780_0 .net "Co_bar", 0 0, v0x62d3130c73a0_0;  1 drivers
v0x62d3130d6870_0 .var "Co_bar_EXPECTED", 0 0;
v0x62d3130d6930_0 .var "ERRORS", 31 0;
v0x62d3130d6a10_0 .net "F", 3 0, L_0x62d3130f20a0;  1 drivers
v0x62d3130d6af0_0 .var/i "FD", 31 0;
v0x62d3130d6bd0_0 .var "F_EXPECTED", 3 0;
v0x62d3130d6cb0_0 .var "M", 0 0;
v0x62d3130d6d50_0 .var "S", 3 0;
v0x62d3130d6e10_0 .var "TICK", 0 0;
v0x62d3130d6ed0_0 .var "VECTORCOUNT", 31 0;
v0x62d3130d70c0_0 .net "X", 0 0, v0x62d3130c7630_0;  1 drivers
v0x62d3130d7160_0 .var "X_EXPECTED", 0 0;
v0x62d3130d7220_0 .var "eof", 0 0;
v0x62d3130d72e0_0 .var/2s "i", 31 0;
v0x62d3130d73c0 .array "input_coverage", 63 0, 31 0;
v0x62d3130d7480_0 .var "prev_A", 3 0;
v0x62d3130d7560_0 .var "prev_B", 3 0;
v0x62d3130d7640_0 .var "prev_Ci_bar", 0 0;
v0x62d3130d7700_0 .var "prev_M", 0 0;
v0x62d3130d77c0_0 .var "prev_S", 3 0;
E_0x62d312fe9f60 .event anyedge, v0x62d3130d7220_0;
E_0x62d312fe9cd0 .event posedge, v0x62d3130d6e10_0;
E_0x62d312fea750 .event negedge, v0x62d3130d6e10_0;
L_0x62d3130f20a0 .concat8 [ 1 1 1 1], L_0x62d3130e8db0, L_0x62d3130eac80, L_0x62d3130ed650, L_0x62d3130f1d80;
S_0x62d3130c3dd0 .scope task, "AEQB_EXP" "AEQB_EXP" 4 729, 4 729 0, S_0x62d3130a2e60;
 .timescale -9 -11;
TD_tb_alu.AEQB_EXP ;
    %load/vec4 v0x62d3130d61a0_0;
    %load/vec4 v0x62d3130d6430_0;
    %cmp/e;
    %flag_get/vec4 4;
    %store/vec4 v0x62d3130d6390_0, 0, 1;
    %end;
S_0x62d3130c3fd0 .scope task, "Co_bar_EXP" "Co_bar_EXP" 4 696, 4 696 0, S_0x62d3130a2e60;
 .timescale -9 -11;
TD_tb_alu.Co_bar_EXP ;
    %load/vec4 v0x62d3130d6cb0_0;
    %pad/u 32;
    %cmpi/e 0, 0, 32;
    %jmp/0xz  T_11.112, 4;
    %load/vec4 v0x62d3130d6d50_0;
    %dup/vec4;
    %pushi/vec4 0, 0, 4;
    %cmp/u;
    %jmp/1 T_11.114, 6;
    %dup/vec4;
    %pushi/vec4 1, 0, 4;
    %cmp/u;
    %jmp/1 T_11.115, 6;
    %dup/vec4;
    %pushi/vec4 2, 0, 4;
    %cmp/u;
    %jmp/1 T_11.116, 6;
    %dup/vec4;
    %pushi/vec4 3, 0, 4;
    %cmp/u;
    %jmp/1 T_11.117, 6;
    %dup/vec4;
    %pushi/vec4 4, 0, 4;
    %cmp/u;
    %jmp/1 T_11.118, 6;
    %dup/vec4;
    %pushi/vec4 5, 0, 4;
    %cmp/u;
    %jmp/1 T_11.119, 6;
    %dup/vec4;
    %pushi/vec4 6, 0, 4;
    %cmp/u;
    %jmp/1 T_11.120, 6;
    %dup/vec4;
    %pushi/vec4 7, 0, 4;
    %cmp/u;
    %jmp/1 T_11.121, 6;
    %dup/vec4;
    %pushi/vec4 8, 0, 4;
    %cmp/u;
    %jmp/1 T_11.122, 6;
    %dup/vec4;
    %pushi/vec4 9, 0, 4;
    %cmp/u;
    %jmp/1 T_11.123, 6;
    %dup/vec4;
    %pushi/vec4 10, 0, 4;
    %cmp/u;
    %jmp/1 T_11.124, 6;
    %dup/vec4;
    %pushi/vec4 11, 0, 4;
    %cmp/u;
    %jmp/1 T_11.125, 6;
    %dup/vec4;
    %pushi/vec4 12, 0, 4;
    %cmp/u;
    %jmp/1 T_11.126, 6;
    %dup/vec4;
    %pushi/vec4 13, 0, 4;
    %cmp/u;
    %jmp/1 T_11.127, 6;
    %dup/vec4;
    %pushi/vec4 14, 0, 4;
    %cmp/u;
    %jmp/1 T_11.128, 6;
    %dup/vec4;
    %pushi/vec4 15, 0, 4;
    %cmp/u;
    %jmp/1 T_11.129, 6;
    %jmp T_11.130;
T_11.114 ;
    %load/vec4 v0x62d3130d66e0_0;
    %load/vec4 v0x62d3130d61a0_0;
    %pushi/vec4 0, 0, 4;
    %store/vec4 v0x62d3130c5de0_0, 0, 4;
    %store/vec4 v0x62d3130c5ce0_0, 0, 4;
    %store/vec4 v0x62d3130c5ec0_0, 0, 1;
    %callf/vec4 TD_tb_alu.co_bar_general, S_0x62d3130c5b00;
    %store/vec4 v0x62d3130d6870_0, 0, 1;
    %jmp T_11.130;
T_11.115 ;
    %load/vec4 v0x62d3130d66e0_0;
    %load/vec4 v0x62d3130d61a0_0;
    %load/vec4 v0x62d3130d6430_0;
    %or;
    %pushi/vec4 0, 0, 4;
    %store/vec4 v0x62d3130c5de0_0, 0, 4;
    %store/vec4 v0x62d3130c5ce0_0, 0, 4;
    %store/vec4 v0x62d3130c5ec0_0, 0, 1;
    %callf/vec4 TD_tb_alu.co_bar_general, S_0x62d3130c5b00;
    %store/vec4 v0x62d3130d6870_0, 0, 1;
    %jmp T_11.130;
T_11.116 ;
    %load/vec4 v0x62d3130d66e0_0;
    %load/vec4 v0x62d3130d61a0_0;
    %load/vec4 v0x62d3130d6430_0;
    %inv;
    %or;
    %pushi/vec4 0, 0, 4;
    %store/vec4 v0x62d3130c5de0_0, 0, 4;
    %store/vec4 v0x62d3130c5ce0_0, 0, 4;
    %store/vec4 v0x62d3130c5ec0_0, 0, 1;
    %callf/vec4 TD_tb_alu.co_bar_general, S_0x62d3130c5b00;
    %store/vec4 v0x62d3130d6870_0, 0, 1;
    %jmp T_11.130;
T_11.117 ;
    %pushi/vec4 1, 0, 1;
    %store/vec4 v0x62d3130d6870_0, 0, 1;
    %jmp T_11.130;
T_11.118 ;
    %load/vec4 v0x62d3130d66e0_0;
    %load/vec4 v0x62d3130d61a0_0;
    %load/vec4 v0x62d3130d61a0_0;
    %load/vec4 v0x62d3130d6430_0;
    %inv;
    %and;
    %store/vec4 v0x62d3130c5de0_0, 0, 4;
    %store/vec4 v0x62d3130c5ce0_0, 0, 4;
    %store/vec4 v0x62d3130c5ec0_0, 0, 1;
    %callf/vec4 TD_tb_alu.co_bar_general, S_0x62d3130c5b00;
    %store/vec4 v0x62d3130d6870_0, 0, 1;
    %jmp T_11.130;
T_11.119 ;
    %load/vec4 v0x62d3130d66e0_0;
    %load/vec4 v0x62d3130d61a0_0;
    %load/vec4 v0x62d3130d6430_0;
    %or;
    %load/vec4 v0x62d3130d61a0_0;
    %load/vec4 v0x62d3130d6430_0;
    %inv;
    %and;
    %store/vec4 v0x62d3130c5de0_0, 0, 4;
    %store/vec4 v0x62d3130c5ce0_0, 0, 4;
    %store/vec4 v0x62d3130c5ec0_0, 0, 1;
    %callf/vec4 TD_tb_alu.co_bar_general, S_0x62d3130c5b00;
    %store/vec4 v0x62d3130d6870_0, 0, 1;
    %jmp T_11.130;
T_11.120 ;
    %load/vec4 v0x62d3130d66e0_0;
    %load/vec4 v0x62d3130d61a0_0;
    %load/vec4 v0x62d3130d6430_0;
    %addi 1, 0, 4;
    %inv;
    %addi 1, 0, 4;
    %store/vec4 v0x62d3130c5de0_0, 0, 4;
    %store/vec4 v0x62d3130c5ce0_0, 0, 4;
    %store/vec4 v0x62d3130c5ec0_0, 0, 1;
    %callf/vec4 TD_tb_alu.co_bar_general, S_0x62d3130c5b00;
    %store/vec4 v0x62d3130d6870_0, 0, 1;
    %jmp T_11.130;
T_11.121 ;
    %load/vec4 v0x62d3130d66e0_0;
    %load/vec4 v0x62d3130d61a0_0;
    %load/vec4 v0x62d3130d6430_0;
    %inv;
    %and;
    %pushi/vec4 15, 0, 4;
    %store/vec4 v0x62d3130c5de0_0, 0, 4;
    %store/vec4 v0x62d3130c5ce0_0, 0, 4;
    %store/vec4 v0x62d3130c5ec0_0, 0, 1;
    %callf/vec4 TD_tb_alu.co_bar_general, S_0x62d3130c5b00;
    %store/vec4 v0x62d3130d6870_0, 0, 1;
    %jmp T_11.130;
T_11.122 ;
    %load/vec4 v0x62d3130d66e0_0;
    %load/vec4 v0x62d3130d61a0_0;
    %load/vec4 v0x62d3130d61a0_0;
    %load/vec4 v0x62d3130d6430_0;
    %and;
    %store/vec4 v0x62d3130c5de0_0, 0, 4;
    %store/vec4 v0x62d3130c5ce0_0, 0, 4;
    %store/vec4 v0x62d3130c5ec0_0, 0, 1;
    %callf/vec4 TD_tb_alu.co_bar_general, S_0x62d3130c5b00;
    %store/vec4 v0x62d3130d6870_0, 0, 1;
    %jmp T_11.130;
T_11.123 ;
    %load/vec4 v0x62d3130d66e0_0;
    %load/vec4 v0x62d3130d61a0_0;
    %load/vec4 v0x62d3130d6430_0;
    %store/vec4 v0x62d3130c5de0_0, 0, 4;
    %store/vec4 v0x62d3130c5ce0_0, 0, 4;
    %store/vec4 v0x62d3130c5ec0_0, 0, 1;
    %callf/vec4 TD_tb_alu.co_bar_general, S_0x62d3130c5b00;
    %store/vec4 v0x62d3130d6870_0, 0, 1;
    %jmp T_11.130;
T_11.124 ;
    %load/vec4 v0x62d3130d66e0_0;
    %load/vec4 v0x62d3130d61a0_0;
    %load/vec4 v0x62d3130d6430_0;
    %inv;
    %or;
    %load/vec4 v0x62d3130d61a0_0;
    %load/vec4 v0x62d3130d6430_0;
    %and;
    %store/vec4 v0x62d3130c5de0_0, 0, 4;
    %store/vec4 v0x62d3130c5ce0_0, 0, 4;
    %store/vec4 v0x62d3130c5ec0_0, 0, 1;
    %callf/vec4 TD_tb_alu.co_bar_general, S_0x62d3130c5b00;
    %store/vec4 v0x62d3130d6870_0, 0, 1;
    %jmp T_11.130;
T_11.125 ;
    %load/vec4 v0x62d3130d66e0_0;
    %load/vec4 v0x62d3130d61a0_0;
    %load/vec4 v0x62d3130d6430_0;
    %and;
    %pushi/vec4 15, 0, 4;
    %store/vec4 v0x62d3130c5de0_0, 0, 4;
    %store/vec4 v0x62d3130c5ce0_0, 0, 4;
    %store/vec4 v0x62d3130c5ec0_0, 0, 1;
    %callf/vec4 TD_tb_alu.co_bar_general, S_0x62d3130c5b00;
    %store/vec4 v0x62d3130d6870_0, 0, 1;
    %jmp T_11.130;
T_11.126 ;
    %load/vec4 v0x62d3130d66e0_0;
    %load/vec4 v0x62d3130d61a0_0;
    %load/vec4 v0x62d3130d61a0_0;
    %store/vec4 v0x62d3130c5de0_0, 0, 4;
    %store/vec4 v0x62d3130c5ce0_0, 0, 4;
    %store/vec4 v0x62d3130c5ec0_0, 0, 1;
    %callf/vec4 TD_tb_alu.co_bar_general, S_0x62d3130c5b00;
    %store/vec4 v0x62d3130d6870_0, 0, 1;
    %jmp T_11.130;
T_11.127 ;
    %load/vec4 v0x62d3130d66e0_0;
    %load/vec4 v0x62d3130d61a0_0;
    %load/vec4 v0x62d3130d61a0_0;
    %load/vec4 v0x62d3130d6430_0;
    %or;
    %store/vec4 v0x62d3130c5de0_0, 0, 4;
    %store/vec4 v0x62d3130c5ce0_0, 0, 4;
    %store/vec4 v0x62d3130c5ec0_0, 0, 1;
    %callf/vec4 TD_tb_alu.co_bar_general, S_0x62d3130c5b00;
    %store/vec4 v0x62d3130d6870_0, 0, 1;
    %jmp T_11.130;
T_11.128 ;
    %load/vec4 v0x62d3130d66e0_0;
    %load/vec4 v0x62d3130d61a0_0;
    %load/vec4 v0x62d3130d61a0_0;
    %load/vec4 v0x62d3130d6430_0;
    %inv;
    %or;
    %store/vec4 v0x62d3130c5de0_0, 0, 4;
    %store/vec4 v0x62d3130c5ce0_0, 0, 4;
    %store/vec4 v0x62d3130c5ec0_0, 0, 1;
    %callf/vec4 TD_tb_alu.co_bar_general, S_0x62d3130c5b00;
    %store/vec4 v0x62d3130d6870_0, 0, 1;
    %jmp T_11.130;
T_11.129 ;
    %load/vec4 v0x62d3130d66e0_0;
    %load/vec4 v0x62d3130d61a0_0;
    %pushi/vec4 15, 0, 4;
    %store/vec4 v0x62d3130c5de0_0, 0, 4;
    %store/vec4 v0x62d3130c5ce0_0, 0, 4;
    %store/vec4 v0x62d3130c5ec0_0, 0, 1;
    %callf/vec4 TD_tb_alu.co_bar_general, S_0x62d3130c5b00;
    %store/vec4 v0x62d3130d6870_0, 0, 1;
    %jmp T_11.130;
T_11.130 ;
    %pop/vec4 1;
    %jmp T_11.113;
T_11.112 ;
    %pushi/vec4 1, 0, 1;
    %store/vec4 v0x62d3130d6870_0, 0, 1;
T_11.113 ;
    %end;
S_0x62d3130c41d0 .scope task, "F_EXP" "F_EXP" 4 681, 4 681 0, S_0x62d3130a2e60;
 .timescale -9 -11;
TD_tb_alu.F_EXP ;
    %load/vec4 v0x62d3130d6cb0_0;
    %load/vec4 v0x62d3130d66e0_0;
    %concat/vec4; draw_concat_vec4
    %dup/vec4;
    %pushi/vec4 0, 0, 2;
    %cmp/u;
    %jmp/1 T_12.131, 6;
    %dup/vec4;
    %pushi/vec4 1, 0, 2;
    %cmp/u;
    %jmp/1 T_12.132, 6;
    %dup/vec4;
    %pushi/vec4 2, 0, 2;
    %cmp/u;
    %jmp/1 T_12.133, 6;
    %load/vec4 v0x62d3130d61a0_0;
    %load/vec4 v0x62d3130d6430_0;
    %load/vec4 v0x62d3130d6d50_0;
    %store/vec4 v0x62d3130d3990_0, 0, 4;
    %store/vec4 v0x62d3130d38b0_0, 0, 4;
    %store/vec4 v0x62d3130d37b0_0, 0, 4;
    %callf/vec4 TD_tb_alu.fexp_logic_ci_bar, S_0x62d3130d3620;
    %store/vec4 v0x62d3130d6bd0_0, 0, 4;
    %jmp T_12.135;
T_12.131 ;
    %load/vec4 v0x62d3130d61a0_0;
    %load/vec4 v0x62d3130d6430_0;
    %load/vec4 v0x62d3130d6d50_0;
    %store/vec4 v0x62d3130d2f40_0, 0, 4;
    %store/vec4 v0x62d3130d2e60_0, 0, 4;
    %store/vec4 v0x62d3130d2d60_0, 0, 4;
    %callf/vec4 TD_tb_alu.fexp_arith_ci_bar, S_0x62d3130d2bd0;
    %store/vec4 v0x62d3130d6bd0_0, 0, 4;
    %jmp T_12.135;
T_12.132 ;
    %load/vec4 v0x62d3130d61a0_0;
    %load/vec4 v0x62d3130d6430_0;
    %load/vec4 v0x62d3130d6d50_0;
    %store/vec4 v0x62d3130d3450_0, 0, 4;
    %store/vec4 v0x62d3130d3370_0, 0, 4;
    %store/vec4 v0x62d3130d3270_0, 0, 4;
    %callf/vec4 TD_tb_alu.fexp_arith_xci_bar, S_0x62d3130d30e0;
    %store/vec4 v0x62d3130d6bd0_0, 0, 4;
    %jmp T_12.135;
T_12.133 ;
    %load/vec4 v0x62d3130d61a0_0;
    %load/vec4 v0x62d3130d6430_0;
    %load/vec4 v0x62d3130d6d50_0;
    %store/vec4 v0x62d3130d3990_0, 0, 4;
    %store/vec4 v0x62d3130d38b0_0, 0, 4;
    %store/vec4 v0x62d3130d37b0_0, 0, 4;
    %callf/vec4 TD_tb_alu.fexp_logic_ci_bar, S_0x62d3130d3620;
    %store/vec4 v0x62d3130d6bd0_0, 0, 4;
    %jmp T_12.135;
T_12.135 ;
    %pop/vec4 1;
    %end;
S_0x62d3130c43b0 .scope task, "X_EXP" "X_EXP" 4 737, 4 737 0, S_0x62d3130a2e60;
 .timescale -9 -11;
TD_tb_alu.X_EXP ;
    %load/vec4 v0x62d3130d6cb0_0;
    %pad/u 32;
    %cmpi/e 0, 0, 32;
    %jmp/0xz  T_13.136, 4;
    %load/vec4 v0x62d3130d6d50_0;
    %dup/vec4;
    %pushi/vec4 0, 0, 4;
    %cmp/u;
    %jmp/1 T_13.138, 6;
    %dup/vec4;
    %pushi/vec4 1, 0, 4;
    %cmp/u;
    %jmp/1 T_13.139, 6;
    %dup/vec4;
    %pushi/vec4 2, 0, 4;
    %cmp/u;
    %jmp/1 T_13.140, 6;
    %dup/vec4;
    %pushi/vec4 3, 0, 4;
    %cmp/u;
    %jmp/1 T_13.141, 6;
    %dup/vec4;
    %pushi/vec4 4, 0, 4;
    %cmp/u;
    %jmp/1 T_13.142, 6;
    %dup/vec4;
    %pushi/vec4 5, 0, 4;
    %cmp/u;
    %jmp/1 T_13.143, 6;
    %dup/vec4;
    %pushi/vec4 6, 0, 4;
    %cmp/u;
    %jmp/1 T_13.144, 6;
    %dup/vec4;
    %pushi/vec4 7, 0, 4;
    %cmp/u;
    %jmp/1 T_13.145, 6;
    %dup/vec4;
    %pushi/vec4 8, 0, 4;
    %cmp/u;
    %jmp/1 T_13.146, 6;
    %dup/vec4;
    %pushi/vec4 9, 0, 4;
    %cmp/u;
    %jmp/1 T_13.147, 6;
    %dup/vec4;
    %pushi/vec4 10, 0, 4;
    %cmp/u;
    %jmp/1 T_13.148, 6;
    %dup/vec4;
    %pushi/vec4 11, 0, 4;
    %cmp/u;
    %jmp/1 T_13.149, 6;
    %dup/vec4;
    %pushi/vec4 12, 0, 4;
    %cmp/u;
    %jmp/1 T_13.150, 6;
    %dup/vec4;
    %pushi/vec4 13, 0, 4;
    %cmp/u;
    %jmp/1 T_13.151, 6;
    %dup/vec4;
    %pushi/vec4 14, 0, 4;
    %cmp/u;
    %jmp/1 T_13.152, 6;
    %dup/vec4;
    %pushi/vec4 15, 0, 4;
    %cmp/u;
    %jmp/1 T_13.153, 6;
    %jmp T_13.154;
T_13.138 ;
    %load/vec4 v0x62d3130d66e0_0;
    %load/vec4 v0x62d3130d61a0_0;
    %pushi/vec4 0, 0, 4;
    %store/vec4 v0x62d3130d5e30_0, 0, 4;
    %store/vec4 v0x62d3130d5d30_0, 0, 4;
    %store/vec4 v0x62d3130d5f10_0, 0, 1;
    %callf/vec4 TD_tb_alu.x_general, S_0x62d3130d5b50;
    %store/vec4 v0x62d3130d7160_0, 0, 1;
    %jmp T_13.154;
T_13.139 ;
    %load/vec4 v0x62d3130d66e0_0;
    %load/vec4 v0x62d3130d61a0_0;
    %load/vec4 v0x62d3130d6430_0;
    %or;
    %pushi/vec4 0, 0, 4;
    %store/vec4 v0x62d3130d5e30_0, 0, 4;
    %store/vec4 v0x62d3130d5d30_0, 0, 4;
    %store/vec4 v0x62d3130d5f10_0, 0, 1;
    %callf/vec4 TD_tb_alu.x_general, S_0x62d3130d5b50;
    %store/vec4 v0x62d3130d7160_0, 0, 1;
    %jmp T_13.154;
T_13.140 ;
    %load/vec4 v0x62d3130d66e0_0;
    %load/vec4 v0x62d3130d61a0_0;
    %load/vec4 v0x62d3130d6430_0;
    %inv;
    %or;
    %pushi/vec4 0, 0, 4;
    %store/vec4 v0x62d3130d5e30_0, 0, 4;
    %store/vec4 v0x62d3130d5d30_0, 0, 4;
    %store/vec4 v0x62d3130d5f10_0, 0, 1;
    %callf/vec4 TD_tb_alu.x_general, S_0x62d3130d5b50;
    %store/vec4 v0x62d3130d7160_0, 0, 1;
    %jmp T_13.154;
T_13.141 ;
    %pushi/vec4 0, 0, 1;
    %store/vec4 v0x62d3130d7160_0, 0, 1;
    %jmp T_13.154;
T_13.142 ;
    %load/vec4 v0x62d3130d66e0_0;
    %load/vec4 v0x62d3130d61a0_0;
    %load/vec4 v0x62d3130d61a0_0;
    %load/vec4 v0x62d3130d6430_0;
    %inv;
    %and;
    %store/vec4 v0x62d3130d5e30_0, 0, 4;
    %store/vec4 v0x62d3130d5d30_0, 0, 4;
    %store/vec4 v0x62d3130d5f10_0, 0, 1;
    %callf/vec4 TD_tb_alu.x_general, S_0x62d3130d5b50;
    %store/vec4 v0x62d3130d7160_0, 0, 1;
    %jmp T_13.154;
T_13.143 ;
    %load/vec4 v0x62d3130d66e0_0;
    %load/vec4 v0x62d3130d61a0_0;
    %load/vec4 v0x62d3130d6430_0;
    %or;
    %load/vec4 v0x62d3130d61a0_0;
    %load/vec4 v0x62d3130d6430_0;
    %inv;
    %and;
    %store/vec4 v0x62d3130d5e30_0, 0, 4;
    %store/vec4 v0x62d3130d5d30_0, 0, 4;
    %store/vec4 v0x62d3130d5f10_0, 0, 1;
    %callf/vec4 TD_tb_alu.x_general, S_0x62d3130d5b50;
    %store/vec4 v0x62d3130d7160_0, 0, 1;
    %jmp T_13.154;
T_13.144 ;
    %load/vec4 v0x62d3130d66e0_0;
    %load/vec4 v0x62d3130d61a0_0;
    %load/vec4 v0x62d3130d6430_0;
    %addi 1, 0, 4;
    %inv;
    %addi 1, 0, 4;
    %store/vec4 v0x62d3130d5e30_0, 0, 4;
    %store/vec4 v0x62d3130d5d30_0, 0, 4;
    %store/vec4 v0x62d3130d5f10_0, 0, 1;
    %callf/vec4 TD_tb_alu.x_general, S_0x62d3130d5b50;
    %store/vec4 v0x62d3130d7160_0, 0, 1;
    %jmp T_13.154;
T_13.145 ;
    %load/vec4 v0x62d3130d66e0_0;
    %load/vec4 v0x62d3130d61a0_0;
    %load/vec4 v0x62d3130d6430_0;
    %inv;
    %and;
    %pushi/vec4 15, 0, 4;
    %store/vec4 v0x62d3130d5e30_0, 0, 4;
    %store/vec4 v0x62d3130d5d30_0, 0, 4;
    %store/vec4 v0x62d3130d5f10_0, 0, 1;
    %callf/vec4 TD_tb_alu.x_general, S_0x62d3130d5b50;
    %store/vec4 v0x62d3130d7160_0, 0, 1;
    %jmp T_13.154;
T_13.146 ;
    %load/vec4 v0x62d3130d66e0_0;
    %load/vec4 v0x62d3130d61a0_0;
    %load/vec4 v0x62d3130d61a0_0;
    %load/vec4 v0x62d3130d6430_0;
    %and;
    %store/vec4 v0x62d3130d5e30_0, 0, 4;
    %store/vec4 v0x62d3130d5d30_0, 0, 4;
    %store/vec4 v0x62d3130d5f10_0, 0, 1;
    %callf/vec4 TD_tb_alu.x_general, S_0x62d3130d5b50;
    %store/vec4 v0x62d3130d7160_0, 0, 1;
    %jmp T_13.154;
T_13.147 ;
    %load/vec4 v0x62d3130d66e0_0;
    %load/vec4 v0x62d3130d61a0_0;
    %load/vec4 v0x62d3130d6430_0;
    %store/vec4 v0x62d3130d5e30_0, 0, 4;
    %store/vec4 v0x62d3130d5d30_0, 0, 4;
    %store/vec4 v0x62d3130d5f10_0, 0, 1;
    %callf/vec4 TD_tb_alu.x_general, S_0x62d3130d5b50;
    %store/vec4 v0x62d3130d7160_0, 0, 1;
    %jmp T_13.154;
T_13.148 ;
    %load/vec4 v0x62d3130d66e0_0;
    %load/vec4 v0x62d3130d61a0_0;
    %load/vec4 v0x62d3130d6430_0;
    %inv;
    %or;
    %load/vec4 v0x62d3130d61a0_0;
    %load/vec4 v0x62d3130d6430_0;
    %and;
    %store/vec4 v0x62d3130d5e30_0, 0, 4;
    %store/vec4 v0x62d3130d5d30_0, 0, 4;
    %store/vec4 v0x62d3130d5f10_0, 0, 1;
    %callf/vec4 TD_tb_alu.x_general, S_0x62d3130d5b50;
    %store/vec4 v0x62d3130d7160_0, 0, 1;
    %jmp T_13.154;
T_13.149 ;
    %load/vec4 v0x62d3130d66e0_0;
    %load/vec4 v0x62d3130d61a0_0;
    %load/vec4 v0x62d3130d6430_0;
    %and;
    %pushi/vec4 15, 0, 4;
    %store/vec4 v0x62d3130d5e30_0, 0, 4;
    %store/vec4 v0x62d3130d5d30_0, 0, 4;
    %store/vec4 v0x62d3130d5f10_0, 0, 1;
    %callf/vec4 TD_tb_alu.x_general, S_0x62d3130d5b50;
    %store/vec4 v0x62d3130d7160_0, 0, 1;
    %jmp T_13.154;
T_13.150 ;
    %load/vec4 v0x62d3130d66e0_0;
    %load/vec4 v0x62d3130d61a0_0;
    %load/vec4 v0x62d3130d61a0_0;
    %store/vec4 v0x62d3130d5e30_0, 0, 4;
    %store/vec4 v0x62d3130d5d30_0, 0, 4;
    %store/vec4 v0x62d3130d5f10_0, 0, 1;
    %callf/vec4 TD_tb_alu.x_general, S_0x62d3130d5b50;
    %store/vec4 v0x62d3130d7160_0, 0, 1;
    %jmp T_13.154;
T_13.151 ;
    %load/vec4 v0x62d3130d66e0_0;
    %load/vec4 v0x62d3130d61a0_0;
    %load/vec4 v0x62d3130d61a0_0;
    %load/vec4 v0x62d3130d6430_0;
    %or;
    %store/vec4 v0x62d3130d5e30_0, 0, 4;
    %store/vec4 v0x62d3130d5d30_0, 0, 4;
    %store/vec4 v0x62d3130d5f10_0, 0, 1;
    %callf/vec4 TD_tb_alu.x_general, S_0x62d3130d5b50;
    %store/vec4 v0x62d3130d7160_0, 0, 1;
    %jmp T_13.154;
T_13.152 ;
    %load/vec4 v0x62d3130d66e0_0;
    %load/vec4 v0x62d3130d61a0_0;
    %load/vec4 v0x62d3130d61a0_0;
    %load/vec4 v0x62d3130d6430_0;
    %inv;
    %or;
    %store/vec4 v0x62d3130d5e30_0, 0, 4;
    %store/vec4 v0x62d3130d5d30_0, 0, 4;
    %store/vec4 v0x62d3130d5f10_0, 0, 1;
    %callf/vec4 TD_tb_alu.x_general, S_0x62d3130d5b50;
    %store/vec4 v0x62d3130d7160_0, 0, 1;
    %jmp T_13.154;
T_13.153 ;
    %load/vec4 v0x62d3130d66e0_0;
    %load/vec4 v0x62d3130d61a0_0;
    %pushi/vec4 15, 0, 4;
    %store/vec4 v0x62d3130d5e30_0, 0, 4;
    %store/vec4 v0x62d3130d5d30_0, 0, 4;
    %store/vec4 v0x62d3130d5f10_0, 0, 1;
    %callf/vec4 TD_tb_alu.x_general, S_0x62d3130d5b50;
    %store/vec4 v0x62d3130d7160_0, 0, 1;
    %jmp T_13.154;
T_13.154 ;
    %pop/vec4 1;
    %jmp T_13.137;
T_13.136 ;
    %pushi/vec4 0, 0, 1;
    %store/vec4 v0x62d3130d7160_0, 0, 1;
T_13.137 ;
    %end;
S_0x62d3130c4590 .scope task, "close" "close" 4 770, 4 770 0, S_0x62d3130a2e60;
 .timescale -9 -11;
TD_tb_alu.close ;
    %fork t_1, S_0x62d3130c47c0;
    %jmp t_0;
    .scope S_0x62d3130c47c0;
t_1 ;
    %delay 1000, 0;
    %vpi_call/w 4 775 "$fclose", v0x62d3130d6af0_0 {0 0 0};
    %vpi_call/w 4 777 "$display" {0 0 0};
    %vpi_call/w 4 778 "$display", "COVERAGE_REPORT" {0 0 0};
    %pushi/vec4 0, 0, 32;
    %store/vec4 v0x62d3130c49a0_0, 0, 32;
T_14.155 ;
    %load/vec4 v0x62d3130c49a0_0;
    %cmpi/s 64, 0, 32;
    %jmp/0xz T_14.156, 5;
    %ix/getv/s 4, v0x62d3130c49a0_0;
    %load/vec4a v0x62d3130d73c0, 4;
    %cmpi/e 0, 0, 32;
    %jmp/0xz  T_14.157, 4;
    %vpi_call/w 4 784 "$display", "input %b has occured %d times (***ERROR***)", v0x62d3130c49a0_0, &A<v0x62d3130d73c0, v0x62d3130c49a0_0 > {0 0 0};
    %load/vec4 v0x62d3130d6930_0;
    %addi 1, 0, 32;
    %store/vec4 v0x62d3130d6930_0, 0, 32;
    %jmp T_14.158;
T_14.157 ;
    %vpi_call/w 4 791 "$display", "input %b has occured %d times", &PV<v0x62d3130c49a0_0, 0, 6>, &A<v0x62d3130d73c0, v0x62d3130c49a0_0 > {0 0 0};
T_14.158 ;
    ; show_stmt_assign_vector: Get l-value for compressed += operand
    %load/vec4 v0x62d3130c49a0_0;
    %pushi/vec4 1, 0, 32;
    %add;
    %store/vec4 v0x62d3130c49a0_0, 0, 32;
    %jmp T_14.155;
T_14.156 ;
    %vpi_call/w 4 796 "$display" {0 0 0};
    %vpi_call/w 4 797 "$display", "VECTORCOUNT = %d", v0x62d3130d6ed0_0 {0 0 0};
    %vpi_call/w 4 798 "$display", "ERRORS = %15d", v0x62d3130d6930_0 {0 0 0};
    %vpi_call/w 4 799 "$display" {0 0 0};
    %vpi_call/w 4 800 "$display", "TEST_END------------------------------------------------------------------------------------------------" {0 0 0};
    %vpi_call/w 4 801 "$display" {0 0 0};
    %vpi_call/w 4 803 "$finish" {0 0 0};
    %end;
    .scope S_0x62d3130c4590;
t_0 %join;
    %end;
S_0x62d3130c47c0 .scope begin, "$unm_blk_65" "$unm_blk_65" 4 770, 4 770 0, S_0x62d3130c4590;
 .timescale -9 -11;
v0x62d3130c49a0_0 .var/i "j", 31 0;
S_0x62d3130c4a80 .scope function.vec4.s256, "cmt_arith_ci_bar" "cmt_arith_ci_bar" 4 86, 4 86 0, S_0x62d3130a2e60;
 .timescale -9 -11;
v0x62d3130c4c60_0 .var "A", 3 0;
v0x62d3130c4d60_0 .var "B", 3 0;
v0x62d3130c4e40_0 .var "S", 3 0;
; Variable cmt_arith_ci_bar is vec4 return value of scope S_0x62d3130c4a80
TD_tb_alu.cmt_arith_ci_bar ;
    %load/vec4 v0x62d3130c4e40_0;
    %dup/vec4;
    %pushi/vec4 0, 0, 4;
    %cmp/u;
    %jmp/1 T_15.159, 6;
    %dup/vec4;
    %pushi/vec4 1, 0, 4;
    %cmp/u;
    %jmp/1 T_15.160, 6;
    %dup/vec4;
    %pushi/vec4 2, 0, 4;
    %cmp/u;
    %jmp/1 T_15.161, 6;
    %dup/vec4;
    %pushi/vec4 3, 0, 4;
    %cmp/u;
    %jmp/1 T_15.162, 6;
    %dup/vec4;
    %pushi/vec4 4, 0, 4;
    %cmp/u;
    %jmp/1 T_15.163, 6;
    %dup/vec4;
    %pushi/vec4 5, 0, 4;
    %cmp/u;
    %jmp/1 T_15.164, 6;
    %dup/vec4;
    %pushi/vec4 6, 0, 4;
    %cmp/u;
    %jmp/1 T_15.165, 6;
    %dup/vec4;
    %pushi/vec4 7, 0, 4;
    %cmp/u;
    %jmp/1 T_15.166, 6;
    %dup/vec4;
    %pushi/vec4 8, 0, 4;
    %cmp/u;
    %jmp/1 T_15.167, 6;
    %dup/vec4;
    %pushi/vec4 9, 0, 4;
    %cmp/u;
    %jmp/1 T_15.168, 6;
    %dup/vec4;
    %pushi/vec4 10, 0, 4;
    %cmp/u;
    %jmp/1 T_15.169, 6;
    %dup/vec4;
    %pushi/vec4 11, 0, 4;
    %cmp/u;
    %jmp/1 T_15.170, 6;
    %dup/vec4;
    %pushi/vec4 12, 0, 4;
    %cmp/u;
    %jmp/1 T_15.171, 6;
    %dup/vec4;
    %pushi/vec4 13, 0, 4;
    %cmp/u;
    %jmp/1 T_15.172, 6;
    %dup/vec4;
    %pushi/vec4 14, 0, 4;
    %cmp/u;
    %jmp/1 T_15.173, 6;
    %dup/vec4;
    %pushi/vec4 15, 0, 4;
    %cmp/u;
    %jmp/1 T_15.174, 6;
    %jmp T_15.175;
T_15.159 ;
    %pushi/vec4 0, 0, 32; draw_string_vec4
    %pushi/vec4 0, 0, 32; draw_string_vec4
    %concat/vec4; draw_string_vec4
    %pushi/vec4 0, 0, 32; draw_string_vec4
    %concat/vec4; draw_string_vec4
    %pushi/vec4 0, 0, 32; draw_string_vec4
    %concat/vec4; draw_string_vec4
    %pushi/vec4 0, 0, 32; draw_string_vec4
    %concat/vec4; draw_string_vec4
    %pushi/vec4 0, 0, 32; draw_string_vec4
    %concat/vec4; draw_string_vec4
    %pushi/vec4 65, 0, 32; draw_string_vec4
    %concat/vec4; draw_string_vec4
    %pushi/vec4 539697201, 0, 32; draw_string_vec4
    %concat/vec4; draw_string_vec4
    %ret/vec4 0, 0, 256;  Assign to cmt_arith_ci_bar (store_vec4_to_lval)
    %jmp T_15.175;
T_15.160 ;
    %pushi/vec4 0, 0, 32; draw_string_vec4
    %pushi/vec4 0, 0, 32; draw_string_vec4
    %concat/vec4; draw_string_vec4
    %pushi/vec4 0, 0, 32; draw_string_vec4
    %concat/vec4; draw_string_vec4
    %pushi/vec4 0, 0, 32; draw_string_vec4
    %concat/vec4; draw_string_vec4
    %pushi/vec4 0, 0, 32; draw_string_vec4
    %concat/vec4; draw_string_vec4
    %pushi/vec4 40, 0, 32; draw_string_vec4
    %concat/vec4; draw_string_vec4
    %pushi/vec4 1098662441, 0, 32; draw_string_vec4
    %concat/vec4; draw_string_vec4
    %pushi/vec4 539697201, 0, 32; draw_string_vec4
    %concat/vec4; draw_string_vec4
    %ret/vec4 0, 0, 256;  Assign to cmt_arith_ci_bar (store_vec4_to_lval)
    %jmp T_15.175;
T_15.161 ;
    %pushi/vec4 0, 0, 32; draw_string_vec4
    %pushi/vec4 0, 0, 32; draw_string_vec4
    %concat/vec4; draw_string_vec4
    %pushi/vec4 0, 0, 32; draw_string_vec4
    %concat/vec4; draw_string_vec4
    %pushi/vec4 0, 0, 32; draw_string_vec4
    %concat/vec4; draw_string_vec4
    %pushi/vec4 0, 0, 32; draw_string_vec4
    %concat/vec4; draw_string_vec4
    %pushi/vec4 10305, 0, 32; draw_string_vec4
    %concat/vec4; draw_string_vec4
    %pushi/vec4 2088649257, 0, 32; draw_string_vec4
    %concat/vec4; draw_string_vec4
    %pushi/vec4 539697201, 0, 32; draw_string_vec4
    %concat/vec4; draw_string_vec4
    %ret/vec4 0, 0, 256;  Assign to cmt_arith_ci_bar (store_vec4_to_lval)
    %jmp T_15.175;
T_15.162 ;
    %pushi/vec4 0, 0, 32; draw_string_vec4
    %pushi/vec4 0, 0, 32; draw_string_vec4
    %concat/vec4; draw_string_vec4
    %pushi/vec4 0, 0, 32; draw_string_vec4
    %concat/vec4; draw_string_vec4
    %pushi/vec4 0, 0, 32; draw_string_vec4
    %concat/vec4; draw_string_vec4
    %pushi/vec4 0, 0, 32; draw_string_vec4
    %concat/vec4; draw_string_vec4
    %pushi/vec4 0, 0, 32; draw_string_vec4
    %concat/vec4; draw_string_vec4
    %pushi/vec4 0, 0, 32; draw_string_vec4
    %concat/vec4; draw_string_vec4
    %pushi/vec4 48, 0, 32; draw_string_vec4
    %concat/vec4; draw_string_vec4
    %ret/vec4 0, 0, 256;  Assign to cmt_arith_ci_bar (store_vec4_to_lval)
    %jmp T_15.175;
T_15.163 ;
    %pushi/vec4 0, 0, 32; draw_string_vec4
    %pushi/vec4 0, 0, 32; draw_string_vec4
    %concat/vec4; draw_string_vec4
    %pushi/vec4 0, 0, 32; draw_string_vec4
    %concat/vec4; draw_string_vec4
    %pushi/vec4 0, 0, 32; draw_string_vec4
    %concat/vec4; draw_string_vec4
    %pushi/vec4 16672, 0, 32; draw_string_vec4
    %concat/vec4; draw_string_vec4
    %pushi/vec4 723527745, 0, 32; draw_string_vec4
    %concat/vec4; draw_string_vec4
    %pushi/vec4 645808681, 0, 32; draw_string_vec4
    %concat/vec4; draw_string_vec4
    %pushi/vec4 539697201, 0, 32; draw_string_vec4
    %concat/vec4; draw_string_vec4
    %ret/vec4 0, 0, 256;  Assign to cmt_arith_ci_bar (store_vec4_to_lval)
    %jmp T_15.175;
T_15.164 ;
    %pushi/vec4 0, 0, 32; draw_string_vec4
    %pushi/vec4 0, 0, 32; draw_string_vec4
    %concat/vec4; draw_string_vec4
    %pushi/vec4 0, 0, 32; draw_string_vec4
    %concat/vec4; draw_string_vec4
    %pushi/vec4 10305, 0, 32; draw_string_vec4
    %concat/vec4; draw_string_vec4
    %pushi/vec4 2084710688, 0, 32; draw_string_vec4
    %concat/vec4; draw_string_vec4
    %pushi/vec4 723527745, 0, 32; draw_string_vec4
    %concat/vec4; draw_string_vec4
    %pushi/vec4 645808681, 0, 32; draw_string_vec4
    %concat/vec4; draw_string_vec4
    %pushi/vec4 539697201, 0, 32; draw_string_vec4
    %concat/vec4; draw_string_vec4
    %ret/vec4 0, 0, 256;  Assign to cmt_arith_ci_bar (store_vec4_to_lval)
    %jmp T_15.175;
T_15.165 ;
    %pushi/vec4 0, 0, 32; draw_string_vec4
    %pushi/vec4 0, 0, 32; draw_string_vec4
    %concat/vec4; draw_string_vec4
    %pushi/vec4 0, 0, 32; draw_string_vec4
    %concat/vec4; draw_string_vec4
    %pushi/vec4 0, 0, 32; draw_string_vec4
    %concat/vec4; draw_string_vec4
    %pushi/vec4 0, 0, 32; draw_string_vec4
    %concat/vec4; draw_string_vec4
    %pushi/vec4 0, 0, 32; draw_string_vec4
    %concat/vec4; draw_string_vec4
    %pushi/vec4 65, 0, 32; draw_string_vec4
    %concat/vec4; draw_string_vec4
    %pushi/vec4 539828290, 0, 32; draw_string_vec4
    %concat/vec4; draw_string_vec4
    %ret/vec4 0, 0, 256;  Assign to cmt_arith_ci_bar (store_vec4_to_lval)
    %jmp T_15.175;
T_15.166 ;
    %pushi/vec4 0, 0, 32; draw_string_vec4
    %pushi/vec4 0, 0, 32; draw_string_vec4
    %concat/vec4; draw_string_vec4
    %pushi/vec4 0, 0, 32; draw_string_vec4
    %concat/vec4; draw_string_vec4
    %pushi/vec4 0, 0, 32; draw_string_vec4
    %concat/vec4; draw_string_vec4
    %pushi/vec4 0, 0, 32; draw_string_vec4
    %concat/vec4; draw_string_vec4
    %pushi/vec4 0, 0, 32; draw_string_vec4
    %concat/vec4; draw_string_vec4
    %pushi/vec4 0, 0, 32; draw_string_vec4
    %concat/vec4; draw_string_vec4
    %pushi/vec4 1093041730, 0, 32; draw_string_vec4
    %concat/vec4; draw_string_vec4
    %ret/vec4 0, 0, 256;  Assign to cmt_arith_ci_bar (store_vec4_to_lval)
    %jmp T_15.175;
T_15.167 ;
    %pushi/vec4 0, 0, 32; draw_string_vec4
    %pushi/vec4 0, 0, 32; draw_string_vec4
    %concat/vec4; draw_string_vec4
    %pushi/vec4 0, 0, 32; draw_string_vec4
    %concat/vec4; draw_string_vec4
    %pushi/vec4 0, 0, 32; draw_string_vec4
    %concat/vec4; draw_string_vec4
    %pushi/vec4 65, 0, 32; draw_string_vec4
    %concat/vec4; draw_string_vec4
    %pushi/vec4 539697192, 0, 32; draw_string_vec4
    %concat/vec4; draw_string_vec4
    %pushi/vec4 1093026345, 0, 32; draw_string_vec4
    %concat/vec4; draw_string_vec4
    %pushi/vec4 539697201, 0, 32; draw_string_vec4
    %concat/vec4; draw_string_vec4
    %ret/vec4 0, 0, 256;  Assign to cmt_arith_ci_bar (store_vec4_to_lval)
    %jmp T_15.175;
T_15.168 ;
    %pushi/vec4 0, 0, 32; draw_string_vec4
    %pushi/vec4 0, 0, 32; draw_string_vec4
    %concat/vec4; draw_string_vec4
    %pushi/vec4 0, 0, 32; draw_string_vec4
    %concat/vec4; draw_string_vec4
    %pushi/vec4 0, 0, 32; draw_string_vec4
    %concat/vec4; draw_string_vec4
    %pushi/vec4 0, 0, 32; draw_string_vec4
    %concat/vec4; draw_string_vec4
    %pushi/vec4 65, 0, 32; draw_string_vec4
    %concat/vec4; draw_string_vec4
    %pushi/vec4 539697218, 0, 32; draw_string_vec4
    %concat/vec4; draw_string_vec4
    %pushi/vec4 539697201, 0, 32; draw_string_vec4
    %concat/vec4; draw_string_vec4
    %ret/vec4 0, 0, 256;  Assign to cmt_arith_ci_bar (store_vec4_to_lval)
    %jmp T_15.175;
T_15.169 ;
    %pushi/vec4 0, 0, 32; draw_string_vec4
    %pushi/vec4 0, 0, 32; draw_string_vec4
    %concat/vec4; draw_string_vec4
    %pushi/vec4 0, 0, 32; draw_string_vec4
    %concat/vec4; draw_string_vec4
    %pushi/vec4 10305, 0, 32; draw_string_vec4
    %concat/vec4; draw_string_vec4
    %pushi/vec4 2088649257, 0, 32; draw_string_vec4
    %concat/vec4; draw_string_vec4
    %pushi/vec4 539697192, 0, 32; draw_string_vec4
    %concat/vec4; draw_string_vec4
    %pushi/vec4 1093026345, 0, 32; draw_string_vec4
    %concat/vec4; draw_string_vec4
    %pushi/vec4 539697201, 0, 32; draw_string_vec4
    %concat/vec4; draw_string_vec4
    %ret/vec4 0, 0, 256;  Assign to cmt_arith_ci_bar (store_vec4_to_lval)
    %jmp T_15.175;
T_15.170 ;
    %pushi/vec4 0, 0, 32; draw_string_vec4
    %pushi/vec4 0, 0, 32; draw_string_vec4
    %concat/vec4; draw_string_vec4
    %pushi/vec4 0, 0, 32; draw_string_vec4
    %concat/vec4; draw_string_vec4
    %pushi/vec4 0, 0, 32; draw_string_vec4
    %concat/vec4; draw_string_vec4
    %pushi/vec4 0, 0, 32; draw_string_vec4
    %concat/vec4; draw_string_vec4
    %pushi/vec4 0, 0, 32; draw_string_vec4
    %concat/vec4; draw_string_vec4
    %pushi/vec4 0, 0, 32; draw_string_vec4
    %concat/vec4; draw_string_vec4
    %pushi/vec4 4269634, 0, 32; draw_string_vec4
    %concat/vec4; draw_string_vec4
    %ret/vec4 0, 0, 256;  Assign to cmt_arith_ci_bar (store_vec4_to_lval)
    %jmp T_15.175;
T_15.171 ;
    %pushi/vec4 0, 0, 32; draw_string_vec4
    %pushi/vec4 0, 0, 32; draw_string_vec4
    %concat/vec4; draw_string_vec4
    %pushi/vec4 0, 0, 32; draw_string_vec4
    %concat/vec4; draw_string_vec4
    %pushi/vec4 65, 0, 32; draw_string_vec4
    %concat/vec4; draw_string_vec4
    %pushi/vec4 539697217, 0, 32; draw_string_vec4
    %concat/vec4; draw_string_vec4
    %pushi/vec4 539697201, 0, 32; draw_string_vec4
    %concat/vec4; draw_string_vec4
    %pushi/vec4 539963251, 0, 32; draw_string_vec4
    %concat/vec4; draw_string_vec4
    %pushi/vec4 1751737972, 0, 32; draw_string_vec4
    %concat/vec4; draw_string_vec4
    %ret/vec4 0, 0, 256;  Assign to cmt_arith_ci_bar (store_vec4_to_lval)
    %jmp T_15.175;
T_15.172 ;
    %pushi/vec4 0, 0, 32; draw_string_vec4
    %pushi/vec4 0, 0, 32; draw_string_vec4
    %concat/vec4; draw_string_vec4
    %pushi/vec4 0, 0, 32; draw_string_vec4
    %concat/vec4; draw_string_vec4
    %pushi/vec4 0, 0, 32; draw_string_vec4
    %concat/vec4; draw_string_vec4
    %pushi/vec4 40, 0, 32; draw_string_vec4
    %concat/vec4; draw_string_vec4
    %pushi/vec4 1098662441, 0, 32; draw_string_vec4
    %concat/vec4; draw_string_vec4
    %pushi/vec4 539697217, 0, 32; draw_string_vec4
    %concat/vec4; draw_string_vec4
    %pushi/vec4 539697201, 0, 32; draw_string_vec4
    %concat/vec4; draw_string_vec4
    %ret/vec4 0, 0, 256;  Assign to cmt_arith_ci_bar (store_vec4_to_lval)
    %jmp T_15.175;
T_15.173 ;
    %pushi/vec4 0, 0, 32; draw_string_vec4
    %pushi/vec4 0, 0, 32; draw_string_vec4
    %concat/vec4; draw_string_vec4
    %pushi/vec4 0, 0, 32; draw_string_vec4
    %concat/vec4; draw_string_vec4
    %pushi/vec4 0, 0, 32; draw_string_vec4
    %concat/vec4; draw_string_vec4
    %pushi/vec4 10305, 0, 32; draw_string_vec4
    %concat/vec4; draw_string_vec4
    %pushi/vec4 2088649257, 0, 32; draw_string_vec4
    %concat/vec4; draw_string_vec4
    %pushi/vec4 539697217, 0, 32; draw_string_vec4
    %concat/vec4; draw_string_vec4
    %pushi/vec4 539697201, 0, 32; draw_string_vec4
    %concat/vec4; draw_string_vec4
    %ret/vec4 0, 0, 256;  Assign to cmt_arith_ci_bar (store_vec4_to_lval)
    %jmp T_15.175;
T_15.174 ;
    %pushi/vec4 0, 0, 32; draw_string_vec4
    %pushi/vec4 0, 0, 32; draw_string_vec4
    %concat/vec4; draw_string_vec4
    %pushi/vec4 0, 0, 32; draw_string_vec4
    %concat/vec4; draw_string_vec4
    %pushi/vec4 0, 0, 32; draw_string_vec4
    %concat/vec4; draw_string_vec4
    %pushi/vec4 0, 0, 32; draw_string_vec4
    %concat/vec4; draw_string_vec4
    %pushi/vec4 0, 0, 32; draw_string_vec4
    %concat/vec4; draw_string_vec4
    %pushi/vec4 0, 0, 32; draw_string_vec4
    %concat/vec4; draw_string_vec4
    %pushi/vec4 65, 0, 32; draw_string_vec4
    %concat/vec4; draw_string_vec4
    %ret/vec4 0, 0, 256;  Assign to cmt_arith_ci_bar (store_vec4_to_lval)
    %jmp T_15.175;
T_15.175 ;
    %pop/vec4 1;
    %end;
S_0x62d3130c4fe0 .scope function.vec4.s256, "cmt_arith_xci_bar" "cmt_arith_xci_bar" 4 116, 4 116 0, S_0x62d3130a2e60;
 .timescale -9 -11;
v0x62d3130c51c0_0 .var "A", 3 0;
v0x62d3130c52c0_0 .var "B", 3 0;
v0x62d3130c53a0_0 .var "S", 3 0;
; Variable cmt_arith_xci_bar is vec4 return value of scope S_0x62d3130c4fe0
TD_tb_alu.cmt_arith_xci_bar ;
    %load/vec4 v0x62d3130c53a0_0;
    %dup/vec4;
    %pushi/vec4 0, 0, 4;
    %cmp/u;
    %jmp/1 T_16.176, 6;
    %dup/vec4;
    %pushi/vec4 1, 0, 4;
    %cmp/u;
    %jmp/1 T_16.177, 6;
    %dup/vec4;
    %pushi/vec4 2, 0, 4;
    %cmp/u;
    %jmp/1 T_16.178, 6;
    %dup/vec4;
    %pushi/vec4 3, 0, 4;
    %cmp/u;
    %jmp/1 T_16.179, 6;
    %dup/vec4;
    %pushi/vec4 4, 0, 4;
    %cmp/u;
    %jmp/1 T_16.180, 6;
    %dup/vec4;
    %pushi/vec4 5, 0, 4;
    %cmp/u;
    %jmp/1 T_16.181, 6;
    %dup/vec4;
    %pushi/vec4 6, 0, 4;
    %cmp/u;
    %jmp/1 T_16.182, 6;
    %dup/vec4;
    %pushi/vec4 7, 0, 4;
    %cmp/u;
    %jmp/1 T_16.183, 6;
    %dup/vec4;
    %pushi/vec4 8, 0, 4;
    %cmp/u;
    %jmp/1 T_16.184, 6;
    %dup/vec4;
    %pushi/vec4 9, 0, 4;
    %cmp/u;
    %jmp/1 T_16.185, 6;
    %dup/vec4;
    %pushi/vec4 10, 0, 4;
    %cmp/u;
    %jmp/1 T_16.186, 6;
    %dup/vec4;
    %pushi/vec4 11, 0, 4;
    %cmp/u;
    %jmp/1 T_16.187, 6;
    %dup/vec4;
    %pushi/vec4 12, 0, 4;
    %cmp/u;
    %jmp/1 T_16.188, 6;
    %dup/vec4;
    %pushi/vec4 13, 0, 4;
    %cmp/u;
    %jmp/1 T_16.189, 6;
    %dup/vec4;
    %pushi/vec4 14, 0, 4;
    %cmp/u;
    %jmp/1 T_16.190, 6;
    %dup/vec4;
    %pushi/vec4 15, 0, 4;
    %cmp/u;
    %jmp/1 T_16.191, 6;
    %jmp T_16.192;
T_16.176 ;
    %pushi/vec4 0, 0, 32; draw_string_vec4
    %pushi/vec4 0, 0, 32; draw_string_vec4
    %concat/vec4; draw_string_vec4
    %pushi/vec4 0, 0, 32; draw_string_vec4
    %concat/vec4; draw_string_vec4
    %pushi/vec4 0, 0, 32; draw_string_vec4
    %concat/vec4; draw_string_vec4
    %pushi/vec4 0, 0, 32; draw_string_vec4
    %concat/vec4; draw_string_vec4
    %pushi/vec4 0, 0, 32; draw_string_vec4
    %concat/vec4; draw_string_vec4
    %pushi/vec4 0, 0, 32; draw_string_vec4
    %concat/vec4; draw_string_vec4
    %pushi/vec4 65, 0, 32; draw_string_vec4
    %concat/vec4; draw_string_vec4
    %ret/vec4 0, 0, 256;  Assign to cmt_arith_xci_bar (store_vec4_to_lval)
    %jmp T_16.192;
T_16.177 ;
    %pushi/vec4 0, 0, 32; draw_string_vec4
    %pushi/vec4 0, 0, 32; draw_string_vec4
    %concat/vec4; draw_string_vec4
    %pushi/vec4 0, 0, 32; draw_string_vec4
    %concat/vec4; draw_string_vec4
    %pushi/vec4 0, 0, 32; draw_string_vec4
    %concat/vec4; draw_string_vec4
    %pushi/vec4 0, 0, 32; draw_string_vec4
    %concat/vec4; draw_string_vec4
    %pushi/vec4 0, 0, 32; draw_string_vec4
    %concat/vec4; draw_string_vec4
    %pushi/vec4 0, 0, 32; draw_string_vec4
    %concat/vec4; draw_string_vec4
    %pushi/vec4 4291650, 0, 32; draw_string_vec4
    %concat/vec4; draw_string_vec4
    %ret/vec4 0, 0, 256;  Assign to cmt_arith_xci_bar (store_vec4_to_lval)
    %jmp T_16.192;
T_16.178 ;
    %pushi/vec4 0, 0, 32; draw_string_vec4
    %pushi/vec4 0, 0, 32; draw_string_vec4
    %concat/vec4; draw_string_vec4
    %pushi/vec4 0, 0, 32; draw_string_vec4
    %concat/vec4; draw_string_vec4
    %pushi/vec4 0, 0, 32; draw_string_vec4
    %concat/vec4; draw_string_vec4
    %pushi/vec4 0, 0, 32; draw_string_vec4
    %concat/vec4; draw_string_vec4
    %pushi/vec4 0, 0, 32; draw_string_vec4
    %concat/vec4; draw_string_vec4
    %pushi/vec4 0, 0, 32; draw_string_vec4
    %concat/vec4; draw_string_vec4
    %pushi/vec4 1098677826, 0, 32; draw_string_vec4
    %concat/vec4; draw_string_vec4
    %ret/vec4 0, 0, 256;  Assign to cmt_arith_xci_bar (store_vec4_to_lval)
    %jmp T_16.192;
T_16.179 ;
    %pushi/vec4 0, 0, 32; draw_string_vec4
    %pushi/vec4 0, 0, 32; draw_string_vec4
    %concat/vec4; draw_string_vec4
    %pushi/vec4 0, 0, 32; draw_string_vec4
    %concat/vec4; draw_string_vec4
    %pushi/vec4 0, 0, 32; draw_string_vec4
    %concat/vec4; draw_string_vec4
    %pushi/vec4 0, 0, 32; draw_string_vec4
    %concat/vec4; draw_string_vec4
    %pushi/vec4 758194223, 0, 32; draw_string_vec4
    %concat/vec4; draw_string_vec4
    %pushi/vec4 791816051, 0, 32; draw_string_vec4
    %concat/vec4; draw_string_vec4
    %pushi/vec4 1131375984, 0, 32; draw_string_vec4
    %concat/vec4; draw_string_vec4
    %ret/vec4 0, 0, 256;  Assign to cmt_arith_xci_bar (store_vec4_to_lval)
    %jmp T_16.192;
T_16.180 ;
    %pushi/vec4 0, 0, 32; draw_string_vec4
    %pushi/vec4 0, 0, 32; draw_string_vec4
    %concat/vec4; draw_string_vec4
    %pushi/vec4 0, 0, 32; draw_string_vec4
    %concat/vec4; draw_string_vec4
    %pushi/vec4 0, 0, 32; draw_string_vec4
    %concat/vec4; draw_string_vec4
    %pushi/vec4 0, 0, 32; draw_string_vec4
    %concat/vec4; draw_string_vec4
    %pushi/vec4 16672, 0, 32; draw_string_vec4
    %concat/vec4; draw_string_vec4
    %pushi/vec4 723527745, 0, 32; draw_string_vec4
    %concat/vec4; draw_string_vec4
    %pushi/vec4 645808681, 0, 32; draw_string_vec4
    %concat/vec4; draw_string_vec4
    %ret/vec4 0, 0, 256;  Assign to cmt_arith_xci_bar (store_vec4_to_lval)
    %jmp T_16.192;
T_16.181 ;
    %pushi/vec4 0, 0, 32; draw_string_vec4
    %pushi/vec4 0, 0, 32; draw_string_vec4
    %concat/vec4; draw_string_vec4
    %pushi/vec4 0, 0, 32; draw_string_vec4
    %concat/vec4; draw_string_vec4
    %pushi/vec4 0, 0, 32; draw_string_vec4
    %concat/vec4; draw_string_vec4
    %pushi/vec4 10305, 0, 32; draw_string_vec4
    %concat/vec4; draw_string_vec4
    %pushi/vec4 2084710688, 0, 32; draw_string_vec4
    %concat/vec4; draw_string_vec4
    %pushi/vec4 723527745, 0, 32; draw_string_vec4
    %concat/vec4; draw_string_vec4
    %pushi/vec4 645808681, 0, 32; draw_string_vec4
    %concat/vec4; draw_string_vec4
    %ret/vec4 0, 0, 256;  Assign to cmt_arith_xci_bar (store_vec4_to_lval)
    %jmp T_16.192;
T_16.182 ;
    %pushi/vec4 0, 0, 32; draw_string_vec4
    %pushi/vec4 0, 0, 32; draw_string_vec4
    %concat/vec4; draw_string_vec4
    %pushi/vec4 0, 0, 32; draw_string_vec4
    %concat/vec4; draw_string_vec4
    %pushi/vec4 0, 0, 32; draw_string_vec4
    %concat/vec4; draw_string_vec4
    %pushi/vec4 0, 0, 32; draw_string_vec4
    %concat/vec4; draw_string_vec4
    %pushi/vec4 65, 0, 32; draw_string_vec4
    %concat/vec4; draw_string_vec4
    %pushi/vec4 539828290, 0, 32; draw_string_vec4
    %concat/vec4; draw_string_vec4
    %pushi/vec4 539828273, 0, 32; draw_string_vec4
    %concat/vec4; draw_string_vec4
    %ret/vec4 0, 0, 256;  Assign to cmt_arith_xci_bar (store_vec4_to_lval)
    %jmp T_16.192;
T_16.183 ;
    %pushi/vec4 0, 0, 32; draw_string_vec4
    %pushi/vec4 0, 0, 32; draw_string_vec4
    %concat/vec4; draw_string_vec4
    %pushi/vec4 0, 0, 32; draw_string_vec4
    %concat/vec4; draw_string_vec4
    %pushi/vec4 0, 0, 32; draw_string_vec4
    %concat/vec4; draw_string_vec4
    %pushi/vec4 0, 0, 32; draw_string_vec4
    %concat/vec4; draw_string_vec4
    %pushi/vec4 10305, 0, 32; draw_string_vec4
    %concat/vec4; draw_string_vec4
    %pushi/vec4 645808681, 0, 32; draw_string_vec4
    %concat/vec4; draw_string_vec4
    %pushi/vec4 539828273, 0, 32; draw_string_vec4
    %concat/vec4; draw_string_vec4
    %ret/vec4 0, 0, 256;  Assign to cmt_arith_xci_bar (store_vec4_to_lval)
    %jmp T_16.192;
T_16.184 ;
    %pushi/vec4 0, 0, 32; draw_string_vec4
    %pushi/vec4 0, 0, 32; draw_string_vec4
    %concat/vec4; draw_string_vec4
    %pushi/vec4 0, 0, 32; draw_string_vec4
    %concat/vec4; draw_string_vec4
    %pushi/vec4 0, 0, 32; draw_string_vec4
    %concat/vec4; draw_string_vec4
    %pushi/vec4 0, 0, 32; draw_string_vec4
    %concat/vec4; draw_string_vec4
    %pushi/vec4 65, 0, 32; draw_string_vec4
    %concat/vec4; draw_string_vec4
    %pushi/vec4 539697192, 0, 32; draw_string_vec4
    %concat/vec4; draw_string_vec4
    %pushi/vec4 1093026345, 0, 32; draw_string_vec4
    %concat/vec4; draw_string_vec4
    %ret/vec4 0, 0, 256;  Assign to cmt_arith_xci_bar (store_vec4_to_lval)
    %jmp T_16.192;
T_16.185 ;
    %pushi/vec4 0, 0, 32; draw_string_vec4
    %pushi/vec4 0, 0, 32; draw_string_vec4
    %concat/vec4; draw_string_vec4
    %pushi/vec4 0, 0, 32; draw_string_vec4
    %concat/vec4; draw_string_vec4
    %pushi/vec4 0, 0, 32; draw_string_vec4
    %concat/vec4; draw_string_vec4
    %pushi/vec4 0, 0, 32; draw_string_vec4
    %concat/vec4; draw_string_vec4
    %pushi/vec4 0, 0, 32; draw_string_vec4
    %concat/vec4; draw_string_vec4
    %pushi/vec4 65, 0, 32; draw_string_vec4
    %concat/vec4; draw_string_vec4
    %pushi/vec4 539697218, 0, 32; draw_string_vec4
    %concat/vec4; draw_string_vec4
    %ret/vec4 0, 0, 256;  Assign to cmt_arith_xci_bar (store_vec4_to_lval)
    %jmp T_16.192;
T_16.186 ;
    %pushi/vec4 0, 0, 32; draw_string_vec4
    %pushi/vec4 0, 0, 32; draw_string_vec4
    %concat/vec4; draw_string_vec4
    %pushi/vec4 0, 0, 32; draw_string_vec4
    %concat/vec4; draw_string_vec4
    %pushi/vec4 0, 0, 32; draw_string_vec4
    %concat/vec4; draw_string_vec4
    %pushi/vec4 10305, 0, 32; draw_string_vec4
    %concat/vec4; draw_string_vec4
    %pushi/vec4 2088649257, 0, 32; draw_string_vec4
    %concat/vec4; draw_string_vec4
    %pushi/vec4 539697192, 0, 32; draw_string_vec4
    %concat/vec4; draw_string_vec4
    %pushi/vec4 1093026345, 0, 32; draw_string_vec4
    %concat/vec4; draw_string_vec4
    %ret/vec4 0, 0, 256;  Assign to cmt_arith_xci_bar (store_vec4_to_lval)
    %jmp T_16.192;
T_16.187 ;
    %pushi/vec4 0, 0, 32; draw_string_vec4
    %pushi/vec4 0, 0, 32; draw_string_vec4
    %concat/vec4; draw_string_vec4
    %pushi/vec4 0, 0, 32; draw_string_vec4
    %concat/vec4; draw_string_vec4
    %pushi/vec4 0, 0, 32; draw_string_vec4
    %concat/vec4; draw_string_vec4
    %pushi/vec4 0, 0, 32; draw_string_vec4
    %concat/vec4; draw_string_vec4
    %pushi/vec4 40, 0, 32; draw_string_vec4
    %concat/vec4; draw_string_vec4
    %pushi/vec4 1093026345, 0, 32; draw_string_vec4
    %concat/vec4; draw_string_vec4
    %pushi/vec4 539828273, 0, 32; draw_string_vec4
    %concat/vec4; draw_string_vec4
    %ret/vec4 0, 0, 256;  Assign to cmt_arith_xci_bar (store_vec4_to_lval)
    %jmp T_16.192;
T_16.188 ;
    %pushi/vec4 0, 0, 32; draw_string_vec4
    %pushi/vec4 0, 0, 32; draw_string_vec4
    %concat/vec4; draw_string_vec4
    %pushi/vec4 0, 0, 32; draw_string_vec4
    %concat/vec4; draw_string_vec4
    %pushi/vec4 0, 0, 32; draw_string_vec4
    %concat/vec4; draw_string_vec4
    %pushi/vec4 65, 0, 32; draw_string_vec4
    %concat/vec4; draw_string_vec4
    %pushi/vec4 539697217, 0, 32; draw_string_vec4
    %concat/vec4; draw_string_vec4
    %pushi/vec4 539963251, 0, 32; draw_string_vec4
    %concat/vec4; draw_string_vec4
    %pushi/vec4 1751737972, 0, 32; draw_string_vec4
    %concat/vec4; draw_string_vec4
    %ret/vec4 0, 0, 256;  Assign to cmt_arith_xci_bar (store_vec4_to_lval)
    %jmp T_16.192;
T_16.189 ;
    %pushi/vec4 0, 0, 32; draw_string_vec4
    %pushi/vec4 0, 0, 32; draw_string_vec4
    %concat/vec4; draw_string_vec4
    %pushi/vec4 0, 0, 32; draw_string_vec4
    %concat/vec4; draw_string_vec4
    %pushi/vec4 0, 0, 32; draw_string_vec4
    %concat/vec4; draw_string_vec4
    %pushi/vec4 0, 0, 32; draw_string_vec4
    %concat/vec4; draw_string_vec4
    %pushi/vec4 40, 0, 32; draw_string_vec4
    %concat/vec4; draw_string_vec4
    %pushi/vec4 1098662441, 0, 32; draw_string_vec4
    %concat/vec4; draw_string_vec4
    %pushi/vec4 539697217, 0, 32; draw_string_vec4
    %concat/vec4; draw_string_vec4
    %ret/vec4 0, 0, 256;  Assign to cmt_arith_xci_bar (store_vec4_to_lval)
    %jmp T_16.192;
T_16.190 ;
    %pushi/vec4 0, 0, 32; draw_string_vec4
    %pushi/vec4 0, 0, 32; draw_string_vec4
    %concat/vec4; draw_string_vec4
    %pushi/vec4 0, 0, 32; draw_string_vec4
    %concat/vec4; draw_string_vec4
    %pushi/vec4 0, 0, 32; draw_string_vec4
    %concat/vec4; draw_string_vec4
    %pushi/vec4 0, 0, 32; draw_string_vec4
    %concat/vec4; draw_string_vec4
    %pushi/vec4 10305, 0, 32; draw_string_vec4
    %concat/vec4; draw_string_vec4
    %pushi/vec4 2088649257, 0, 32; draw_string_vec4
    %concat/vec4; draw_string_vec4
    %pushi/vec4 539697217, 0, 32; draw_string_vec4
    %concat/vec4; draw_string_vec4
    %ret/vec4 0, 0, 256;  Assign to cmt_arith_xci_bar (store_vec4_to_lval)
    %jmp T_16.192;
T_16.191 ;
    %pushi/vec4 0, 0, 32; draw_string_vec4
    %pushi/vec4 0, 0, 32; draw_string_vec4
    %concat/vec4; draw_string_vec4
    %pushi/vec4 0, 0, 32; draw_string_vec4
    %concat/vec4; draw_string_vec4
    %pushi/vec4 0, 0, 32; draw_string_vec4
    %concat/vec4; draw_string_vec4
    %pushi/vec4 0, 0, 32; draw_string_vec4
    %concat/vec4; draw_string_vec4
    %pushi/vec4 0, 0, 32; draw_string_vec4
    %concat/vec4; draw_string_vec4
    %pushi/vec4 65, 0, 32; draw_string_vec4
    %concat/vec4; draw_string_vec4
    %pushi/vec4 539828273, 0, 32; draw_string_vec4
    %concat/vec4; draw_string_vec4
    %ret/vec4 0, 0, 256;  Assign to cmt_arith_xci_bar (store_vec4_to_lval)
    %jmp T_16.192;
T_16.192 ;
    %pop/vec4 1;
    %end;
S_0x62d3130c5570 .scope function.vec4.s256, "cmt_logic_ci_bar" "cmt_logic_ci_bar" 4 146, 4 146 0, S_0x62d3130a2e60;
 .timescale -9 -11;
v0x62d3130c5750_0 .var "A", 3 0;
v0x62d3130c5850_0 .var "B", 3 0;
v0x62d3130c5930_0 .var "S", 3 0;
; Variable cmt_logic_ci_bar is vec4 return value of scope S_0x62d3130c5570
TD_tb_alu.cmt_logic_ci_bar ;
    %load/vec4 v0x62d3130c5930_0;
    %dup/vec4;
    %pushi/vec4 0, 0, 4;
    %cmp/u;
    %jmp/1 T_17.193, 6;
    %dup/vec4;
    %pushi/vec4 1, 0, 4;
    %cmp/u;
    %jmp/1 T_17.194, 6;
    %dup/vec4;
    %pushi/vec4 2, 0, 4;
    %cmp/u;
    %jmp/1 T_17.195, 6;
    %dup/vec4;
    %pushi/vec4 3, 0, 4;
    %cmp/u;
    %jmp/1 T_17.196, 6;
    %dup/vec4;
    %pushi/vec4 4, 0, 4;
    %cmp/u;
    %jmp/1 T_17.197, 6;
    %dup/vec4;
    %pushi/vec4 5, 0, 4;
    %cmp/u;
    %jmp/1 T_17.198, 6;
    %dup/vec4;
    %pushi/vec4 6, 0, 4;
    %cmp/u;
    %jmp/1 T_17.199, 6;
    %dup/vec4;
    %pushi/vec4 7, 0, 4;
    %cmp/u;
    %jmp/1 T_17.200, 6;
    %dup/vec4;
    %pushi/vec4 8, 0, 4;
    %cmp/u;
    %jmp/1 T_17.201, 6;
    %dup/vec4;
    %pushi/vec4 9, 0, 4;
    %cmp/u;
    %jmp/1 T_17.202, 6;
    %dup/vec4;
    %pushi/vec4 10, 0, 4;
    %cmp/u;
    %jmp/1 T_17.203, 6;
    %dup/vec4;
    %pushi/vec4 11, 0, 4;
    %cmp/u;
    %jmp/1 T_17.204, 6;
    %dup/vec4;
    %pushi/vec4 12, 0, 4;
    %cmp/u;
    %jmp/1 T_17.205, 6;
    %dup/vec4;
    %pushi/vec4 13, 0, 4;
    %cmp/u;
    %jmp/1 T_17.206, 6;
    %dup/vec4;
    %pushi/vec4 14, 0, 4;
    %cmp/u;
    %jmp/1 T_17.207, 6;
    %dup/vec4;
    %pushi/vec4 15, 0, 4;
    %cmp/u;
    %jmp/1 T_17.208, 6;
    %jmp T_17.209;
T_17.193 ;
    %pushi/vec4 0, 0, 32; draw_string_vec4
    %pushi/vec4 0, 0, 32; draw_string_vec4
    %concat/vec4; draw_string_vec4
    %pushi/vec4 0, 0, 32; draw_string_vec4
    %concat/vec4; draw_string_vec4
    %pushi/vec4 0, 0, 32; draw_string_vec4
    %concat/vec4; draw_string_vec4
    %pushi/vec4 0, 0, 32; draw_string_vec4
    %concat/vec4; draw_string_vec4
    %pushi/vec4 0, 0, 32; draw_string_vec4
    %concat/vec4; draw_string_vec4
    %pushi/vec4 0, 0, 32; draw_string_vec4
    %concat/vec4; draw_string_vec4
    %pushi/vec4 32321, 0, 32; draw_string_vec4
    %concat/vec4; draw_string_vec4
    %ret/vec4 0, 0, 256;  Assign to cmt_logic_ci_bar (store_vec4_to_lval)
    %jmp T_17.209;
T_17.194 ;
    %pushi/vec4 0, 0, 32; draw_string_vec4
    %pushi/vec4 0, 0, 32; draw_string_vec4
    %concat/vec4; draw_string_vec4
    %pushi/vec4 0, 0, 32; draw_string_vec4
    %concat/vec4; draw_string_vec4
    %pushi/vec4 0, 0, 32; draw_string_vec4
    %concat/vec4; draw_string_vec4
    %pushi/vec4 0, 0, 32; draw_string_vec4
    %concat/vec4; draw_string_vec4
    %pushi/vec4 0, 0, 32; draw_string_vec4
    %concat/vec4; draw_string_vec4
    %pushi/vec4 32296, 0, 32; draw_string_vec4
    %concat/vec4; draw_string_vec4
    %pushi/vec4 1098662441, 0, 32; draw_string_vec4
    %concat/vec4; draw_string_vec4
    %ret/vec4 0, 0, 256;  Assign to cmt_logic_ci_bar (store_vec4_to_lval)
    %jmp T_17.209;
T_17.195 ;
    %pushi/vec4 0, 0, 32; draw_string_vec4
    %pushi/vec4 0, 0, 32; draw_string_vec4
    %concat/vec4; draw_string_vec4
    %pushi/vec4 0, 0, 32; draw_string_vec4
    %concat/vec4; draw_string_vec4
    %pushi/vec4 0, 0, 32; draw_string_vec4
    %concat/vec4; draw_string_vec4
    %pushi/vec4 0, 0, 32; draw_string_vec4
    %concat/vec4; draw_string_vec4
    %pushi/vec4 0, 0, 32; draw_string_vec4
    %concat/vec4; draw_string_vec4
    %pushi/vec4 0, 0, 32; draw_string_vec4
    %concat/vec4; draw_string_vec4
    %pushi/vec4 2118198850, 0, 32; draw_string_vec4
    %concat/vec4; draw_string_vec4
    %ret/vec4 0, 0, 256;  Assign to cmt_logic_ci_bar (store_vec4_to_lval)
    %jmp T_17.209;
T_17.196 ;
    %pushi/vec4 0, 0, 32; draw_string_vec4
    %pushi/vec4 0, 0, 32; draw_string_vec4
    %concat/vec4; draw_string_vec4
    %pushi/vec4 0, 0, 32; draw_string_vec4
    %concat/vec4; draw_string_vec4
    %pushi/vec4 0, 0, 32; draw_string_vec4
    %concat/vec4; draw_string_vec4
    %pushi/vec4 0, 0, 32; draw_string_vec4
    %concat/vec4; draw_string_vec4
    %pushi/vec4 0, 0, 32; draw_string_vec4
    %concat/vec4; draw_string_vec4
    %pushi/vec4 0, 0, 32; draw_string_vec4
    %concat/vec4; draw_string_vec4
    %pushi/vec4 48, 0, 32; draw_string_vec4
    %concat/vec4; draw_string_vec4
    %ret/vec4 0, 0, 256;  Assign to cmt_logic_ci_bar (store_vec4_to_lval)
    %jmp T_17.209;
T_17.197 ;
    %pushi/vec4 0, 0, 32; draw_string_vec4
    %pushi/vec4 0, 0, 32; draw_string_vec4
    %concat/vec4; draw_string_vec4
    %pushi/vec4 0, 0, 32; draw_string_vec4
    %concat/vec4; draw_string_vec4
    %pushi/vec4 0, 0, 32; draw_string_vec4
    %concat/vec4; draw_string_vec4
    %pushi/vec4 0, 0, 32; draw_string_vec4
    %concat/vec4; draw_string_vec4
    %pushi/vec4 0, 0, 32; draw_string_vec4
    %concat/vec4; draw_string_vec4
    %pushi/vec4 32296, 0, 32; draw_string_vec4
    %concat/vec4; draw_string_vec4
    %pushi/vec4 1093026345, 0, 32; draw_string_vec4
    %concat/vec4; draw_string_vec4
    %ret/vec4 0, 0, 256;  Assign to cmt_logic_ci_bar (store_vec4_to_lval)
    %jmp T_17.209;
T_17.198 ;
    %pushi/vec4 0, 0, 32; draw_string_vec4
    %pushi/vec4 0, 0, 32; draw_string_vec4
    %concat/vec4; draw_string_vec4
    %pushi/vec4 0, 0, 32; draw_string_vec4
    %concat/vec4; draw_string_vec4
    %pushi/vec4 0, 0, 32; draw_string_vec4
    %concat/vec4; draw_string_vec4
    %pushi/vec4 0, 0, 32; draw_string_vec4
    %concat/vec4; draw_string_vec4
    %pushi/vec4 0, 0, 32; draw_string_vec4
    %concat/vec4; draw_string_vec4
    %pushi/vec4 0, 0, 32; draw_string_vec4
    %concat/vec4; draw_string_vec4
    %pushi/vec4 32322, 0, 32; draw_string_vec4
    %concat/vec4; draw_string_vec4
    %ret/vec4 0, 0, 256;  Assign to cmt_logic_ci_bar (store_vec4_to_lval)
    %jmp T_17.209;
T_17.199 ;
    %pushi/vec4 0, 0, 32; draw_string_vec4
    %pushi/vec4 0, 0, 32; draw_string_vec4
    %concat/vec4; draw_string_vec4
    %pushi/vec4 0, 0, 32; draw_string_vec4
    %concat/vec4; draw_string_vec4
    %pushi/vec4 0, 0, 32; draw_string_vec4
    %concat/vec4; draw_string_vec4
    %pushi/vec4 0, 0, 32; draw_string_vec4
    %concat/vec4; draw_string_vec4
    %pushi/vec4 0, 0, 32; draw_string_vec4
    %concat/vec4; draw_string_vec4
    %pushi/vec4 0, 0, 32; draw_string_vec4
    %concat/vec4; draw_string_vec4
    %pushi/vec4 4283970, 0, 32; draw_string_vec4
    %concat/vec4; draw_string_vec4
    %ret/vec4 0, 0, 256;  Assign to cmt_logic_ci_bar (store_vec4_to_lval)
    %jmp T_17.209;
T_17.200 ;
    %pushi/vec4 0, 0, 32; draw_string_vec4
    %pushi/vec4 0, 0, 32; draw_string_vec4
    %concat/vec4; draw_string_vec4
    %pushi/vec4 0, 0, 32; draw_string_vec4
    %concat/vec4; draw_string_vec4
    %pushi/vec4 0, 0, 32; draw_string_vec4
    %concat/vec4; draw_string_vec4
    %pushi/vec4 0, 0, 32; draw_string_vec4
    %concat/vec4; draw_string_vec4
    %pushi/vec4 0, 0, 32; draw_string_vec4
    %concat/vec4; draw_string_vec4
    %pushi/vec4 0, 0, 32; draw_string_vec4
    %concat/vec4; draw_string_vec4
    %pushi/vec4 1093041730, 0, 32; draw_string_vec4
    %concat/vec4; draw_string_vec4
    %ret/vec4 0, 0, 256;  Assign to cmt_logic_ci_bar (store_vec4_to_lval)
    %jmp T_17.209;
T_17.201 ;
    %pushi/vec4 0, 0, 32; draw_string_vec4
    %pushi/vec4 0, 0, 32; draw_string_vec4
    %concat/vec4; draw_string_vec4
    %pushi/vec4 0, 0, 32; draw_string_vec4
    %concat/vec4; draw_string_vec4
    %pushi/vec4 0, 0, 32; draw_string_vec4
    %concat/vec4; draw_string_vec4
    %pushi/vec4 0, 0, 32; draw_string_vec4
    %concat/vec4; draw_string_vec4
    %pushi/vec4 0, 0, 32; draw_string_vec4
    %concat/vec4; draw_string_vec4
    %pushi/vec4 0, 0, 32; draw_string_vec4
    %concat/vec4; draw_string_vec4
    %pushi/vec4 2118220866, 0, 32; draw_string_vec4
    %concat/vec4; draw_string_vec4
    %ret/vec4 0, 0, 256;  Assign to cmt_logic_ci_bar (store_vec4_to_lval)
    %jmp T_17.209;
T_17.202 ;
    %pushi/vec4 0, 0, 32; draw_string_vec4
    %pushi/vec4 0, 0, 32; draw_string_vec4
    %concat/vec4; draw_string_vec4
    %pushi/vec4 0, 0, 32; draw_string_vec4
    %concat/vec4; draw_string_vec4
    %pushi/vec4 0, 0, 32; draw_string_vec4
    %concat/vec4; draw_string_vec4
    %pushi/vec4 0, 0, 32; draw_string_vec4
    %concat/vec4; draw_string_vec4
    %pushi/vec4 0, 0, 32; draw_string_vec4
    %concat/vec4; draw_string_vec4
    %pushi/vec4 32296, 0, 32; draw_string_vec4
    %concat/vec4; draw_string_vec4
    %pushi/vec4 1096696361, 0, 32; draw_string_vec4
    %concat/vec4; draw_string_vec4
    %ret/vec4 0, 0, 256;  Assign to cmt_logic_ci_bar (store_vec4_to_lval)
    %jmp T_17.209;
T_17.203 ;
    %pushi/vec4 0, 0, 32; draw_string_vec4
    %pushi/vec4 0, 0, 32; draw_string_vec4
    %concat/vec4; draw_string_vec4
    %pushi/vec4 0, 0, 32; draw_string_vec4
    %concat/vec4; draw_string_vec4
    %pushi/vec4 0, 0, 32; draw_string_vec4
    %concat/vec4; draw_string_vec4
    %pushi/vec4 0, 0, 32; draw_string_vec4
    %concat/vec4; draw_string_vec4
    %pushi/vec4 0, 0, 32; draw_string_vec4
    %concat/vec4; draw_string_vec4
    %pushi/vec4 0, 0, 32; draw_string_vec4
    %concat/vec4; draw_string_vec4
    %pushi/vec4 66, 0, 32; draw_string_vec4
    %concat/vec4; draw_string_vec4
    %ret/vec4 0, 0, 256;  Assign to cmt_logic_ci_bar (store_vec4_to_lval)
    %jmp T_17.209;
T_17.204 ;
    %pushi/vec4 0, 0, 32; draw_string_vec4
    %pushi/vec4 0, 0, 32; draw_string_vec4
    %concat/vec4; draw_string_vec4
    %pushi/vec4 0, 0, 32; draw_string_vec4
    %concat/vec4; draw_string_vec4
    %pushi/vec4 0, 0, 32; draw_string_vec4
    %concat/vec4; draw_string_vec4
    %pushi/vec4 0, 0, 32; draw_string_vec4
    %concat/vec4; draw_string_vec4
    %pushi/vec4 0, 0, 32; draw_string_vec4
    %concat/vec4; draw_string_vec4
    %pushi/vec4 0, 0, 32; draw_string_vec4
    %concat/vec4; draw_string_vec4
    %pushi/vec4 4269634, 0, 32; draw_string_vec4
    %concat/vec4; draw_string_vec4
    %ret/vec4 0, 0, 256;  Assign to cmt_logic_ci_bar (store_vec4_to_lval)
    %jmp T_17.209;
T_17.205 ;
    %pushi/vec4 0, 0, 32; draw_string_vec4
    %pushi/vec4 0, 0, 32; draw_string_vec4
    %concat/vec4; draw_string_vec4
    %pushi/vec4 0, 0, 32; draw_string_vec4
    %concat/vec4; draw_string_vec4
    %pushi/vec4 0, 0, 32; draw_string_vec4
    %concat/vec4; draw_string_vec4
    %pushi/vec4 0, 0, 32; draw_string_vec4
    %concat/vec4; draw_string_vec4
    %pushi/vec4 0, 0, 32; draw_string_vec4
    %concat/vec4; draw_string_vec4
    %pushi/vec4 0, 0, 32; draw_string_vec4
    %concat/vec4; draw_string_vec4
    %pushi/vec4 825307441, 0, 32; draw_string_vec4
    %concat/vec4; draw_string_vec4
    %ret/vec4 0, 0, 256;  Assign to cmt_logic_ci_bar (store_vec4_to_lval)
    %jmp T_17.209;
T_17.206 ;
    %pushi/vec4 0, 0, 32; draw_string_vec4
    %pushi/vec4 0, 0, 32; draw_string_vec4
    %concat/vec4; draw_string_vec4
    %pushi/vec4 0, 0, 32; draw_string_vec4
    %concat/vec4; draw_string_vec4
    %pushi/vec4 0, 0, 32; draw_string_vec4
    %concat/vec4; draw_string_vec4
    %pushi/vec4 0, 0, 32; draw_string_vec4
    %concat/vec4; draw_string_vec4
    %pushi/vec4 0, 0, 32; draw_string_vec4
    %concat/vec4; draw_string_vec4
    %pushi/vec4 0, 0, 32; draw_string_vec4
    %concat/vec4; draw_string_vec4
    %pushi/vec4 1098677826, 0, 32; draw_string_vec4
    %concat/vec4; draw_string_vec4
    %ret/vec4 0, 0, 256;  Assign to cmt_logic_ci_bar (store_vec4_to_lval)
    %jmp T_17.209;
T_17.207 ;
    %pushi/vec4 0, 0, 32; draw_string_vec4
    %pushi/vec4 0, 0, 32; draw_string_vec4
    %concat/vec4; draw_string_vec4
    %pushi/vec4 0, 0, 32; draw_string_vec4
    %concat/vec4; draw_string_vec4
    %pushi/vec4 0, 0, 32; draw_string_vec4
    %concat/vec4; draw_string_vec4
    %pushi/vec4 0, 0, 32; draw_string_vec4
    %concat/vec4; draw_string_vec4
    %pushi/vec4 0, 0, 32; draw_string_vec4
    %concat/vec4; draw_string_vec4
    %pushi/vec4 0, 0, 32; draw_string_vec4
    %concat/vec4; draw_string_vec4
    %pushi/vec4 4291650, 0, 32; draw_string_vec4
    %concat/vec4; draw_string_vec4
    %ret/vec4 0, 0, 256;  Assign to cmt_logic_ci_bar (store_vec4_to_lval)
    %jmp T_17.209;
T_17.208 ;
    %pushi/vec4 0, 0, 32; draw_string_vec4
    %pushi/vec4 0, 0, 32; draw_string_vec4
    %concat/vec4; draw_string_vec4
    %pushi/vec4 0, 0, 32; draw_string_vec4
    %concat/vec4; draw_string_vec4
    %pushi/vec4 0, 0, 32; draw_string_vec4
    %concat/vec4; draw_string_vec4
    %pushi/vec4 0, 0, 32; draw_string_vec4
    %concat/vec4; draw_string_vec4
    %pushi/vec4 0, 0, 32; draw_string_vec4
    %concat/vec4; draw_string_vec4
    %pushi/vec4 0, 0, 32; draw_string_vec4
    %concat/vec4; draw_string_vec4
    %pushi/vec4 65, 0, 32; draw_string_vec4
    %concat/vec4; draw_string_vec4
    %ret/vec4 0, 0, 256;  Assign to cmt_logic_ci_bar (store_vec4_to_lval)
    %jmp T_17.209;
T_17.209 ;
    %pop/vec4 1;
    %end;
S_0x62d3130c5b00 .scope function.vec4.s1, "co_bar_general" "co_bar_general" 4 295, 4 295 0, S_0x62d3130a2e60;
 .timescale -9 -11;
v0x62d3130c5ce0_0 .var "A", 3 0;
v0x62d3130c5de0_0 .var "B", 3 0;
v0x62d3130c5ec0_0 .var "CI_BAR", 0 0;
v0x62d3130c5f90_0 .var "S", 3 0;
; Variable co_bar_general is vec4 return value of scope S_0x62d3130c5b00
v0x62d3130c6130_0 .var "y", 0 0;
TD_tb_alu.co_bar_general ;
    %pushi/vec4 9, 0, 4;
    %store/vec4 v0x62d3130c5f90_0, 0, 4;
    %load/vec4 v0x62d3130c5ce0_0;
    %parti/s 1, 3, 3;
    %load/vec4 v0x62d3130c5de0_0;
    %parti/s 1, 3, 3;
    %load/vec4 v0x62d3130c5f90_0;
    %store/vec4 v0x62d3130d48a0_0, 0, 4;
    %store/vec4 v0x62d3130d47e0_0, 0, 1;
    %store/vec4 v0x62d3130d4700_0, 0, 1;
    %callf/vec4 TD_tb_alu.input_out2, S_0x62d3130d4520;
    %flag_set/vec4 8;
    %jmp/1 T_18.213, 8;
    %load/vec4 v0x62d3130c5ce0_0;
    %parti/s 1, 3, 3;
    %load/vec4 v0x62d3130c5de0_0;
    %parti/s 1, 3, 3;
    %load/vec4 v0x62d3130c5f90_0;
    %store/vec4 v0x62d3130d4370_0, 0, 4;
    %store/vec4 v0x62d3130d42b0_0, 0, 1;
    %store/vec4 v0x62d3130d41d0_0, 0, 1;
    %callf/vec4 TD_tb_alu.input_out1, S_0x62d3130d3ff0;
    %flag_set/vec4 10;
    %flag_get/vec4 10;
    %jmp/0 T_18.214, 10;
    %load/vec4 v0x62d3130c5ce0_0;
    %parti/s 1, 2, 3;
    %load/vec4 v0x62d3130c5de0_0;
    %parti/s 1, 2, 3;
    %load/vec4 v0x62d3130c5f90_0;
    %store/vec4 v0x62d3130d48a0_0, 0, 4;
    %store/vec4 v0x62d3130d47e0_0, 0, 1;
    %store/vec4 v0x62d3130d4700_0, 0, 1;
    %callf/vec4 TD_tb_alu.input_out2, S_0x62d3130d4520;
    %and;
T_18.214;
    %flag_set/vec4 9;
    %flag_or 8, 9;
T_18.213;
    %jmp/1 T_18.212, 8;
    %load/vec4 v0x62d3130c5ce0_0;
    %parti/s 1, 3, 3;
    %load/vec4 v0x62d3130c5de0_0;
    %parti/s 1, 3, 3;
    %load/vec4 v0x62d3130c5f90_0;
    %store/vec4 v0x62d3130d4370_0, 0, 4;
    %store/vec4 v0x62d3130d42b0_0, 0, 1;
    %store/vec4 v0x62d3130d41d0_0, 0, 1;
    %callf/vec4 TD_tb_alu.input_out1, S_0x62d3130d3ff0;
    %flag_set/vec4 11;
    %flag_get/vec4 11;
    %jmp/0 T_18.216, 11;
    %load/vec4 v0x62d3130c5ce0_0;
    %parti/s 1, 2, 3;
    %load/vec4 v0x62d3130c5de0_0;
    %parti/s 1, 2, 3;
    %load/vec4 v0x62d3130c5f90_0;
    %store/vec4 v0x62d3130d4370_0, 0, 4;
    %store/vec4 v0x62d3130d42b0_0, 0, 1;
    %store/vec4 v0x62d3130d41d0_0, 0, 1;
    %callf/vec4 TD_tb_alu.input_out1, S_0x62d3130d3ff0;
    %and;
T_18.216;
    %flag_set/vec4 10;
    %flag_get/vec4 10;
    %jmp/0 T_18.215, 10;
    %load/vec4 v0x62d3130c5ce0_0;
    %parti/s 1, 1, 2;
    %load/vec4 v0x62d3130c5de0_0;
    %parti/s 1, 1, 2;
    %load/vec4 v0x62d3130c5f90_0;
    %store/vec4 v0x62d3130d48a0_0, 0, 4;
    %store/vec4 v0x62d3130d47e0_0, 0, 1;
    %store/vec4 v0x62d3130d4700_0, 0, 1;
    %callf/vec4 TD_tb_alu.input_out2, S_0x62d3130d4520;
    %and;
T_18.215;
    %flag_set/vec4 9;
    %flag_or 8, 9;
T_18.212;
    %jmp/1 T_18.211, 8;
    %load/vec4 v0x62d3130c5ce0_0;
    %parti/s 1, 3, 3;
    %load/vec4 v0x62d3130c5de0_0;
    %parti/s 1, 3, 3;
    %load/vec4 v0x62d3130c5f90_0;
    %store/vec4 v0x62d3130d4370_0, 0, 4;
    %store/vec4 v0x62d3130d42b0_0, 0, 1;
    %store/vec4 v0x62d3130d41d0_0, 0, 1;
    %callf/vec4 TD_tb_alu.input_out1, S_0x62d3130d3ff0;
    %flag_set/vec4 12;
    %flag_get/vec4 12;
    %jmp/0 T_18.219, 12;
    %load/vec4 v0x62d3130c5ce0_0;
    %parti/s 1, 2, 3;
    %load/vec4 v0x62d3130c5de0_0;
    %parti/s 1, 2, 3;
    %load/vec4 v0x62d3130c5f90_0;
    %store/vec4 v0x62d3130d4370_0, 0, 4;
    %store/vec4 v0x62d3130d42b0_0, 0, 1;
    %store/vec4 v0x62d3130d41d0_0, 0, 1;
    %callf/vec4 TD_tb_alu.input_out1, S_0x62d3130d3ff0;
    %and;
T_18.219;
    %flag_set/vec4 11;
    %flag_get/vec4 11;
    %jmp/0 T_18.218, 11;
    %load/vec4 v0x62d3130c5ce0_0;
    %parti/s 1, 1, 2;
    %load/vec4 v0x62d3130c5de0_0;
    %parti/s 1, 1, 2;
    %load/vec4 v0x62d3130c5f90_0;
    %store/vec4 v0x62d3130d4370_0, 0, 4;
    %store/vec4 v0x62d3130d42b0_0, 0, 1;
    %store/vec4 v0x62d3130d41d0_0, 0, 1;
    %callf/vec4 TD_tb_alu.input_out1, S_0x62d3130d3ff0;
    %and;
T_18.218;
    %flag_set/vec4 10;
    %flag_get/vec4 10;
    %jmp/0 T_18.217, 10;
    %load/vec4 v0x62d3130c5ce0_0;
    %parti/s 1, 0, 2;
    %load/vec4 v0x62d3130c5de0_0;
    %parti/s 1, 0, 2;
    %load/vec4 v0x62d3130c5f90_0;
    %store/vec4 v0x62d3130d48a0_0, 0, 4;
    %store/vec4 v0x62d3130d47e0_0, 0, 1;
    %store/vec4 v0x62d3130d4700_0, 0, 1;
    %callf/vec4 TD_tb_alu.input_out2, S_0x62d3130d4520;
    %and;
T_18.217;
    %flag_set/vec4 9;
    %flag_or 8, 9;
T_18.211;
    %flag_get/vec4 8;
    %jmp/1 T_18.210, 8;
    %load/vec4 v0x62d3130c5ce0_0;
    %parti/s 1, 3, 3;
    %load/vec4 v0x62d3130c5de0_0;
    %parti/s 1, 3, 3;
    %load/vec4 v0x62d3130c5f90_0;
    %store/vec4 v0x62d3130d4370_0, 0, 4;
    %store/vec4 v0x62d3130d42b0_0, 0, 1;
    %store/vec4 v0x62d3130d41d0_0, 0, 1;
    %callf/vec4 TD_tb_alu.input_out1, S_0x62d3130d3ff0;
    %flag_set/vec4 10;
    %flag_get/vec4 10;
    %jmp/0 T_18.222, 10;
    %load/vec4 v0x62d3130c5ce0_0;
    %parti/s 1, 2, 3;
    %load/vec4 v0x62d3130c5de0_0;
    %parti/s 1, 2, 3;
    %load/vec4 v0x62d3130c5f90_0;
    %store/vec4 v0x62d3130d4370_0, 0, 4;
    %store/vec4 v0x62d3130d42b0_0, 0, 1;
    %store/vec4 v0x62d3130d41d0_0, 0, 1;
    %callf/vec4 TD_tb_alu.input_out1, S_0x62d3130d3ff0;
    %and;
T_18.222;
    %flag_set/vec4 9;
    %flag_get/vec4 9;
    %jmp/0 T_18.221, 9;
    %load/vec4 v0x62d3130c5ce0_0;
    %parti/s 1, 1, 2;
    %load/vec4 v0x62d3130c5de0_0;
    %parti/s 1, 1, 2;
    %load/vec4 v0x62d3130c5f90_0;
    %store/vec4 v0x62d3130d4370_0, 0, 4;
    %store/vec4 v0x62d3130d42b0_0, 0, 1;
    %store/vec4 v0x62d3130d41d0_0, 0, 1;
    %callf/vec4 TD_tb_alu.input_out1, S_0x62d3130d3ff0;
    %and;
T_18.221;
    %flag_set/vec4 8;
    %flag_get/vec4 8;
    %jmp/0 T_18.220, 8;
    %load/vec4 v0x62d3130c5ce0_0;
    %parti/s 1, 0, 2;
    %load/vec4 v0x62d3130c5de0_0;
    %parti/s 1, 0, 2;
    %load/vec4 v0x62d3130c5f90_0;
    %store/vec4 v0x62d3130d4370_0, 0, 4;
    %store/vec4 v0x62d3130d42b0_0, 0, 1;
    %store/vec4 v0x62d3130d41d0_0, 0, 1;
    %callf/vec4 TD_tb_alu.input_out1, S_0x62d3130d3ff0;
    %and;
T_18.220;
    %or;
T_18.210;
    %inv;
    %store/vec4 v0x62d3130c6130_0, 0, 1;
    %load/vec4 v0x62d3130c6130_0;
    %inv;
    %flag_set/vec4 8;
    %flag_get/vec4 8;
    %jmp/1 T_18.223, 8;
    %load/vec4 v0x62d3130c5ce0_0;
    %parti/s 1, 3, 3;
    %load/vec4 v0x62d3130c5de0_0;
    %parti/s 1, 3, 3;
    %load/vec4 v0x62d3130c5f90_0;
    %store/vec4 v0x62d3130d4370_0, 0, 4;
    %store/vec4 v0x62d3130d42b0_0, 0, 1;
    %store/vec4 v0x62d3130d41d0_0, 0, 1;
    %callf/vec4 TD_tb_alu.input_out1, S_0x62d3130d3ff0;
    %flag_set/vec4 11;
    %flag_get/vec4 11;
    %jmp/0 T_18.227, 11;
    %load/vec4 v0x62d3130c5ce0_0;
    %parti/s 1, 2, 3;
    %load/vec4 v0x62d3130c5de0_0;
    %parti/s 1, 2, 3;
    %load/vec4 v0x62d3130c5f90_0;
    %store/vec4 v0x62d3130d4370_0, 0, 4;
    %store/vec4 v0x62d3130d42b0_0, 0, 1;
    %store/vec4 v0x62d3130d41d0_0, 0, 1;
    %callf/vec4 TD_tb_alu.input_out1, S_0x62d3130d3ff0;
    %and;
T_18.227;
    %flag_set/vec4 10;
    %flag_get/vec4 10;
    %jmp/0 T_18.226, 10;
    %load/vec4 v0x62d3130c5ce0_0;
    %parti/s 1, 1, 2;
    %load/vec4 v0x62d3130c5de0_0;
    %parti/s 1, 1, 2;
    %load/vec4 v0x62d3130c5f90_0;
    %store/vec4 v0x62d3130d4370_0, 0, 4;
    %store/vec4 v0x62d3130d42b0_0, 0, 1;
    %store/vec4 v0x62d3130d41d0_0, 0, 1;
    %callf/vec4 TD_tb_alu.input_out1, S_0x62d3130d3ff0;
    %and;
T_18.226;
    %flag_set/vec4 9;
    %flag_get/vec4 9;
    %jmp/0 T_18.225, 9;
    %load/vec4 v0x62d3130c5ce0_0;
    %parti/s 1, 0, 2;
    %load/vec4 v0x62d3130c5de0_0;
    %parti/s 1, 0, 2;
    %load/vec4 v0x62d3130c5f90_0;
    %store/vec4 v0x62d3130d4370_0, 0, 4;
    %store/vec4 v0x62d3130d42b0_0, 0, 1;
    %store/vec4 v0x62d3130d41d0_0, 0, 1;
    %callf/vec4 TD_tb_alu.input_out1, S_0x62d3130d3ff0;
    %and;
T_18.225;
    %flag_set/vec4 8;
    %flag_get/vec4 8;
    %jmp/0 T_18.224, 8;
    %load/vec4 v0x62d3130c5ec0_0;
    %and;
T_18.224;
    %or;
T_18.223;
    %ret/vec4 0, 0, 1;  Assign to co_bar_general (store_vec4_to_lval)
    %end;
S_0x62d3130c61f0 .scope task, "coverage_update" "coverage_update" 4 830, 4 830 0, S_0x62d3130a2e60;
 .timescale -9 -11;
TD_tb_alu.coverage_update ;
    ; show_stmt_assign_vector: Get l-value for compressed += operand
    %load/vec4 v0x62d3130d6cb0_0;
    %load/vec4 v0x62d3130d66e0_0;
    %concat/vec4; draw_concat_vec4
    %load/vec4 v0x62d3130d6d50_0;
    %concat/vec4; draw_concat_vec4
    %pad/u 8;
    %ix/vec4 4;
    %flag_mov 8, 4;
    %load/vec4a v0x62d3130d73c0, 4;
    %pushi/vec4 1, 0, 32;
    %add;
    %flag_mov 4, 8;
    %store/vec4a v0x62d3130d73c0, 4, 0;
    %load/vec4 v0x62d3130d6cb0_0;
    %pad/u 32;
    %cmpi/e 1, 0, 32;
    %flag_get/vec4 4;
    %jmp/0 T_19.230, 4;
    %load/vec4 v0x62d3130d66e0_0;
    %pad/u 32;
    %pushi/vec4 0, 0, 32;
    %cmp/e;
    %flag_get/vec4 4;
    %and;
T_19.230;
    %flag_set/vec4 8;
    %jmp/0xz  T_19.228, 8;
    ; show_stmt_assign_vector: Get l-value for compressed += operand
    %pushi/vec4 1, 0, 1;
    %concati/vec4 1, 0, 1;
    %load/vec4 v0x62d3130d6d50_0;
    %concat/vec4; draw_concat_vec4
    %pad/u 8;
    %ix/vec4 4;
    %flag_mov 8, 4;
    %load/vec4a v0x62d3130d73c0, 4;
    %pushi/vec4 1, 0, 32;
    %add;
    %flag_mov 4, 8;
    %store/vec4a v0x62d3130d73c0, 4, 0;
T_19.228 ;
    %end;
S_0x62d3130c63d0 .scope task, "display_file" "display_file" 4 821, 4 821 0, S_0x62d3130a2e60;
 .timescale -9 -11;
TD_tb_alu.display_file ;
    %vpi_call/w 4 823 "$display", "%10d %-20s | %4d | %1b | %3b    | %6b  | %6b  | %6b  | %6b  | %3b    | %3b  | %b | %7b   | %8b       | %7b       | %5b      |", v0x62d3130d6ed0_0, v0x62d3130d64d0_0, $time, v0x62d3130d6cb0_0, v0x62d3130d66e0_0, v0x62d3130d6d50_0, v0x62d3130d61a0_0, v0x62d3130d6430_0, v0x62d3130d6a10_0, v0x62d3130d6780_0, v0x62d3130d6280_0, v0x62d3130d70c0_0, v0x62d3130d6bd0_0, v0x62d3130d6870_0, v0x62d3130d6390_0, v0x62d3130d7160_0 {0 0 0};
    %end;
S_0x62d3130c65b0 .scope module, "dut_alu" "alu" 4 37, 3 3 0, S_0x62d3130a2e60;
 .timescale -9 -11;
    .port_info 0 /INPUT 4 "a";
    .port_info 1 /INPUT 4 "b";
    .port_info 2 /INPUT 4 "s";
    .port_info 3 /INPUT 1 "m";
    .port_info 4 /INPUT 1 "ci_bar";
    .port_info 5 /OUTPUT 1 "aeqb";
    .port_info 6 /OUTPUT 1 "f0";
    .port_info 7 /OUTPUT 1 "f1";
    .port_info 8 /OUTPUT 1 "f2";
    .port_info 9 /OUTPUT 1 "f3";
    .port_info 10 /OUTPUT 1 "co_bar";
    .port_info 11 /OUTPUT 1 "x";
v0x62d3130d1fd0_0 .net "a", 3 0, v0x62d3130d61a0_0;  1 drivers
v0x62d3130d20b0_0 .net "aeqb", 0 0, L_0x62d3130d78a0;  alias, 1 drivers
v0x62d3130d2170_0 .net "b", 3 0, v0x62d3130d6430_0;  1 drivers
v0x62d3130d2210_0 .net "ci_bar", 0 0, v0x62d3130d66e0_0;  1 drivers
v0x62d3130d22b0_0 .net "co_bar", 0 0, v0x62d3130c73a0_0;  alias, 1 drivers
v0x62d3130d2350_0 .net "f0", 0 0, L_0x62d3130e8db0;  1 drivers
v0x62d3130d23f0_0 .net "f1", 0 0, L_0x62d3130eac80;  1 drivers
v0x62d3130d2490_0 .net "f2", 0 0, L_0x62d3130ed650;  1 drivers
v0x62d3130d2530_0 .net "f3", 0 0, L_0x62d3130f1d80;  1 drivers
v0x62d3130d2690_0 .net "m", 0 0, v0x62d3130d6cb0_0;  1 drivers
v0x62d3130d2730_0 .net "m_bar", 0 0, L_0x62d312fb9d20;  1 drivers
v0x62d3130d27d0_0 .net "s", 3 0, v0x62d3130d6d50_0;  1 drivers
v0x62d3130d2870_0 .net "x", 0 0, v0x62d3130c7630_0;  alias, 1 drivers
S_0x62d3130c68c0 .scope module, "dut_aeqb" "aeqb" 3 16, 3 317 0, S_0x62d3130c65b0;
 .timescale -9 -11;
    .port_info 0 /INPUT 4 "a";
    .port_info 1 /INPUT 4 "b";
    .port_info 2 /OUTPUT 1 "aeqb";
v0x62d3130c6b30_0 .net "a", 3 0, v0x62d3130d61a0_0;  alias, 1 drivers
v0x62d3130c6c30_0 .net "aeqb", 0 0, L_0x62d3130d78a0;  alias, 1 drivers
v0x62d3130c6cf0_0 .net "b", 3 0, v0x62d3130d6430_0;  alias, 1 drivers
L_0x62d3130d78a0 .cmp/eq 4, v0x62d3130d61a0_0, v0x62d3130d6430_0;
S_0x62d3130c6e30 .scope module, "gpc" "GPC_section" 3 21, 3 332 0, S_0x62d3130c65b0;
 .timescale -9 -11;
    .port_info 0 /INPUT 4 "a";
    .port_info 1 /INPUT 4 "b";
    .port_info 2 /INPUT 4 "s";
    .port_info 3 /INPUT 1 "m";
    .port_info 4 /INPUT 1 "ci_bar";
    .port_info 5 /OUTPUT 1 "co_bar";
    .port_info 6 /OUTPUT 1 "x";
v0x62d3130c70f0_0 .net "a", 3 0, v0x62d3130d61a0_0;  alias, 1 drivers
v0x62d3130c7200_0 .net "b", 3 0, v0x62d3130d6430_0;  alias, 1 drivers
v0x62d3130c72d0_0 .net "ci_bar", 0 0, v0x62d3130d66e0_0;  alias, 1 drivers
v0x62d3130c73a0_0 .var "co_bar", 0 0;
v0x62d3130c7440_0 .net "m", 0 0, v0x62d3130d6cb0_0;  alias, 1 drivers
v0x62d3130c7550_0 .net "s", 3 0, v0x62d3130d6d50_0;  alias, 1 drivers
v0x62d3130c7630_0 .var "x", 0 0;
E_0x62d312f29800/0 .event anyedge, v0x62d3130c7440_0, v0x62d3130c72d0_0, v0x62d3130c6b30_0, v0x62d3130c6cf0_0;
E_0x62d312f29800/1 .event anyedge, v0x62d3130c7550_0;
E_0x62d312f29800 .event/or E_0x62d312f29800/0, E_0x62d312f29800/1;
S_0x62d3130c77d0 .scope module, "invert" "invert_m" 3 31, 3 374 0, S_0x62d3130c65b0;
 .timescale -9 -11;
    .port_info 0 /INPUT 1 "a";
    .port_info 1 /OUTPUT 1 "y";
L_0x62d312fb9d20 .functor NOT 1, v0x62d3130d6cb0_0, C4<0>, C4<0>, C4<0>;
v0x62d3130c79b0_0 .net "a", 0 0, v0x62d3130d6cb0_0;  alias, 1 drivers
v0x62d3130c7aa0_0 .net "y", 0 0, L_0x62d312fb9d20;  alias, 1 drivers
S_0x62d3130c7ba0 .scope module, "out0" "out_section_out0" 3 39, 3 387 0, S_0x62d3130c65b0;
 .timescale -9 -11;
    .port_info 0 /INPUT 1 "x";
    .port_info 1 /INPUT 4 "a";
    .port_info 2 /INPUT 4 "b";
    .port_info 3 /INPUT 4 "s";
    .port_info 4 /INPUT 1 "m_bar";
    .port_info 5 /INPUT 1 "ci_bar";
    .port_info 6 /OUTPUT 1 "f0";
L_0x62d3130d7bc0 .functor NOT 1, L_0x62d312fb9d20, C4<0>, C4<0>, C4<0>;
L_0x62d3130e86c0 .functor XOR 1, L_0x62d3130e80d0, L_0x62d3130e8550, C4<0>, C4<0>;
L_0x62d3130e87d0 .functor AND 1, v0x62d3130d66e0_0, L_0x62d312fb9d20, C4<1>, C4<1>;
L_0x62d3130e8a60 .functor NOT 1, L_0x62d3130e87d0, C4<0>, C4<0>, C4<0>;
L_0x62d3130e8b50 .functor XOR 1, L_0x62d3130e86c0, L_0x62d3130e8a60, C4<0>, C4<0>;
v0x62d3130c7e70_0 .net *"_ivl_0", 0 0, L_0x62d3130d7bc0;  1 drivers
v0x62d3130c7f50_0 .net *"_ivl_10", 0 0, L_0x62d3130e7df0;  1 drivers
v0x62d3130c8010_0 .net *"_ivl_13", 0 0, L_0x62d3130e7f60;  1 drivers
v0x62d3130c8100_0 .net *"_ivl_15", 0 0, L_0x62d3130e8030;  1 drivers
v0x62d3130c81e0_0 .net *"_ivl_17", 0 0, L_0x62d3130e80d0;  1 drivers
v0x62d3130c8310_0 .net *"_ivl_19", 0 0, L_0x62d3130e83c0;  1 drivers
v0x62d3130c83f0_0 .net *"_ivl_21", 0 0, L_0x62d3130e8460;  1 drivers
v0x62d3130c84d0_0 .net *"_ivl_23", 0 0, L_0x62d3130e8550;  1 drivers
v0x62d3130c85b0_0 .net *"_ivl_24", 0 0, L_0x62d3130e86c0;  1 drivers
v0x62d3130c8720_0 .net *"_ivl_26", 0 0, L_0x62d3130e87d0;  1 drivers
v0x62d3130c8800_0 .net *"_ivl_28", 0 0, L_0x62d3130e8a60;  1 drivers
v0x62d3130c88e0_0 .net *"_ivl_30", 0 0, L_0x62d3130e8b50;  1 drivers
v0x62d3130c89c0_0 .net *"_ivl_33", 0 0, L_0x62d3130e8c60;  1 drivers
v0x62d3130c8aa0_0 .net *"_ivl_4", 31 0, L_0x62d3130d7cf0;  1 drivers
L_0x7256fd8ce018 .functor BUFT 1, C4<0000000000000000000000000000000>, C4<0>, C4<0>, C4<0>;
v0x62d3130c8b80_0 .net *"_ivl_7", 30 0, L_0x7256fd8ce018;  1 drivers
L_0x7256fd8ce060 .functor BUFT 1, C4<00000000000000000000000000000001>, C4<0>, C4<0>, C4<0>;
v0x62d3130c8c60_0 .net/2u *"_ivl_8", 31 0, L_0x7256fd8ce060;  1 drivers
v0x62d3130c8d40_0 .net "a", 3 0, v0x62d3130d61a0_0;  alias, 1 drivers
v0x62d3130c8e00_0 .net "b", 3 0, v0x62d3130d6430_0;  alias, 1 drivers
v0x62d3130c8f10_0 .net "ci_bar", 0 0, v0x62d3130d66e0_0;  alias, 1 drivers
v0x62d3130c8fb0_0 .net "f0", 0 0, L_0x62d3130e8db0;  alias, 1 drivers
v0x62d3130c9050_0 .net "fpick", 3 0, L_0x62d3130d7c50;  1 drivers
v0x62d3130c9130_0 .net "m_bar", 0 0, L_0x62d312fb9d20;  alias, 1 drivers
v0x62d3130c91d0_0 .net "s", 3 0, v0x62d3130d6d50_0;  alias, 1 drivers
v0x62d3130c9270_0 .net "x", 0 0, v0x62d3130c7630_0;  alias, 1 drivers
L_0x62d3130d7c50 .ufunc/vec4 TD_$unit.f_pick, 4, L_0x62d3130d7bc0, v0x62d3130d66e0_0, v0x62d3130d61a0_0, v0x62d3130d6430_0, v0x62d3130d6d50_0 (v0x62d3130c1360_0, v0x62d3130c12c0_0, v0x62d3130c1100_0, v0x62d3130c11e0_0, v0x62d3130c1420_0) S_0x62d3130c0f20;
L_0x62d3130d7cf0 .concat [ 1 31 0 0], v0x62d3130c7630_0, L_0x7256fd8ce018;
L_0x62d3130e7df0 .cmp/eq 32, L_0x62d3130d7cf0, L_0x7256fd8ce060;
L_0x62d3130e7f60 .part v0x62d3130d61a0_0, 0, 1;
L_0x62d3130e8030 .part v0x62d3130d6430_0, 0, 1;
L_0x62d3130e80d0 .ufunc/vec4 TD_tb_alu.input_out1, 1, L_0x62d3130e7f60, L_0x62d3130e8030, v0x62d3130d6d50_0 (v0x62d3130d41d0_0, v0x62d3130d42b0_0, v0x62d3130d4370_0) S_0x62d3130d3ff0;
L_0x62d3130e83c0 .part v0x62d3130d61a0_0, 0, 1;
L_0x62d3130e8460 .part v0x62d3130d6430_0, 0, 1;
L_0x62d3130e8550 .ufunc/vec4 TD_tb_alu.input_out2, 1, L_0x62d3130e83c0, L_0x62d3130e8460, v0x62d3130d6d50_0 (v0x62d3130d4700_0, v0x62d3130d47e0_0, v0x62d3130d48a0_0) S_0x62d3130d4520;
L_0x62d3130e8c60 .part L_0x62d3130d7c50, 0, 1;
L_0x62d3130e8db0 .functor MUXZ 1, L_0x62d3130e8c60, L_0x62d3130e8b50, L_0x62d3130e7df0, C4<>;
S_0x62d3130c9420 .scope module, "out1" "out_section_out1" 3 47, 3 405 0, S_0x62d3130c65b0;
 .timescale -9 -11;
    .port_info 0 /INPUT 1 "x";
    .port_info 1 /INPUT 4 "a";
    .port_info 2 /INPUT 4 "b";
    .port_info 3 /INPUT 4 "s";
    .port_info 4 /INPUT 1 "m_bar";
    .port_info 5 /INPUT 1 "ci_bar";
    .port_info 6 /OUTPUT 1 "f1";
L_0x62d3130e8f40 .functor NOT 1, L_0x62d312fb9d20, C4<0>, C4<0>, C4<0>;
L_0x62d3130e99d0 .functor XOR 1, L_0x62d3130e9550, L_0x62d3130e9860, C4<0>, C4<0>;
L_0x62d3130e9e10 .functor AND 1, v0x62d3130d66e0_0, L_0x62d3130e9c80, C4<1>, C4<1>;
L_0x62d3130e9ed0 .functor AND 1, L_0x62d3130e9e10, L_0x62d312fb9d20, C4<1>, C4<1>;
L_0x62d3130e9da0 .functor AND 1, L_0x62d3130ea5a0, L_0x62d312fb9d20, C4<1>, C4<1>;
L_0x62d3130ea790 .functor OR 1, L_0x62d3130e9ed0, L_0x62d3130e9da0, C4<0>, C4<0>;
L_0x62d3130ea8e0 .functor NOT 1, L_0x62d3130ea790, C4<0>, C4<0>, C4<0>;
L_0x62d3130ea9a0 .functor XOR 1, L_0x62d3130e99d0, L_0x62d3130ea8e0, C4<0>, C4<0>;
v0x62d3130c9700_0 .net *"_ivl_0", 0 0, L_0x62d3130e8f40;  1 drivers
v0x62d3130c9800_0 .net *"_ivl_10", 0 0, L_0x62d3130e92a0;  1 drivers
v0x62d3130c98c0_0 .net *"_ivl_13", 0 0, L_0x62d3130e93e0;  1 drivers
v0x62d3130c9980_0 .net *"_ivl_15", 0 0, L_0x62d3130e94b0;  1 drivers
v0x62d3130c9a60_0 .net *"_ivl_17", 0 0, L_0x62d3130e9550;  1 drivers
v0x62d3130c9b90_0 .net *"_ivl_19", 0 0, L_0x62d3130e96d0;  1 drivers
v0x62d3130c9c70_0 .net *"_ivl_21", 0 0, L_0x62d3130e9770;  1 drivers
v0x62d3130c9d50_0 .net *"_ivl_23", 0 0, L_0x62d3130e9860;  1 drivers
v0x62d3130c9e30_0 .net *"_ivl_24", 0 0, L_0x62d3130e99d0;  1 drivers
v0x62d3130c9f10_0 .net *"_ivl_27", 0 0, L_0x62d3130e9ae0;  1 drivers
v0x62d3130c9ff0_0 .net *"_ivl_29", 0 0, L_0x62d3130e9be0;  1 drivers
v0x62d3130ca0d0_0 .net *"_ivl_31", 0 0, L_0x62d3130e9c80;  1 drivers
v0x62d3130ca1b0_0 .net *"_ivl_32", 0 0, L_0x62d3130e9e10;  1 drivers
v0x62d3130ca290_0 .net *"_ivl_34", 0 0, L_0x62d3130e9ed0;  1 drivers
v0x62d3130ca370_0 .net *"_ivl_37", 0 0, L_0x62d3130e9fc0;  1 drivers
v0x62d3130ca450_0 .net *"_ivl_39", 0 0, L_0x62d3130ea270;  1 drivers
v0x62d3130ca530_0 .net *"_ivl_4", 31 0, L_0x62d3130e90a0;  1 drivers
v0x62d3130ca610_0 .net *"_ivl_41", 0 0, L_0x62d3130ea5a0;  1 drivers
v0x62d3130ca6f0_0 .net *"_ivl_42", 0 0, L_0x62d3130e9da0;  1 drivers
v0x62d3130ca7d0_0 .net *"_ivl_44", 0 0, L_0x62d3130ea790;  1 drivers
v0x62d3130ca8b0_0 .net *"_ivl_46", 0 0, L_0x62d3130ea8e0;  1 drivers
v0x62d3130ca990_0 .net *"_ivl_48", 0 0, L_0x62d3130ea9a0;  1 drivers
v0x62d3130caa70_0 .net *"_ivl_51", 0 0, L_0x62d3130eab00;  1 drivers
L_0x7256fd8ce0a8 .functor BUFT 1, C4<0000000000000000000000000000000>, C4<0>, C4<0>, C4<0>;
v0x62d3130cab50_0 .net *"_ivl_7", 30 0, L_0x7256fd8ce0a8;  1 drivers
L_0x7256fd8ce0f0 .functor BUFT 1, C4<00000000000000000000000000000001>, C4<0>, C4<0>, C4<0>;
v0x62d3130cac30_0 .net/2u *"_ivl_8", 31 0, L_0x7256fd8ce0f0;  1 drivers
v0x62d3130cad10_0 .net "a", 3 0, v0x62d3130d61a0_0;  alias, 1 drivers
v0x62d3130cadd0_0 .net "b", 3 0, v0x62d3130d6430_0;  alias, 1 drivers
v0x62d3130cae90_0 .net "ci_bar", 0 0, v0x62d3130d66e0_0;  alias, 1 drivers
v0x62d3130caf30_0 .net "f1", 0 0, L_0x62d3130eac80;  alias, 1 drivers
v0x62d3130caff0_0 .net "fpick", 3 0, L_0x62d3130e8fb0;  1 drivers
v0x62d3130cb0d0_0 .net "m_bar", 0 0, L_0x62d312fb9d20;  alias, 1 drivers
v0x62d3130cb1c0_0 .net "s", 3 0, v0x62d3130d6d50_0;  alias, 1 drivers
v0x62d3130cb2d0_0 .net "x", 0 0, v0x62d3130c7630_0;  alias, 1 drivers
L_0x62d3130e8fb0 .ufunc/vec4 TD_$unit.f_pick, 4, L_0x62d3130e8f40, v0x62d3130d66e0_0, v0x62d3130d61a0_0, v0x62d3130d6430_0, v0x62d3130d6d50_0 (v0x62d3130c1360_0, v0x62d3130c12c0_0, v0x62d3130c1100_0, v0x62d3130c11e0_0, v0x62d3130c1420_0) S_0x62d3130c0f20;
L_0x62d3130e90a0 .concat [ 1 31 0 0], v0x62d3130c7630_0, L_0x7256fd8ce0a8;
L_0x62d3130e92a0 .cmp/eq 32, L_0x62d3130e90a0, L_0x7256fd8ce0f0;
L_0x62d3130e93e0 .part v0x62d3130d61a0_0, 1, 1;
L_0x62d3130e94b0 .part v0x62d3130d6430_0, 1, 1;
L_0x62d3130e9550 .ufunc/vec4 TD_tb_alu.input_out1, 1, L_0x62d3130e93e0, L_0x62d3130e94b0, v0x62d3130d6d50_0 (v0x62d3130d41d0_0, v0x62d3130d42b0_0, v0x62d3130d4370_0) S_0x62d3130d3ff0;
L_0x62d3130e96d0 .part v0x62d3130d61a0_0, 1, 1;
L_0x62d3130e9770 .part v0x62d3130d6430_0, 1, 1;
L_0x62d3130e9860 .ufunc/vec4 TD_tb_alu.input_out2, 1, L_0x62d3130e96d0, L_0x62d3130e9770, v0x62d3130d6d50_0 (v0x62d3130d4700_0, v0x62d3130d47e0_0, v0x62d3130d48a0_0) S_0x62d3130d4520;
L_0x62d3130e9ae0 .part v0x62d3130d61a0_0, 0, 1;
L_0x62d3130e9be0 .part v0x62d3130d6430_0, 0, 1;
L_0x62d3130e9c80 .ufunc/vec4 TD_tb_alu.input_out1, 1, L_0x62d3130e9ae0, L_0x62d3130e9be0, v0x62d3130d6d50_0 (v0x62d3130d41d0_0, v0x62d3130d42b0_0, v0x62d3130d4370_0) S_0x62d3130d3ff0;
L_0x62d3130e9fc0 .part v0x62d3130d61a0_0, 0, 1;
L_0x62d3130ea270 .part v0x62d3130d6430_0, 0, 1;
L_0x62d3130ea5a0 .ufunc/vec4 TD_tb_alu.input_out2, 1, L_0x62d3130e9fc0, L_0x62d3130ea270, v0x62d3130d6d50_0 (v0x62d3130d4700_0, v0x62d3130d47e0_0, v0x62d3130d48a0_0) S_0x62d3130d4520;
L_0x62d3130eab00 .part L_0x62d3130e8fb0, 1, 1;
L_0x62d3130eac80 .functor MUXZ 1, L_0x62d3130eab00, L_0x62d3130ea9a0, L_0x62d3130e92a0, C4<>;
S_0x62d3130cb4e0 .scope module, "out2" "out_section_out2" 3 55, 3 423 0, S_0x62d3130c65b0;
 .timescale -9 -11;
    .port_info 0 /INPUT 1 "x";
    .port_info 1 /INPUT 4 "a";
    .port_info 2 /INPUT 4 "b";
    .port_info 3 /INPUT 4 "s";
    .port_info 4 /INPUT 1 "m_bar";
    .port_info 5 /INPUT 1 "ci_bar";
    .port_info 6 /OUTPUT 1 "f2";
L_0x62d3130eae60 .functor NOT 1, L_0x62d312fb9d20, C4<0>, C4<0>, C4<0>;
L_0x62d3130eb9e0 .functor XOR 1, L_0x62d3130eb380, L_0x62d3130eb8a0, C4<0>, C4<0>;
L_0x62d3130ebdf0 .functor AND 1, v0x62d3130d66e0_0, L_0x62d3130ebc90, C4<1>, C4<1>;
L_0x62d3130ebd80 .functor AND 1, L_0x62d3130ebdf0, L_0x62d3130ebff0, C4<1>, C4<1>;
L_0x62d3130ec230 .functor AND 1, L_0x62d3130ebd80, L_0x62d312fb9d20, C4<1>, C4<1>;
L_0x62d3130ec9c0 .functor AND 1, L_0x62d3130ec4c0, L_0x62d3130ec630, C4<1>, C4<1>;
L_0x62d3130ecb10 .functor AND 1, L_0x62d3130ec9c0, L_0x62d312fb9d20, C4<1>, C4<1>;
L_0x62d3130ecbd0 .functor OR 1, L_0x62d3130ec230, L_0x62d3130ecb10, C4<0>, C4<0>;
L_0x62d3130ed140 .functor AND 1, L_0x62d3130ecf30, L_0x62d312fb9d20, C4<1>, C4<1>;
L_0x62d3130ed200 .functor OR 1, L_0x62d3130ecbd0, L_0x62d3130ed140, C4<0>, C4<0>;
L_0x62d3130ed370 .functor NOT 1, L_0x62d3130ed200, C4<0>, C4<0>, C4<0>;
L_0x62d3130ed3e0 .functor XOR 1, L_0x62d3130eb9e0, L_0x62d3130ed370, C4<0>, C4<0>;
v0x62d3130cb770_0 .net *"_ivl_0", 0 0, L_0x62d3130eae60;  1 drivers
v0x62d3130cb870_0 .net *"_ivl_10", 0 0, L_0x62d3130eb100;  1 drivers
v0x62d3130cb930_0 .net *"_ivl_13", 0 0, L_0x62d3130eb240;  1 drivers
v0x62d3130cb9f0_0 .net *"_ivl_15", 0 0, L_0x62d3130eb2e0;  1 drivers
v0x62d3130cbad0_0 .net *"_ivl_17", 0 0, L_0x62d3130eb380;  1 drivers
v0x62d3130cbc00_0 .net *"_ivl_19", 0 0, L_0x62d3130eb710;  1 drivers
v0x62d3130cbce0_0 .net *"_ivl_21", 0 0, L_0x62d3130eb7b0;  1 drivers
v0x62d3130cbdc0_0 .net *"_ivl_23", 0 0, L_0x62d3130eb8a0;  1 drivers
v0x62d3130cbea0_0 .net *"_ivl_24", 0 0, L_0x62d3130eb9e0;  1 drivers
v0x62d3130cbf80_0 .net *"_ivl_27", 0 0, L_0x62d3130ebaf0;  1 drivers
v0x62d3130cc060_0 .net *"_ivl_29", 0 0, L_0x62d3130ebbf0;  1 drivers
v0x62d3130cc140_0 .net *"_ivl_31", 0 0, L_0x62d3130ebc90;  1 drivers
v0x62d3130cc220_0 .net *"_ivl_32", 0 0, L_0x62d3130ebdf0;  1 drivers
v0x62d3130cc300_0 .net *"_ivl_35", 0 0, L_0x62d3130ebeb0;  1 drivers
v0x62d3130cc3e0_0 .net *"_ivl_37", 0 0, L_0x62d3130ebf50;  1 drivers
v0x62d3130cc4c0_0 .net *"_ivl_39", 0 0, L_0x62d3130ebff0;  1 drivers
v0x62d3130cc5a0_0 .net *"_ivl_4", 31 0, L_0x62d3130eafc0;  1 drivers
v0x62d3130cc680_0 .net *"_ivl_40", 0 0, L_0x62d3130ebd80;  1 drivers
v0x62d3130cc760_0 .net *"_ivl_42", 0 0, L_0x62d3130ec230;  1 drivers
v0x62d3130cc840_0 .net *"_ivl_45", 0 0, L_0x62d3130ec2f0;  1 drivers
v0x62d3130cc920_0 .net *"_ivl_47", 0 0, L_0x62d3130ec420;  1 drivers
v0x62d3130cca00_0 .net *"_ivl_49", 0 0, L_0x62d3130ec4c0;  1 drivers
v0x62d3130ccae0_0 .net *"_ivl_51", 0 0, L_0x62d3130ec6d0;  1 drivers
v0x62d3130ccbc0_0 .net *"_ivl_53", 0 0, L_0x62d3130ec770;  1 drivers
v0x62d3130ccca0_0 .net *"_ivl_55", 0 0, L_0x62d3130ec630;  1 drivers
v0x62d3130ccd80_0 .net *"_ivl_56", 0 0, L_0x62d3130ec9c0;  1 drivers
v0x62d3130cce60_0 .net *"_ivl_58", 0 0, L_0x62d3130ecb10;  1 drivers
v0x62d3130ccf40_0 .net *"_ivl_60", 0 0, L_0x62d3130ecbd0;  1 drivers
v0x62d3130cd020_0 .net *"_ivl_63", 0 0, L_0x62d3130ecd30;  1 drivers
v0x62d3130cd100_0 .net *"_ivl_65", 0 0, L_0x62d3130ece90;  1 drivers
v0x62d3130cd1e0_0 .net *"_ivl_67", 0 0, L_0x62d3130ecf30;  1 drivers
v0x62d3130cd2c0_0 .net *"_ivl_68", 0 0, L_0x62d3130ed140;  1 drivers
L_0x7256fd8ce138 .functor BUFT 1, C4<0000000000000000000000000000000>, C4<0>, C4<0>, C4<0>;
v0x62d3130cd3a0_0 .net *"_ivl_7", 30 0, L_0x7256fd8ce138;  1 drivers
v0x62d3130cd690_0 .net *"_ivl_70", 0 0, L_0x62d3130ed200;  1 drivers
v0x62d3130cd770_0 .net *"_ivl_72", 0 0, L_0x62d3130ed370;  1 drivers
v0x62d3130cd850_0 .net *"_ivl_74", 0 0, L_0x62d3130ed3e0;  1 drivers
v0x62d3130cd930_0 .net *"_ivl_77", 0 0, L_0x62d3130ed560;  1 drivers
L_0x7256fd8ce180 .functor BUFT 1, C4<00000000000000000000000000000001>, C4<0>, C4<0>, C4<0>;
v0x62d3130cda10_0 .net/2u *"_ivl_8", 31 0, L_0x7256fd8ce180;  1 drivers
v0x62d3130cdaf0_0 .net "a", 3 0, v0x62d3130d61a0_0;  alias, 1 drivers
v0x62d3130cdbb0_0 .net "b", 3 0, v0x62d3130d6430_0;  alias, 1 drivers
v0x62d3130cdd00_0 .net "ci_bar", 0 0, v0x62d3130d66e0_0;  alias, 1 drivers
v0x62d3130cdda0_0 .net "f2", 0 0, L_0x62d3130ed650;  alias, 1 drivers
v0x62d3130cde60_0 .net "fpick", 3 0, L_0x62d3130eaed0;  1 drivers
v0x62d3130cdf40_0 .net "m_bar", 0 0, L_0x62d312fb9d20;  alias, 1 drivers
v0x62d3130cdfe0_0 .net "s", 3 0, v0x62d3130d6d50_0;  alias, 1 drivers
v0x62d3130ce0a0_0 .net "x", 0 0, v0x62d3130c7630_0;  alias, 1 drivers
L_0x62d3130eaed0 .ufunc/vec4 TD_$unit.f_pick, 4, L_0x62d3130eae60, v0x62d3130d66e0_0, v0x62d3130d61a0_0, v0x62d3130d6430_0, v0x62d3130d6d50_0 (v0x62d3130c1360_0, v0x62d3130c12c0_0, v0x62d3130c1100_0, v0x62d3130c11e0_0, v0x62d3130c1420_0) S_0x62d3130c0f20;
L_0x62d3130eafc0 .concat [ 1 31 0 0], v0x62d3130c7630_0, L_0x7256fd8ce138;
L_0x62d3130eb100 .cmp/eq 32, L_0x62d3130eafc0, L_0x7256fd8ce180;
L_0x62d3130eb240 .part v0x62d3130d61a0_0, 2, 1;
L_0x62d3130eb2e0 .part v0x62d3130d6430_0, 2, 1;
L_0x62d3130eb380 .ufunc/vec4 TD_tb_alu.input_out1, 1, L_0x62d3130eb240, L_0x62d3130eb2e0, v0x62d3130d6d50_0 (v0x62d3130d41d0_0, v0x62d3130d42b0_0, v0x62d3130d4370_0) S_0x62d3130d3ff0;
L_0x62d3130eb710 .part v0x62d3130d61a0_0, 2, 1;
L_0x62d3130eb7b0 .part v0x62d3130d6430_0, 2, 1;
L_0x62d3130eb8a0 .ufunc/vec4 TD_tb_alu.input_out2, 1, L_0x62d3130eb710, L_0x62d3130eb7b0, v0x62d3130d6d50_0 (v0x62d3130d4700_0, v0x62d3130d47e0_0, v0x62d3130d48a0_0) S_0x62d3130d4520;
L_0x62d3130ebaf0 .part v0x62d3130d61a0_0, 1, 1;
L_0x62d3130ebbf0 .part v0x62d3130d6430_0, 1, 1;
L_0x62d3130ebc90 .ufunc/vec4 TD_tb_alu.input_out1, 1, L_0x62d3130ebaf0, L_0x62d3130ebbf0, v0x62d3130d6d50_0 (v0x62d3130d41d0_0, v0x62d3130d42b0_0, v0x62d3130d4370_0) S_0x62d3130d3ff0;
L_0x62d3130ebeb0 .part v0x62d3130d61a0_0, 0, 1;
L_0x62d3130ebf50 .part v0x62d3130d6430_0, 0, 1;
L_0x62d3130ebff0 .ufunc/vec4 TD_tb_alu.input_out1, 1, L_0x62d3130ebeb0, L_0x62d3130ebf50, v0x62d3130d6d50_0 (v0x62d3130d41d0_0, v0x62d3130d42b0_0, v0x62d3130d4370_0) S_0x62d3130d3ff0;
L_0x62d3130ec2f0 .part v0x62d3130d61a0_0, 1, 1;
L_0x62d3130ec420 .part v0x62d3130d6430_0, 1, 1;
L_0x62d3130ec4c0 .ufunc/vec4 TD_tb_alu.input_out1, 1, L_0x62d3130ec2f0, L_0x62d3130ec420, v0x62d3130d6d50_0 (v0x62d3130d41d0_0, v0x62d3130d42b0_0, v0x62d3130d4370_0) S_0x62d3130d3ff0;
L_0x62d3130ec6d0 .part v0x62d3130d61a0_0, 0, 1;
L_0x62d3130ec770 .part v0x62d3130d6430_0, 0, 1;
L_0x62d3130ec630 .ufunc/vec4 TD_tb_alu.input_out2, 1, L_0x62d3130ec6d0, L_0x62d3130ec770, v0x62d3130d6d50_0 (v0x62d3130d4700_0, v0x62d3130d47e0_0, v0x62d3130d48a0_0) S_0x62d3130d4520;
L_0x62d3130ecd30 .part v0x62d3130d61a0_0, 1, 1;
L_0x62d3130ece90 .part v0x62d3130d6430_0, 1, 1;
L_0x62d3130ecf30 .ufunc/vec4 TD_tb_alu.input_out2, 1, L_0x62d3130ecd30, L_0x62d3130ece90, v0x62d3130d6d50_0 (v0x62d3130d4700_0, v0x62d3130d47e0_0, v0x62d3130d48a0_0) S_0x62d3130d4520;
L_0x62d3130ed560 .part L_0x62d3130eaed0, 2, 1;
L_0x62d3130ed650 .functor MUXZ 1, L_0x62d3130ed560, L_0x62d3130ed3e0, L_0x62d3130eb100, C4<>;
S_0x62d3130ce260 .scope module, "out3" "out_section_out3" 3 64, 3 444 0, S_0x62d3130c65b0;
 .timescale -9 -11;
    .port_info 0 /INPUT 1 "x";
    .port_info 1 /INPUT 4 "a";
    .port_info 2 /INPUT 4 "b";
    .port_info 3 /INPUT 4 "s";
    .port_info 4 /INPUT 1 "m_bar";
    .port_info 5 /INPUT 1 "ci_bar";
    .port_info 6 /OUTPUT 1 "f3";
L_0x62d3130ed910 .functor NOT 1, L_0x62d312fb9d20, C4<0>, C4<0>, C4<0>;
L_0x62d3130ee440 .functor XOR 1, L_0x62d3130edff0, L_0x62d3130ee300, C4<0>, C4<0>;
L_0x62d3130ee850 .functor AND 1, v0x62d3130d66e0_0, L_0x62d3130ee6f0, C4<1>, C4<1>;
L_0x62d3130ee7e0 .functor AND 1, L_0x62d3130ee850, L_0x62d3130eea50, C4<1>, C4<1>;
L_0x62d3130eed60 .functor AND 1, L_0x62d3130ee7e0, L_0x62d3130eee90, C4<1>, C4<1>;
L_0x62d3130ef140 .functor AND 1, L_0x62d3130eed60, L_0x62d312fb9d20, C4<1>, C4<1>;
L_0x62d3130efcf0 .functor AND 1, L_0x62d3130ef000, L_0x62d3130efae0, C4<1>, C4<1>;
L_0x62d3130f0190 .functor AND 1, L_0x62d3130efcf0, L_0x62d3130f0020, C4<1>, C4<1>;
L_0x62d3130f02f0 .functor AND 1, L_0x62d3130f0190, L_0x62d312fb9d20, C4<1>, C4<1>;
L_0x62d3130f03b0 .functor OR 1, L_0x62d3130ef140, L_0x62d3130f02f0, C4<0>, C4<0>;
L_0x62d3130f1140 .functor AND 1, L_0x62d3130f0750, L_0x62d3130f0fa0, C4<1>, C4<1>;
L_0x62d3130f1250 .functor AND 1, L_0x62d3130f1140, L_0x62d312fb9d20, C4<1>, C4<1>;
L_0x62d3130f1380 .functor OR 1, L_0x62d3130f03b0, L_0x62d3130f1250, C4<0>, C4<0>;
L_0x62d3130f1530 .functor AND 1, L_0x62d3130f16f0, L_0x62d312fb9d20, C4<1>, C4<1>;
L_0x62d3130f1310 .functor OR 1, L_0x62d3130f1380, L_0x62d3130f1530, C4<0>, C4<0>;
L_0x62d3130f1a30 .functor NOT 1, L_0x62d3130f1310, C4<0>, C4<0>, C4<0>;
L_0x62d3130f1b80 .functor XOR 1, L_0x62d3130ee440, L_0x62d3130f1a30, C4<0>, C4<0>;
v0x62d3130ce4a0_0 .net *"_ivl_0", 0 0, L_0x62d3130ed910;  1 drivers
v0x62d3130ce5a0_0 .net *"_ivl_10", 0 0, L_0x62d3130edd70;  1 drivers
v0x62d3130ce660_0 .net *"_ivl_101", 0 0, L_0x62d3130f16f0;  1 drivers
v0x62d3130ce720_0 .net *"_ivl_102", 0 0, L_0x62d3130f1530;  1 drivers
v0x62d3130ce800_0 .net *"_ivl_104", 0 0, L_0x62d3130f1310;  1 drivers
v0x62d3130ce8e0_0 .net *"_ivl_106", 0 0, L_0x62d3130f1a30;  1 drivers
v0x62d3130ce9c0_0 .net *"_ivl_108", 0 0, L_0x62d3130f1b80;  1 drivers
v0x62d3130ceaa0_0 .net *"_ivl_111", 0 0, L_0x62d3130f1c90;  1 drivers
v0x62d3130ceb80_0 .net *"_ivl_13", 0 0, L_0x62d3130edeb0;  1 drivers
v0x62d3130cecf0_0 .net *"_ivl_15", 0 0, L_0x62d3130edf50;  1 drivers
v0x62d3130cedd0_0 .net *"_ivl_17", 0 0, L_0x62d3130edff0;  1 drivers
v0x62d3130ceeb0_0 .net *"_ivl_19", 0 0, L_0x62d3130ee170;  1 drivers
v0x62d3130cef90_0 .net *"_ivl_21", 0 0, L_0x62d3130ee210;  1 drivers
v0x62d3130cf070_0 .net *"_ivl_23", 0 0, L_0x62d3130ee300;  1 drivers
v0x62d3130cf150_0 .net *"_ivl_24", 0 0, L_0x62d3130ee440;  1 drivers
v0x62d3130cf230_0 .net *"_ivl_27", 0 0, L_0x62d3130ee550;  1 drivers
v0x62d3130cf310_0 .net *"_ivl_29", 0 0, L_0x62d3130ee650;  1 drivers
v0x62d3130cf3f0_0 .net *"_ivl_31", 0 0, L_0x62d3130ee6f0;  1 drivers
v0x62d3130cf4d0_0 .net *"_ivl_32", 0 0, L_0x62d3130ee850;  1 drivers
v0x62d3130cf5b0_0 .net *"_ivl_35", 0 0, L_0x62d3130ee910;  1 drivers
v0x62d3130cf690_0 .net *"_ivl_37", 0 0, L_0x62d3130ee9b0;  1 drivers
v0x62d3130cf770_0 .net *"_ivl_39", 0 0, L_0x62d3130eea50;  1 drivers
v0x62d3130cf850_0 .net *"_ivl_4", 31 0, L_0x62d3130edc80;  1 drivers
v0x62d3130cf930_0 .net *"_ivl_40", 0 0, L_0x62d3130ee7e0;  1 drivers
v0x62d3130cfa10_0 .net *"_ivl_43", 0 0, L_0x62d3130eecc0;  1 drivers
v0x62d3130cfaf0_0 .net *"_ivl_45", 0 0, L_0x62d3130eedf0;  1 drivers
v0x62d3130cfbd0_0 .net *"_ivl_47", 0 0, L_0x62d3130eee90;  1 drivers
v0x62d3130cfcb0_0 .net *"_ivl_48", 0 0, L_0x62d3130eed60;  1 drivers
v0x62d3130cfd90_0 .net *"_ivl_50", 0 0, L_0x62d3130ef140;  1 drivers
v0x62d3130cfe70_0 .net *"_ivl_53", 0 0, L_0x62d3130ef240;  1 drivers
v0x62d3130cff50_0 .net *"_ivl_55", 0 0, L_0x62d3130ef2e0;  1 drivers
v0x62d3130d0030_0 .net *"_ivl_57", 0 0, L_0x62d3130ef000;  1 drivers
v0x62d3130d0110_0 .net *"_ivl_59", 0 0, L_0x62d3130ef4d0;  1 drivers
v0x62d3130d0400_0 .net *"_ivl_61", 0 0, L_0x62d3130ef630;  1 drivers
v0x62d3130d04e0_0 .net *"_ivl_63", 0 0, L_0x62d3130efae0;  1 drivers
v0x62d3130d05c0_0 .net *"_ivl_64", 0 0, L_0x62d3130efcf0;  1 drivers
v0x62d3130d06a0_0 .net *"_ivl_67", 0 0, L_0x62d3130efe00;  1 drivers
v0x62d3130d0780_0 .net *"_ivl_69", 0 0, L_0x62d3130efea0;  1 drivers
L_0x7256fd8ce1c8 .functor BUFT 1, C4<0000000000000000000000000000000>, C4<0>, C4<0>, C4<0>;
v0x62d3130d0860_0 .net *"_ivl_7", 30 0, L_0x7256fd8ce1c8;  1 drivers
v0x62d3130d0940_0 .net *"_ivl_71", 0 0, L_0x62d3130f0020;  1 drivers
v0x62d3130d0a20_0 .net *"_ivl_72", 0 0, L_0x62d3130f0190;  1 drivers
v0x62d3130d0b00_0 .net *"_ivl_74", 0 0, L_0x62d3130f02f0;  1 drivers
v0x62d3130d0be0_0 .net *"_ivl_76", 0 0, L_0x62d3130f03b0;  1 drivers
v0x62d3130d0cc0_0 .net *"_ivl_79", 0 0, L_0x62d3130f0520;  1 drivers
L_0x7256fd8ce210 .functor BUFT 1, C4<00000000000000000000000000000001>, C4<0>, C4<0>, C4<0>;
v0x62d3130d0da0_0 .net/2u *"_ivl_8", 31 0, L_0x7256fd8ce210;  1 drivers
v0x62d3130d0e80_0 .net *"_ivl_81", 0 0, L_0x62d3130f06b0;  1 drivers
v0x62d3130d0f60_0 .net *"_ivl_83", 0 0, L_0x62d3130f0750;  1 drivers
v0x62d3130d1040_0 .net *"_ivl_85", 0 0, L_0x62d3130f0d50;  1 drivers
v0x62d3130d1120_0 .net *"_ivl_87", 0 0, L_0x62d3130f0df0;  1 drivers
v0x62d3130d1200_0 .net *"_ivl_89", 0 0, L_0x62d3130f0fa0;  1 drivers
v0x62d3130d12e0_0 .net *"_ivl_90", 0 0, L_0x62d3130f1140;  1 drivers
v0x62d3130d13c0_0 .net *"_ivl_92", 0 0, L_0x62d3130f1250;  1 drivers
v0x62d3130d14a0_0 .net *"_ivl_94", 0 0, L_0x62d3130f1380;  1 drivers
v0x62d3130d1580_0 .net *"_ivl_97", 0 0, L_0x62d3130f1490;  1 drivers
v0x62d3130d1660_0 .net *"_ivl_99", 0 0, L_0x62d3130f1650;  1 drivers
v0x62d3130d1740_0 .net "a", 3 0, v0x62d3130d61a0_0;  alias, 1 drivers
v0x62d3130d1800_0 .net "b", 3 0, v0x62d3130d6430_0;  alias, 1 drivers
v0x62d3130d18c0_0 .net "ci_bar", 0 0, v0x62d3130d66e0_0;  alias, 1 drivers
v0x62d3130d1960_0 .net "f3", 0 0, L_0x62d3130f1d80;  alias, 1 drivers
v0x62d3130d1a20_0 .net "fpick", 3 0, L_0x62d3130edb90;  1 drivers
v0x62d3130d1b00_0 .net "m_bar", 0 0, L_0x62d312fb9d20;  alias, 1 drivers
v0x62d3130d1c30_0 .net "s", 3 0, v0x62d3130d6d50_0;  alias, 1 drivers
v0x62d3130d1d80_0 .net "x", 0 0, v0x62d3130c7630_0;  alias, 1 drivers
L_0x62d3130edb90 .ufunc/vec4 TD_$unit.f_pick, 4, L_0x62d3130ed910, v0x62d3130d66e0_0, v0x62d3130d61a0_0, v0x62d3130d6430_0, v0x62d3130d6d50_0 (v0x62d3130c1360_0, v0x62d3130c12c0_0, v0x62d3130c1100_0, v0x62d3130c11e0_0, v0x62d3130c1420_0) S_0x62d3130c0f20;
L_0x62d3130edc80 .concat [ 1 31 0 0], v0x62d3130c7630_0, L_0x7256fd8ce1c8;
L_0x62d3130edd70 .cmp/eq 32, L_0x62d3130edc80, L_0x7256fd8ce210;
L_0x62d3130edeb0 .part v0x62d3130d61a0_0, 3, 1;
L_0x62d3130edf50 .part v0x62d3130d6430_0, 3, 1;
L_0x62d3130edff0 .ufunc/vec4 TD_tb_alu.input_out1, 1, L_0x62d3130edeb0, L_0x62d3130edf50, v0x62d3130d6d50_0 (v0x62d3130d41d0_0, v0x62d3130d42b0_0, v0x62d3130d4370_0) S_0x62d3130d3ff0;
L_0x62d3130ee170 .part v0x62d3130d61a0_0, 3, 1;
L_0x62d3130ee210 .part v0x62d3130d6430_0, 3, 1;
L_0x62d3130ee300 .ufunc/vec4 TD_tb_alu.input_out2, 1, L_0x62d3130ee170, L_0x62d3130ee210, v0x62d3130d6d50_0 (v0x62d3130d4700_0, v0x62d3130d47e0_0, v0x62d3130d48a0_0) S_0x62d3130d4520;
L_0x62d3130ee550 .part v0x62d3130d61a0_0, 2, 1;
L_0x62d3130ee650 .part v0x62d3130d6430_0, 2, 1;
L_0x62d3130ee6f0 .ufunc/vec4 TD_tb_alu.input_out1, 1, L_0x62d3130ee550, L_0x62d3130ee650, v0x62d3130d6d50_0 (v0x62d3130d41d0_0, v0x62d3130d42b0_0, v0x62d3130d4370_0) S_0x62d3130d3ff0;
L_0x62d3130ee910 .part v0x62d3130d61a0_0, 1, 1;
L_0x62d3130ee9b0 .part v0x62d3130d6430_0, 1, 1;
L_0x62d3130eea50 .ufunc/vec4 TD_tb_alu.input_out1, 1, L_0x62d3130ee910, L_0x62d3130ee9b0, v0x62d3130d6d50_0 (v0x62d3130d41d0_0, v0x62d3130d42b0_0, v0x62d3130d4370_0) S_0x62d3130d3ff0;
L_0x62d3130eecc0 .part v0x62d3130d61a0_0, 0, 1;
L_0x62d3130eedf0 .part v0x62d3130d6430_0, 0, 1;
L_0x62d3130eee90 .ufunc/vec4 TD_tb_alu.input_out1, 1, L_0x62d3130eecc0, L_0x62d3130eedf0, v0x62d3130d6d50_0 (v0x62d3130d41d0_0, v0x62d3130d42b0_0, v0x62d3130d4370_0) S_0x62d3130d3ff0;
L_0x62d3130ef240 .part v0x62d3130d61a0_0, 2, 1;
L_0x62d3130ef2e0 .part v0x62d3130d6430_0, 2, 1;
L_0x62d3130ef000 .ufunc/vec4 TD_tb_alu.input_out1, 1, L_0x62d3130ef240, L_0x62d3130ef2e0, v0x62d3130d6d50_0 (v0x62d3130d41d0_0, v0x62d3130d42b0_0, v0x62d3130d4370_0) S_0x62d3130d3ff0;
L_0x62d3130ef4d0 .part v0x62d3130d61a0_0, 1, 1;
L_0x62d3130ef630 .part v0x62d3130d6430_0, 1, 1;
L_0x62d3130efae0 .ufunc/vec4 TD_tb_alu.input_out1, 1, L_0x62d3130ef4d0, L_0x62d3130ef630, v0x62d3130d6d50_0 (v0x62d3130d41d0_0, v0x62d3130d42b0_0, v0x62d3130d4370_0) S_0x62d3130d3ff0;
L_0x62d3130efe00 .part v0x62d3130d61a0_0, 0, 1;
L_0x62d3130efea0 .part v0x62d3130d6430_0, 0, 1;
L_0x62d3130f0020 .ufunc/vec4 TD_tb_alu.input_out2, 1, L_0x62d3130efe00, L_0x62d3130efea0, v0x62d3130d6d50_0 (v0x62d3130d4700_0, v0x62d3130d47e0_0, v0x62d3130d48a0_0) S_0x62d3130d4520;
L_0x62d3130f0520 .part v0x62d3130d61a0_0, 2, 1;
L_0x62d3130f06b0 .part v0x62d3130d6430_0, 2, 1;
L_0x62d3130f0750 .ufunc/vec4 TD_tb_alu.input_out1, 1, L_0x62d3130f0520, L_0x62d3130f06b0, v0x62d3130d6d50_0 (v0x62d3130d41d0_0, v0x62d3130d42b0_0, v0x62d3130d4370_0) S_0x62d3130d3ff0;
L_0x62d3130f0d50 .part v0x62d3130d61a0_0, 1, 1;
L_0x62d3130f0df0 .part v0x62d3130d6430_0, 1, 1;
L_0x62d3130f0fa0 .ufunc/vec4 TD_tb_alu.input_out2, 1, L_0x62d3130f0d50, L_0x62d3130f0df0, v0x62d3130d6d50_0 (v0x62d3130d4700_0, v0x62d3130d47e0_0, v0x62d3130d48a0_0) S_0x62d3130d4520;
L_0x62d3130f1490 .part v0x62d3130d61a0_0, 2, 1;
L_0x62d3130f1650 .part v0x62d3130d6430_0, 2, 1;
L_0x62d3130f16f0 .ufunc/vec4 TD_tb_alu.input_out2, 1, L_0x62d3130f1490, L_0x62d3130f1650, v0x62d3130d6d50_0 (v0x62d3130d4700_0, v0x62d3130d47e0_0, v0x62d3130d48a0_0) S_0x62d3130d4520;
L_0x62d3130f1c90 .part L_0x62d3130edb90, 3, 1;
L_0x62d3130f1d80 .functor MUXZ 1, L_0x62d3130f1c90, L_0x62d3130f1b80, L_0x62d3130edd70, C4<>;
S_0x62d3130d2a40 .scope task, "errors_warnings_check" "errors_warnings_check" 4 843, 4 843 0, S_0x62d3130a2e60;
 .timescale -9 -11;
TD_tb_alu.errors_warnings_check ;
    %load/vec4 v0x62d3130d6a10_0;
    %load/vec4 v0x62d3130d6bd0_0;
    %cmp/ne;
    %jmp/0xz  T_21.231, 6;
    %vpi_call/w 4 848 "$display", "***ERROR: F = %b, F_expected = %b", v0x62d3130d6a10_0, v0x62d3130d6bd0_0 {0 0 0};
    %load/vec4 v0x62d3130d6930_0;
    %addi 1, 0, 32;
    %store/vec4 v0x62d3130d6930_0, 0, 32;
T_21.231 ;
    %load/vec4 v0x62d3130d6780_0;
    %load/vec4 v0x62d3130d6870_0;
    %cmp/ne;
    %jmp/0xz  T_21.233, 6;
    %vpi_call/w 4 855 "$display", "***ERROR: Co_bar = %b, Co_bar_expected = %b", v0x62d3130d6780_0, v0x62d3130d6870_0 {0 0 0};
    %load/vec4 v0x62d3130d6930_0;
    %addi 1, 0, 32;
    %store/vec4 v0x62d3130d6930_0, 0, 32;
T_21.233 ;
    %load/vec4 v0x62d3130d6280_0;
    %load/vec4 v0x62d3130d6390_0;
    %cmp/ne;
    %jmp/0xz  T_21.235, 6;
    %vpi_call/w 4 861 "$display", "***ERROR: AEQB = %b, AEQB_expected = %b", v0x62d3130d6280_0, v0x62d3130d6390_0 {0 0 0};
    %load/vec4 v0x62d3130d6930_0;
    %addi 1, 0, 32;
    %store/vec4 v0x62d3130d6930_0, 0, 32;
T_21.235 ;
    %load/vec4 v0x62d3130d70c0_0;
    %load/vec4 v0x62d3130d7160_0;
    %cmp/ne;
    %jmp/0xz  T_21.237, 6;
    %vpi_call/w 4 867 "$display", "***ERROR: X = %b, X_expected = %b", v0x62d3130d70c0_0, v0x62d3130d7160_0 {0 0 0};
    %load/vec4 v0x62d3130d6930_0;
    %addi 1, 0, 32;
    %store/vec4 v0x62d3130d6930_0, 0, 32;
T_21.237 ;
    %load/vec4 v0x62d3130d61a0_0;
    %load/vec4 v0x62d3130d7480_0;
    %cmp/ne;
    %jmp/1 T_21.244, 6;
    %flag_mov 8, 6;
    %load/vec4 v0x62d3130d6430_0;
    %load/vec4 v0x62d3130d7560_0;
    %cmp/ne;
    %flag_or 6, 8;
T_21.244;
    %jmp/1 T_21.243, 6;
    %flag_mov 8, 6;
    %load/vec4 v0x62d3130d6d50_0;
    %load/vec4 v0x62d3130d77c0_0;
    %cmp/ne;
    %flag_or 6, 8;
T_21.243;
    %jmp/1 T_21.242, 6;
    %flag_mov 8, 6;
    %load/vec4 v0x62d3130d6cb0_0;
    %load/vec4 v0x62d3130d7700_0;
    %cmp/ne;
    %flag_or 6, 8;
T_21.242;
    %jmp/1 T_21.241, 6;
    %flag_mov 8, 6;
    %load/vec4 v0x62d3130d66e0_0;
    %load/vec4 v0x62d3130d7640_0;
    %cmp/ne;
    %flag_or 6, 8;
T_21.241;
    %jmp/0xz  T_21.239, 6;
    %vpi_call/w 4 875 "$display", "***ERROR: Racing Condition Occur" {0 0 0};
    %load/vec4 v0x62d3130d6930_0;
    %addi 1, 0, 32;
    %store/vec4 v0x62d3130d6930_0, 0, 32;
T_21.239 ;
    %end;
S_0x62d3130d2bd0 .scope function.vec4.s4, "fexp_arith_ci_bar" "fexp_arith_ci_bar" 4 182, 4 182 0, S_0x62d3130a2e60;
 .timescale -9 -11;
v0x62d3130d2d60_0 .var "A", 3 0;
v0x62d3130d2e60_0 .var "B", 3 0;
v0x62d3130d2f40_0 .var "S", 3 0;
; Variable fexp_arith_ci_bar is vec4 return value of scope S_0x62d3130d2bd0
TD_tb_alu.fexp_arith_ci_bar ;
    %load/vec4 v0x62d3130d2f40_0;
    %dup/vec4;
    %pushi/vec4 0, 0, 4;
    %cmp/u;
    %jmp/1 T_22.245, 6;
    %dup/vec4;
    %pushi/vec4 1, 0, 4;
    %cmp/u;
    %jmp/1 T_22.246, 6;
    %dup/vec4;
    %pushi/vec4 2, 0, 4;
    %cmp/u;
    %jmp/1 T_22.247, 6;
    %dup/vec4;
    %pushi/vec4 3, 0, 4;
    %cmp/u;
    %jmp/1 T_22.248, 6;
    %dup/vec4;
    %pushi/vec4 4, 0, 4;
    %cmp/u;
    %jmp/1 T_22.249, 6;
    %dup/vec4;
    %pushi/vec4 5, 0, 4;
    %cmp/u;
    %jmp/1 T_22.250, 6;
    %dup/vec4;
    %pushi/vec4 6, 0, 4;
    %cmp/u;
    %jmp/1 T_22.251, 6;
    %dup/vec4;
    %pushi/vec4 7, 0, 4;
    %cmp/u;
    %jmp/1 T_22.252, 6;
    %dup/vec4;
    %pushi/vec4 8, 0, 4;
    %cmp/u;
    %jmp/1 T_22.253, 6;
    %dup/vec4;
    %pushi/vec4 9, 0, 4;
    %cmp/u;
    %jmp/1 T_22.254, 6;
    %dup/vec4;
    %pushi/vec4 10, 0, 4;
    %cmp/u;
    %jmp/1 T_22.255, 6;
    %dup/vec4;
    %pushi/vec4 11, 0, 4;
    %cmp/u;
    %jmp/1 T_22.256, 6;
    %dup/vec4;
    %pushi/vec4 12, 0, 4;
    %cmp/u;
    %jmp/1 T_22.257, 6;
    %dup/vec4;
    %pushi/vec4 13, 0, 4;
    %cmp/u;
    %jmp/1 T_22.258, 6;
    %dup/vec4;
    %pushi/vec4 14, 0, 4;
    %cmp/u;
    %jmp/1 T_22.259, 6;
    %dup/vec4;
    %pushi/vec4 15, 0, 4;
    %cmp/u;
    %jmp/1 T_22.260, 6;
    %jmp T_22.261;
T_22.245 ;
    %load/vec4 v0x62d3130d2d60_0;
    %addi 1, 0, 4;
    %ret/vec4 0, 0, 4;  Assign to fexp_arith_ci_bar (store_vec4_to_lval)
    %jmp T_22.261;
T_22.246 ;
    %load/vec4 v0x62d3130d2d60_0;
    %load/vec4 v0x62d3130d2e60_0;
    %or;
    %addi 1, 0, 4;
    %ret/vec4 0, 0, 4;  Assign to fexp_arith_ci_bar (store_vec4_to_lval)
    %jmp T_22.261;
T_22.247 ;
    %load/vec4 v0x62d3130d2d60_0;
    %load/vec4 v0x62d3130d2e60_0;
    %inv;
    %or;
    %addi 1, 0, 4;
    %ret/vec4 0, 0, 4;  Assign to fexp_arith_ci_bar (store_vec4_to_lval)
    %jmp T_22.261;
T_22.248 ;
    %pushi/vec4 0, 0, 4;
    %ret/vec4 0, 0, 4;  Assign to fexp_arith_ci_bar (store_vec4_to_lval)
    %jmp T_22.261;
T_22.249 ;
    %load/vec4 v0x62d3130d2d60_0;
    %load/vec4 v0x62d3130d2d60_0;
    %load/vec4 v0x62d3130d2e60_0;
    %inv;
    %and;
    %add;
    %addi 1, 0, 4;
    %ret/vec4 0, 0, 4;  Assign to fexp_arith_ci_bar (store_vec4_to_lval)
    %jmp T_22.261;
T_22.250 ;
    %load/vec4 v0x62d3130d2d60_0;
    %load/vec4 v0x62d3130d2e60_0;
    %or;
    %load/vec4 v0x62d3130d2d60_0;
    %load/vec4 v0x62d3130d2e60_0;
    %inv;
    %and;
    %add;
    %addi 1, 0, 4;
    %ret/vec4 0, 0, 4;  Assign to fexp_arith_ci_bar (store_vec4_to_lval)
    %jmp T_22.261;
T_22.251 ;
    %load/vec4 v0x62d3130d2d60_0;
    %load/vec4 v0x62d3130d2e60_0;
    %sub;
    %ret/vec4 0, 0, 4;  Assign to fexp_arith_ci_bar (store_vec4_to_lval)
    %jmp T_22.261;
T_22.252 ;
    %load/vec4 v0x62d3130d2d60_0;
    %load/vec4 v0x62d3130d2e60_0;
    %inv;
    %and;
    %ret/vec4 0, 0, 4;  Assign to fexp_arith_ci_bar (store_vec4_to_lval)
    %jmp T_22.261;
T_22.253 ;
    %load/vec4 v0x62d3130d2d60_0;
    %load/vec4 v0x62d3130d2d60_0;
    %load/vec4 v0x62d3130d2e60_0;
    %and;
    %add;
    %addi 1, 0, 4;
    %ret/vec4 0, 0, 4;  Assign to fexp_arith_ci_bar (store_vec4_to_lval)
    %jmp T_22.261;
T_22.254 ;
    %load/vec4 v0x62d3130d2d60_0;
    %load/vec4 v0x62d3130d2e60_0;
    %add;
    %addi 1, 0, 4;
    %ret/vec4 0, 0, 4;  Assign to fexp_arith_ci_bar (store_vec4_to_lval)
    %jmp T_22.261;
T_22.255 ;
    %load/vec4 v0x62d3130d2d60_0;
    %load/vec4 v0x62d3130d2e60_0;
    %inv;
    %or;
    %load/vec4 v0x62d3130d2d60_0;
    %load/vec4 v0x62d3130d2e60_0;
    %and;
    %add;
    %addi 1, 0, 4;
    %ret/vec4 0, 0, 4;  Assign to fexp_arith_ci_bar (store_vec4_to_lval)
    %jmp T_22.261;
T_22.256 ;
    %load/vec4 v0x62d3130d2d60_0;
    %load/vec4 v0x62d3130d2e60_0;
    %and;
    %ret/vec4 0, 0, 4;  Assign to fexp_arith_ci_bar (store_vec4_to_lval)
    %jmp T_22.261;
T_22.257 ;
    %load/vec4 v0x62d3130d2d60_0;
    %load/vec4 v0x62d3130d2d60_0;
    %add;
    %addi 1, 0, 4;
    %ret/vec4 0, 0, 4;  Assign to fexp_arith_ci_bar (store_vec4_to_lval)
    %jmp T_22.261;
T_22.258 ;
    %load/vec4 v0x62d3130d2d60_0;
    %load/vec4 v0x62d3130d2e60_0;
    %or;
    %load/vec4 v0x62d3130d2d60_0;
    %add;
    %addi 1, 0, 4;
    %ret/vec4 0, 0, 4;  Assign to fexp_arith_ci_bar (store_vec4_to_lval)
    %jmp T_22.261;
T_22.259 ;
    %load/vec4 v0x62d3130d2d60_0;
    %load/vec4 v0x62d3130d2e60_0;
    %inv;
    %or;
    %load/vec4 v0x62d3130d2d60_0;
    %add;
    %addi 1, 0, 4;
    %ret/vec4 0, 0, 4;  Assign to fexp_arith_ci_bar (store_vec4_to_lval)
    %jmp T_22.261;
T_22.260 ;
    %load/vec4 v0x62d3130d2d60_0;
    %ret/vec4 0, 0, 4;  Assign to fexp_arith_ci_bar (store_vec4_to_lval)
    %jmp T_22.261;
T_22.261 ;
    %pop/vec4 1;
    %end;
S_0x62d3130d30e0 .scope function.vec4.s4, "fexp_arith_xci_bar" "fexp_arith_xci_bar" 4 212, 4 212 0, S_0x62d3130a2e60;
 .timescale -9 -11;
v0x62d3130d3270_0 .var "A", 3 0;
v0x62d3130d3370_0 .var "B", 3 0;
v0x62d3130d3450_0 .var "S", 3 0;
; Variable fexp_arith_xci_bar is vec4 return value of scope S_0x62d3130d30e0
TD_tb_alu.fexp_arith_xci_bar ;
    %load/vec4 v0x62d3130d3450_0;
    %dup/vec4;
    %pushi/vec4 0, 0, 4;
    %cmp/u;
    %jmp/1 T_23.262, 6;
    %dup/vec4;
    %pushi/vec4 1, 0, 4;
    %cmp/u;
    %jmp/1 T_23.263, 6;
    %dup/vec4;
    %pushi/vec4 2, 0, 4;
    %cmp/u;
    %jmp/1 T_23.264, 6;
    %dup/vec4;
    %pushi/vec4 3, 0, 4;
    %cmp/u;
    %jmp/1 T_23.265, 6;
    %dup/vec4;
    %pushi/vec4 4, 0, 4;
    %cmp/u;
    %jmp/1 T_23.266, 6;
    %dup/vec4;
    %pushi/vec4 5, 0, 4;
    %cmp/u;
    %jmp/1 T_23.267, 6;
    %dup/vec4;
    %pushi/vec4 6, 0, 4;
    %cmp/u;
    %jmp/1 T_23.268, 6;
    %dup/vec4;
    %pushi/vec4 7, 0, 4;
    %cmp/u;
    %jmp/1 T_23.269, 6;
    %dup/vec4;
    %pushi/vec4 8, 0, 4;
    %cmp/u;
    %jmp/1 T_23.270, 6;
    %dup/vec4;
    %pushi/vec4 9, 0, 4;
    %cmp/u;
    %jmp/1 T_23.271, 6;
    %dup/vec4;
    %pushi/vec4 10, 0, 4;
    %cmp/u;
    %jmp/1 T_23.272, 6;
    %dup/vec4;
    %pushi/vec4 11, 0, 4;
    %cmp/u;
    %jmp/1 T_23.273, 6;
    %dup/vec4;
    %pushi/vec4 12, 0, 4;
    %cmp/u;
    %jmp/1 T_23.274, 6;
    %dup/vec4;
    %pushi/vec4 13, 0, 4;
    %cmp/u;
    %jmp/1 T_23.275, 6;
    %dup/vec4;
    %pushi/vec4 14, 0, 4;
    %cmp/u;
    %jmp/1 T_23.276, 6;
    %dup/vec4;
    %pushi/vec4 15, 0, 4;
    %cmp/u;
    %jmp/1 T_23.277, 6;
    %jmp T_23.278;
T_23.262 ;
    %load/vec4 v0x62d3130d3270_0;
    %ret/vec4 0, 0, 4;  Assign to fexp_arith_xci_bar (store_vec4_to_lval)
    %jmp T_23.278;
T_23.263 ;
    %load/vec4 v0x62d3130d3270_0;
    %load/vec4 v0x62d3130d3370_0;
    %or;
    %ret/vec4 0, 0, 4;  Assign to fexp_arith_xci_bar (store_vec4_to_lval)
    %jmp T_23.278;
T_23.264 ;
    %load/vec4 v0x62d3130d3270_0;
    %load/vec4 v0x62d3130d3370_0;
    %inv;
    %or;
    %ret/vec4 0, 0, 4;  Assign to fexp_arith_xci_bar (store_vec4_to_lval)
    %jmp T_23.278;
T_23.265 ;
    %pushi/vec4 15, 0, 4;
    %ret/vec4 0, 0, 4;  Assign to fexp_arith_xci_bar (store_vec4_to_lval)
    %jmp T_23.278;
T_23.266 ;
    %load/vec4 v0x62d3130d3270_0;
    %load/vec4 v0x62d3130d3270_0;
    %load/vec4 v0x62d3130d3370_0;
    %inv;
    %and;
    %add;
    %ret/vec4 0, 0, 4;  Assign to fexp_arith_xci_bar (store_vec4_to_lval)
    %jmp T_23.278;
T_23.267 ;
    %load/vec4 v0x62d3130d3270_0;
    %load/vec4 v0x62d3130d3370_0;
    %or;
    %load/vec4 v0x62d3130d3270_0;
    %load/vec4 v0x62d3130d3370_0;
    %inv;
    %and;
    %add;
    %ret/vec4 0, 0, 4;  Assign to fexp_arith_xci_bar (store_vec4_to_lval)
    %jmp T_23.278;
T_23.268 ;
    %load/vec4 v0x62d3130d3270_0;
    %load/vec4 v0x62d3130d3370_0;
    %sub;
    %subi 1, 0, 4;
    %ret/vec4 0, 0, 4;  Assign to fexp_arith_xci_bar (store_vec4_to_lval)
    %jmp T_23.278;
T_23.269 ;
    %load/vec4 v0x62d3130d3270_0;
    %load/vec4 v0x62d3130d3370_0;
    %inv;
    %and;
    %subi 1, 0, 4;
    %ret/vec4 0, 0, 4;  Assign to fexp_arith_xci_bar (store_vec4_to_lval)
    %jmp T_23.278;
T_23.270 ;
    %load/vec4 v0x62d3130d3270_0;
    %load/vec4 v0x62d3130d3270_0;
    %load/vec4 v0x62d3130d3370_0;
    %and;
    %add;
    %ret/vec4 0, 0, 4;  Assign to fexp_arith_xci_bar (store_vec4_to_lval)
    %jmp T_23.278;
T_23.271 ;
    %load/vec4 v0x62d3130d3270_0;
    %load/vec4 v0x62d3130d3370_0;
    %add;
    %ret/vec4 0, 0, 4;  Assign to fexp_arith_xci_bar (store_vec4_to_lval)
    %jmp T_23.278;
T_23.272 ;
    %load/vec4 v0x62d3130d3270_0;
    %load/vec4 v0x62d3130d3370_0;
    %inv;
    %or;
    %load/vec4 v0x62d3130d3270_0;
    %load/vec4 v0x62d3130d3370_0;
    %and;
    %add;
    %ret/vec4 0, 0, 4;  Assign to fexp_arith_xci_bar (store_vec4_to_lval)
    %jmp T_23.278;
T_23.273 ;
    %load/vec4 v0x62d3130d3270_0;
    %load/vec4 v0x62d3130d3370_0;
    %and;
    %subi 1, 0, 4;
    %ret/vec4 0, 0, 4;  Assign to fexp_arith_xci_bar (store_vec4_to_lval)
    %jmp T_23.278;
T_23.274 ;
    %load/vec4 v0x62d3130d3270_0;
    %load/vec4 v0x62d3130d3270_0;
    %add;
    %ret/vec4 0, 0, 4;  Assign to fexp_arith_xci_bar (store_vec4_to_lval)
    %jmp T_23.278;
T_23.275 ;
    %load/vec4 v0x62d3130d3270_0;
    %load/vec4 v0x62d3130d3370_0;
    %or;
    %load/vec4 v0x62d3130d3270_0;
    %add;
    %ret/vec4 0, 0, 4;  Assign to fexp_arith_xci_bar (store_vec4_to_lval)
    %jmp T_23.278;
T_23.276 ;
    %load/vec4 v0x62d3130d3270_0;
    %load/vec4 v0x62d3130d3370_0;
    %inv;
    %or;
    %load/vec4 v0x62d3130d3270_0;
    %add;
    %ret/vec4 0, 0, 4;  Assign to fexp_arith_xci_bar (store_vec4_to_lval)
    %jmp T_23.278;
T_23.277 ;
    %load/vec4 v0x62d3130d3270_0;
    %subi 1, 0, 4;
    %ret/vec4 0, 0, 4;  Assign to fexp_arith_xci_bar (store_vec4_to_lval)
    %jmp T_23.278;
T_23.278 ;
    %pop/vec4 1;
    %end;
S_0x62d3130d3620 .scope function.vec4.s4, "fexp_logic_ci_bar" "fexp_logic_ci_bar" 4 242, 4 242 0, S_0x62d3130a2e60;
 .timescale -9 -11;
v0x62d3130d37b0_0 .var "A", 3 0;
v0x62d3130d38b0_0 .var "B", 3 0;
v0x62d3130d3990_0 .var "S", 3 0;
; Variable fexp_logic_ci_bar is vec4 return value of scope S_0x62d3130d3620
TD_tb_alu.fexp_logic_ci_bar ;
    %load/vec4 v0x62d3130d3990_0;
    %dup/vec4;
    %pushi/vec4 0, 0, 4;
    %cmp/u;
    %jmp/1 T_24.279, 6;
    %dup/vec4;
    %pushi/vec4 1, 0, 4;
    %cmp/u;
    %jmp/1 T_24.280, 6;
    %dup/vec4;
    %pushi/vec4 2, 0, 4;
    %cmp/u;
    %jmp/1 T_24.281, 6;
    %dup/vec4;
    %pushi/vec4 3, 0, 4;
    %cmp/u;
    %jmp/1 T_24.282, 6;
    %dup/vec4;
    %pushi/vec4 4, 0, 4;
    %cmp/u;
    %jmp/1 T_24.283, 6;
    %dup/vec4;
    %pushi/vec4 5, 0, 4;
    %cmp/u;
    %jmp/1 T_24.284, 6;
    %dup/vec4;
    %pushi/vec4 6, 0, 4;
    %cmp/u;
    %jmp/1 T_24.285, 6;
    %dup/vec4;
    %pushi/vec4 7, 0, 4;
    %cmp/u;
    %jmp/1 T_24.286, 6;
    %dup/vec4;
    %pushi/vec4 8, 0, 4;
    %cmp/u;
    %jmp/1 T_24.287, 6;
    %dup/vec4;
    %pushi/vec4 9, 0, 4;
    %cmp/u;
    %jmp/1 T_24.288, 6;
    %dup/vec4;
    %pushi/vec4 10, 0, 4;
    %cmp/u;
    %jmp/1 T_24.289, 6;
    %dup/vec4;
    %pushi/vec4 11, 0, 4;
    %cmp/u;
    %jmp/1 T_24.290, 6;
    %dup/vec4;
    %pushi/vec4 12, 0, 4;
    %cmp/u;
    %jmp/1 T_24.291, 6;
    %dup/vec4;
    %pushi/vec4 13, 0, 4;
    %cmp/u;
    %jmp/1 T_24.292, 6;
    %dup/vec4;
    %pushi/vec4 14, 0, 4;
    %cmp/u;
    %jmp/1 T_24.293, 6;
    %dup/vec4;
    %pushi/vec4 15, 0, 4;
    %cmp/u;
    %jmp/1 T_24.294, 6;
    %jmp T_24.295;
T_24.279 ;
    %load/vec4 v0x62d3130d37b0_0;
    %inv;
    %ret/vec4 0, 0, 4;  Assign to fexp_logic_ci_bar (store_vec4_to_lval)
    %jmp T_24.295;
T_24.280 ;
    %load/vec4 v0x62d3130d37b0_0;
    %load/vec4 v0x62d3130d38b0_0;
    %or;
    %inv;
    %ret/vec4 0, 0, 4;  Assign to fexp_logic_ci_bar (store_vec4_to_lval)
    %jmp T_24.295;
T_24.281 ;
    %load/vec4 v0x62d3130d37b0_0;
    %inv;
    %load/vec4 v0x62d3130d38b0_0;
    %and;
    %ret/vec4 0, 0, 4;  Assign to fexp_logic_ci_bar (store_vec4_to_lval)
    %jmp T_24.295;
T_24.282 ;
    %pushi/vec4 0, 0, 4;
    %ret/vec4 0, 0, 4;  Assign to fexp_logic_ci_bar (store_vec4_to_lval)
    %jmp T_24.295;
T_24.283 ;
    %load/vec4 v0x62d3130d37b0_0;
    %load/vec4 v0x62d3130d38b0_0;
    %and;
    %inv;
    %ret/vec4 0, 0, 4;  Assign to fexp_logic_ci_bar (store_vec4_to_lval)
    %jmp T_24.295;
T_24.284 ;
    %load/vec4 v0x62d3130d38b0_0;
    %inv;
    %ret/vec4 0, 0, 4;  Assign to fexp_logic_ci_bar (store_vec4_to_lval)
    %jmp T_24.295;
T_24.285 ;
    %load/vec4 v0x62d3130d37b0_0;
    %load/vec4 v0x62d3130d38b0_0;
    %xor;
    %ret/vec4 0, 0, 4;  Assign to fexp_logic_ci_bar (store_vec4_to_lval)
    %jmp T_24.295;
T_24.286 ;
    %load/vec4 v0x62d3130d37b0_0;
    %load/vec4 v0x62d3130d38b0_0;
    %inv;
    %and;
    %ret/vec4 0, 0, 4;  Assign to fexp_logic_ci_bar (store_vec4_to_lval)
    %jmp T_24.295;
T_24.287 ;
    %load/vec4 v0x62d3130d37b0_0;
    %inv;
    %load/vec4 v0x62d3130d38b0_0;
    %or;
    %ret/vec4 0, 0, 4;  Assign to fexp_logic_ci_bar (store_vec4_to_lval)
    %jmp T_24.295;
T_24.288 ;
    %load/vec4 v0x62d3130d37b0_0;
    %load/vec4 v0x62d3130d38b0_0;
    %xor;
    %inv;
    %ret/vec4 0, 0, 4;  Assign to fexp_logic_ci_bar (store_vec4_to_lval)
    %jmp T_24.295;
T_24.289 ;
    %load/vec4 v0x62d3130d38b0_0;
    %ret/vec4 0, 0, 4;  Assign to fexp_logic_ci_bar (store_vec4_to_lval)
    %jmp T_24.295;
T_24.290 ;
    %load/vec4 v0x62d3130d37b0_0;
    %load/vec4 v0x62d3130d38b0_0;
    %and;
    %ret/vec4 0, 0, 4;  Assign to fexp_logic_ci_bar (store_vec4_to_lval)
    %jmp T_24.295;
T_24.291 ;
    %pushi/vec4 15, 0, 4;
    %ret/vec4 0, 0, 4;  Assign to fexp_logic_ci_bar (store_vec4_to_lval)
    %jmp T_24.295;
T_24.292 ;
    %load/vec4 v0x62d3130d37b0_0;
    %load/vec4 v0x62d3130d38b0_0;
    %inv;
    %or;
    %ret/vec4 0, 0, 4;  Assign to fexp_logic_ci_bar (store_vec4_to_lval)
    %jmp T_24.295;
T_24.293 ;
    %load/vec4 v0x62d3130d37b0_0;
    %load/vec4 v0x62d3130d38b0_0;
    %or;
    %ret/vec4 0, 0, 4;  Assign to fexp_logic_ci_bar (store_vec4_to_lval)
    %jmp T_24.295;
T_24.294 ;
    %load/vec4 v0x62d3130d37b0_0;
    %ret/vec4 0, 0, 4;  Assign to fexp_logic_ci_bar (store_vec4_to_lval)
    %jmp T_24.295;
T_24.295 ;
    %pop/vec4 1;
    %end;
S_0x62d3130d3b60 .scope task, "initialize" "initialize" 4 342, 4 342 0, S_0x62d3130a2e60;
 .timescale -9 -11;
TD_tb_alu.initialize ;
    %fork t_3, S_0x62d3130d3cf0;
    %jmp t_2;
    .scope S_0x62d3130d3cf0;
t_3 ;
    %vpi_func 4 346 "$fopen" 32, "tb_alu.tv", "r" {0 0 0};
    %store/vec4 v0x62d3130d6af0_0, 0, 32;
    %pushi/vec4 0, 0, 1;
    %store/vec4 v0x62d3130d6e10_0, 0, 1;
    %pushi/vec4 0, 0, 32;
    %store/vec4 v0x62d3130d6ed0_0, 0, 32;
    %pushi/vec4 0, 0, 32;
    %store/vec4 v0x62d3130d6930_0, 0, 32;
    %pushi/vec4 0, 0, 32;
    %store/vec4 v0x62d3130d3ef0_0, 0, 32;
T_25.296 ;
    %load/vec4 v0x62d3130d3ef0_0;
    %cmpi/s 64, 0, 32;
    %jmp/0xz T_25.297, 5;
    %pushi/vec4 0, 0, 32;
    %ix/getv/s 4, v0x62d3130d3ef0_0;
    %store/vec4a v0x62d3130d73c0, 4, 0;
    ; show_stmt_assign_vector: Get l-value for compressed += operand
    %load/vec4 v0x62d3130d3ef0_0;
    %pushi/vec4 1, 0, 32;
    %add;
    %store/vec4 v0x62d3130d3ef0_0, 0, 32;
    %jmp T_25.296;
T_25.297 ;
    %pushi/vec4 0, 0, 1;
    %store/vec4 v0x62d3130d7220_0, 0, 1;
    %vpi_call/w 4 359 "$display" {0 0 0};
    %vpi_call/w 4 360 "$display", "TEST_START------------------------------------------------------------------------------------------------------------------------------------------------------------------" {0 0 0};
    %vpi_call/w 4 361 "$display" {0 0 0};
    %vpi_call/w 4 362 "$display", "                                | TIME | M | Ci_bar |    S    |    A    |    B    |    F    | CO_bar | AEQB | X | FEXPECTED | CObar_EXPECTED | AEQB_EXPECTED | X_EXPECTED |" {0 0 0};
    %vpi_call/w 4 363 "$display", "----------------------------------------------------------------------------------------------------------------------------------------------------------------------------" {0 0 0};
    %end;
    .scope S_0x62d3130d3b60;
t_2 %join;
    %end;
S_0x62d3130d3cf0 .scope begin, "$unm_blk_13" "$unm_blk_13" 4 342, 4 342 0, S_0x62d3130d3b60;
 .timescale -9 -11;
v0x62d3130d3ef0_0 .var/i "j", 31 0;
S_0x62d3130d3ff0 .scope function.vec4.s1, "input_out1" "input_out1" 4 272, 4 272 0, S_0x62d3130a2e60;
 .timescale -9 -11;
v0x62d3130d41d0_0 .var "A", 0 0;
v0x62d3130d42b0_0 .var "B", 0 0;
v0x62d3130d4370_0 .var "S", 3 0;
; Variable input_out1 is vec4 return value of scope S_0x62d3130d3ff0
TD_tb_alu.input_out1 ;
    %load/vec4 v0x62d3130d41d0_0;
    %load/vec4 v0x62d3130d42b0_0;
    %and;
    %load/vec4 v0x62d3130d4370_0;
    %parti/s 1, 3, 3;
    %and;
    %load/vec4 v0x62d3130d41d0_0;
    %load/vec4 v0x62d3130d42b0_0;
    %inv;
    %and;
    %load/vec4 v0x62d3130d4370_0;
    %parti/s 1, 2, 3;
    %and;
    %or;
    %inv;
    %ret/vec4 0, 0, 1;  Assign to input_out1 (store_vec4_to_lval)
    %end;
S_0x62d3130d4520 .scope function.vec4.s1, "input_out2" "input_out2" 4 283, 4 283 0, S_0x62d3130a2e60;
 .timescale -9 -11;
v0x62d3130d4700_0 .var "A", 0 0;
v0x62d3130d47e0_0 .var "B", 0 0;
v0x62d3130d48a0_0 .var "S", 3 0;
; Variable input_out2 is vec4 return value of scope S_0x62d3130d4520
TD_tb_alu.input_out2 ;
    %load/vec4 v0x62d3130d4700_0;
    %load/vec4 v0x62d3130d47e0_0;
    %inv;
    %load/vec4 v0x62d3130d48a0_0;
    %parti/s 1, 1, 2;
    %and;
    %or;
    %load/vec4 v0x62d3130d47e0_0;
    %load/vec4 v0x62d3130d48a0_0;
    %parti/s 1, 0, 2;
    %and;
    %or;
    %inv;
    %ret/vec4 0, 0, 1;  Assign to input_out2 (store_vec4_to_lval)
    %end;
S_0x62d3130d4a50 .scope function.vec4.s1, "num" "num" 4 73, 4 73 0, S_0x62d3130a2e60;
 .timescale -9 -11;
v0x62d3130d4c30_0 .var "cha", 7 0;
; Variable num is vec4 return value of scope S_0x62d3130d4a50
TD_tb_alu.num ;
    %load/vec4 v0x62d3130d4c30_0;
    %pushi/vec4 49, 0, 8; draw_string_vec4
    %cmp/e;
    %flag_mov 8, 4;
    %jmp/0 T_28.298, 8;
    %pushi/vec4 1, 0, 1;
    %jmp/1 T_28.299, 8;
T_28.298 ; End of true expr.
    %load/vec4 v0x62d3130d4c30_0;
    %pushi/vec4 48, 0, 8; draw_string_vec4
    %cmp/e;
    %flag_mov 9, 4;
    %jmp/0 T_28.300, 9;
    %pushi/vec4 0, 0, 1;
    %jmp/1 T_28.301, 9;
T_28.300 ; End of true expr.
    %pushi/vec4 1, 1, 1;
    %jmp/0 T_28.301, 9;
 ; End of false expr.
    %blend;
T_28.301;
    %jmp/0 T_28.299, 8;
 ; End of false expr.
    %blend;
T_28.299;
    %ret/vec4 0, 0, 1;  Assign to num (store_vec4_to_lval)
    %end;
S_0x62d3130d4df0 .scope task, "random_in" "random_in" 4 654, 4 654 0, S_0x62d3130a2e60;
 .timescale -9 -11;
TD_tb_alu.random_in ;
    %vpi_func 4 657 "$urandom" 32 {0 0 0};
    %pushi/vec4 2, 0, 32;
    %mod;
    %pad/u 1;
    %store/vec4 v0x62d3130d6cb0_0, 0, 1;
    %load/vec4 v0x62d3130d6cb0_0;
    %pad/u 32;
    %cmpi/e 0, 0, 32;
    %flag_mov 8, 4;
    %jmp/0 T_29.302, 8;
    %vpi_func 4 658 "$urandom" 32 {0 0 0};
    %pushi/vec4 2, 0, 32;
    %mod;
    %jmp/1 T_29.303, 8;
T_29.302 ; End of true expr.
    %pushi/vec4 0, 0, 32;
    %jmp/0 T_29.303, 8;
 ; End of false expr.
    %blend;
T_29.303;
    %pad/u 1;
    %store/vec4 v0x62d3130d66e0_0, 0, 1;
    %vpi_func 4 659 "$urandom" 32 {0 0 0};
    %pushi/vec4 16, 0, 32;
    %mod;
    %pad/u 4;
    %store/vec4 v0x62d3130d6d50_0, 0, 4;
    %vpi_func 4 660 "$urandom" 32 {0 0 0};
    %pushi/vec4 16, 0, 32;
    %mod;
    %pad/u 4;
    %store/vec4 v0x62d3130d61a0_0, 0, 4;
    %vpi_func 4 661 "$urandom" 32 {0 0 0};
    %pushi/vec4 16, 0, 32;
    %mod;
    %pad/u 4;
    %store/vec4 v0x62d3130d6430_0, 0, 4;
    %load/vec4 v0x62d3130d6cb0_0;
    %load/vec4 v0x62d3130d66e0_0;
    %concat/vec4; draw_concat_vec4
    %dup/vec4;
    %pushi/vec4 0, 0, 2;
    %cmp/u;
    %jmp/1 T_29.304, 6;
    %dup/vec4;
    %pushi/vec4 1, 0, 2;
    %cmp/u;
    %jmp/1 T_29.305, 6;
    %dup/vec4;
    %pushi/vec4 2, 0, 2;
    %cmp/u;
    %jmp/1 T_29.306, 6;
    %load/vec4 v0x62d3130d61a0_0;
    %load/vec4 v0x62d3130d6430_0;
    %load/vec4 v0x62d3130d6d50_0;
    %store/vec4 v0x62d3130c5930_0, 0, 4;
    %store/vec4 v0x62d3130c5850_0, 0, 4;
    %store/vec4 v0x62d3130c5750_0, 0, 4;
    %callf/vec4 TD_tb_alu.cmt_logic_ci_bar, S_0x62d3130c5570;
    %store/vec4 v0x62d3130d64d0_0, 0, 256;
    %jmp T_29.308;
T_29.304 ;
    %load/vec4 v0x62d3130d61a0_0;
    %load/vec4 v0x62d3130d6430_0;
    %load/vec4 v0x62d3130d6d50_0;
    %store/vec4 v0x62d3130c4e40_0, 0, 4;
    %store/vec4 v0x62d3130c4d60_0, 0, 4;
    %store/vec4 v0x62d3130c4c60_0, 0, 4;
    %callf/vec4 TD_tb_alu.cmt_arith_ci_bar, S_0x62d3130c4a80;
    %store/vec4 v0x62d3130d64d0_0, 0, 256;
    %jmp T_29.308;
T_29.305 ;
    %load/vec4 v0x62d3130d61a0_0;
    %load/vec4 v0x62d3130d6430_0;
    %load/vec4 v0x62d3130d6d50_0;
    %store/vec4 v0x62d3130c53a0_0, 0, 4;
    %store/vec4 v0x62d3130c52c0_0, 0, 4;
    %store/vec4 v0x62d3130c51c0_0, 0, 4;
    %callf/vec4 TD_tb_alu.cmt_arith_xci_bar, S_0x62d3130c4fe0;
    %store/vec4 v0x62d3130d64d0_0, 0, 256;
    %jmp T_29.308;
T_29.306 ;
    %load/vec4 v0x62d3130d61a0_0;
    %load/vec4 v0x62d3130d6430_0;
    %load/vec4 v0x62d3130d6d50_0;
    %store/vec4 v0x62d3130c5930_0, 0, 4;
    %store/vec4 v0x62d3130c5850_0, 0, 4;
    %store/vec4 v0x62d3130c5750_0, 0, 4;
    %callf/vec4 TD_tb_alu.cmt_logic_ci_bar, S_0x62d3130c5570;
    %store/vec4 v0x62d3130d64d0_0, 0, 256;
    %jmp T_29.308;
T_29.308 ;
    %pop/vec4 1;
    %vpi_func 4 672 "$urandom_range" 32, 32'sb00000000000000000000000000000001, 32'sb00000000000000000000000000001010 {0 0 0};
    %pad/u 64;
    %muli 100, 0, 64;
    %ix/vec4 4;
    %delayx 4;
    %end;
S_0x62d3130d4fd0 .scope task, "scan_file" "scan_file" 4 372, 4 372 0, S_0x62d3130a2e60;
 .timescale -9 -11;
TD_tb_alu.scan_file ;
    %fork t_5, S_0x62d3130d51b0;
    %jmp t_4;
    .scope S_0x62d3130d51b0;
t_5 ;
    %vpi_func 4 379 "$fgets" 32, v0x62d3130d5890_0, v0x62d3130d6af0_0 {0 0 0};
    %store/vec4 v0x62d3130d6600_0, 0, 32;
    %load/vec4 v0x62d3130d6600_0;
    %pushi/vec4 0, 0, 32;
    %cmp/e;
    %flag_get/vec4 4;
    %store/vec4 v0x62d3130d7220_0, 0, 1;
    %pushi/vec4 0, 0, 256;
    %store/vec4 v0x62d3130d64d0_0, 0, 256;
    %pushi/vec4 0, 0, 32;
    %store/vec4 v0x62d3130d5590_0, 0, 32;
T_30.309 ;
    %load/vec4 v0x62d3130d5590_0;
    %cmpi/s 256, 0, 32;
    %flag_get/vec4 5;
    %jmp/0 T_30.313, 5;
    %load/vec4 v0x62d3130d5890_0;
    %load/vec4 v0x62d3130d5590_0;
    %muli 8, 0, 32;
    %part/s 8;
    %pushi/vec4 0, 0, 8;
    %cmp/ne;
    %flag_get/vec4 6;
    %and;
T_30.313;
    %flag_set/vec4 10;
    %flag_get/vec4 10;
    %jmp/0 T_30.312, 10;
    %load/vec4 v0x62d3130d5890_0;
    %load/vec4 v0x62d3130d5590_0;
    %muli 8, 0, 32;
    %part/s 8;
    %pushi/vec4 10, 0, 8;
    %cmp/ne;
    %flag_get/vec4 6;
    %and;
T_30.312;
    %flag_set/vec4 9;
    %flag_get/vec4 9;
    %jmp/0 T_30.311, 9;
    %load/vec4 v0x62d3130d5890_0;
    %load/vec4 v0x62d3130d5590_0;
    %muli 8, 0, 32;
    %part/s 8;
    %pushi/vec4 13, 0, 8;
    %cmp/ne;
    %flag_get/vec4 6;
    %and;
T_30.311;
    %flag_set/vec4 8;
    %jmp/0xz T_30.310, 8;
    %load/vec4 v0x62d3130d5590_0;
    %addi 1, 0, 32;
    %store/vec4 v0x62d3130d5590_0, 0, 32;
    %jmp T_30.309;
T_30.310 ;
    %load/vec4 v0x62d3130d5590_0;
    %cmpi/ne 0, 0, 32;
    %jmp/0xz  T_30.314, 6;
    %load/vec4 v0x62d3130d5590_0;
    %subi 1, 0, 32;
    %store/vec4 v0x62d3130d5680_0, 0, 32;
    %jmp T_30.315;
T_30.314 ;
    %load/vec4 v0x62d3130d5590_0;
    %cmpi/e 0, 0, 32;
    %jmp/0xz  T_30.316, 4;
    %load/vec4 v0x62d3130d5590_0;
    %addi 1, 0, 32;
    %store/vec4 v0x62d3130d5680_0, 0, 32;
T_30.316 ;
T_30.315 ;
    %load/vec4 v0x62d3130d5680_0;
    %cmpi/s 0, 0, 32;
    %flag_or 5, 4;
    %jmp/1 T_30.320, 5;
    %flag_mov 8, 5;
    %load/vec4 v0x62d3130d5890_0;
    %load/vec4 v0x62d3130d5680_0;
    %muli 8, 0, 32;
    %part/s 8;
    %cmpi/e 0, 0, 8;
    %flag_or 4, 8;
    %flag_mov 5, 4;
T_30.320;
    %jmp/0xz  T_30.318, 5;
    %disable S_0x62d3130d4fd0;
T_30.318 ;
T_30.321 ;
    %load/vec4 v0x62d3130d5680_0;
    %cmpi/s 0, 0, 32;
    %flag_or 5, 4; GT is !LE
    %flag_inv 5;
    %flag_get/vec4 5;
    %jmp/0 T_30.323, 5;
    %load/vec4 v0x62d3130d5890_0;
    %load/vec4 v0x62d3130d5680_0;
    %muli 8, 0, 32;
    %part/s 8;
    %cmpi/e 32, 0, 8;
    %flag_get/vec4 4;
    %jmp/1 T_30.324, 4;
    %load/vec4 v0x62d3130d5890_0;
    %load/vec4 v0x62d3130d5680_0;
    %muli 8, 0, 32;
    %part/s 8;
    %pushi/vec4 9, 0, 8;
    %cmp/e;
    %flag_get/vec4 4;
    %or;
T_30.324;
    %and;
T_30.323;
    %flag_set/vec4 8;
    %jmp/0xz T_30.322, 8;
    %load/vec4 v0x62d3130d5590_0;
    %cmpi/e 0, 0, 32;
    %flag_mov 8, 4;
    %jmp/0 T_30.325, 8;
    %load/vec4 v0x62d3130d5680_0;
    %addi 1, 0, 32;
    %jmp/1 T_30.326, 8;
T_30.325 ; End of true expr.
    %load/vec4 v0x62d3130d5680_0;
    %subi 1, 0, 32;
    %jmp/0 T_30.326, 8;
 ; End of false expr.
    %blend;
T_30.326;
    %store/vec4 v0x62d3130d5680_0, 0, 32;
    %jmp T_30.321;
T_30.322 ;
    %load/vec4 v0x62d3130d5680_0;
    %store/vec4 v0x62d3130d54b0_0, 0, 32;
    %load/vec4 v0x62d3130d5590_0;
    %cmpi/e 0, 0, 32;
    %jmp/0xz  T_30.327, 4;
    %pushi/vec4 0, 0, 32;
    %store/vec4 v0x62d3130d53b0_0, 0, 32;
T_30.329 ;
    %load/vec4 v0x62d3130d53b0_0;
    %cmpi/s 256, 0, 32;
    %flag_get/vec4 5;
    %jmp/0 T_30.331, 5;
    %load/vec4 v0x62d3130d5890_0;
    %load/vec4 v0x62d3130d53b0_0;
    %muli 8, 0, 32;
    %part/s 8;
    %pushi/vec4 0, 0, 8;
    %cmp/ne;
    %flag_get/vec4 6;
    %and;
T_30.331;
    %flag_set/vec4 8;
    %jmp/0xz T_30.330, 8;
    %load/vec4 v0x62d3130d53b0_0;
    %addi 1, 0, 32;
    %store/vec4 v0x62d3130d53b0_0, 0, 32;
    %jmp T_30.329;
T_30.330 ;
T_30.332 ;
    %load/vec4 v0x62d3130d5890_0;
    %load/vec4 v0x62d3130d53b0_0;
    %muli 8, 0, 32;
    %part/s 8;
    %cmpi/e 32, 0, 8;
    %jmp/1 T_30.335, 4;
    %flag_mov 8, 4;
    %load/vec4 v0x62d3130d5890_0;
    %load/vec4 v0x62d3130d53b0_0;
    %muli 8, 0, 32;
    %part/s 8;
    %cmpi/e 9, 0, 8;
    %flag_or 4, 8;
T_30.335;
    %jmp/1 T_30.334, 4;
    %flag_mov 8, 4;
    %load/vec4 v0x62d3130d5890_0;
    %load/vec4 v0x62d3130d53b0_0;
    %muli 8, 0, 32;
    %part/s 8;
    %cmpi/e 0, 0, 8;
    %flag_or 4, 8;
T_30.334;
    %jmp/0xz T_30.333, 4;
    %load/vec4 v0x62d3130d53b0_0;
    %subi 1, 0, 32;
    %store/vec4 v0x62d3130d53b0_0, 0, 32;
    %jmp T_30.332;
T_30.333 ;
    %pushi/vec4 0, 0, 8;
    %load/vec4 v0x62d3130d53b0_0;
    %addi 1, 0, 32;
    %muli 8, 0, 32;
    %ix/vec4/s 4;
    %store/vec4 v0x62d3130d5890_0, 4, 8;
    %jmp T_30.328;
T_30.327 ;
    %pushi/vec4 0, 0, 8;
    %load/vec4 v0x62d3130d5590_0;
    %muli 8, 0, 32;
    %ix/vec4/s 4;
    %store/vec4 v0x62d3130d5890_0, 4, 8;
T_30.328 ;
T_30.336 ;
    %load/vec4 v0x62d3130d54b0_0;
    %cmpi/s 0, 0, 32;
    %flag_or 5, 4; GT is !LE
    %flag_inv 5;
    %flag_get/vec4 5;
    %jmp/0 T_30.338, 5;
    %load/vec4 v0x62d3130d5890_0;
    %load/vec4 v0x62d3130d54b0_0;
    %muli 8, 0, 32;
    %part/s 8;
    %cmpi/e 49, 0, 8;
    %flag_get/vec4 4;
    %jmp/1 T_30.339, 4;
    %load/vec4 v0x62d3130d5890_0;
    %load/vec4 v0x62d3130d54b0_0;
    %muli 8, 0, 32;
    %part/s 8;
    %pushi/vec4 48, 0, 8;
    %cmp/e;
    %flag_get/vec4 4;
    %or;
T_30.339;
    %and;
T_30.338;
    %flag_set/vec4 8;
    %jmp/0xz T_30.337, 8;
    %load/vec4 v0x62d3130d5590_0;
    %cmpi/e 0, 0, 32;
    %flag_mov 8, 4;
    %jmp/0 T_30.340, 8;
    %load/vec4 v0x62d3130d54b0_0;
    %addi 1, 0, 32;
    %jmp/1 T_30.341, 8;
T_30.340 ; End of true expr.
    %load/vec4 v0x62d3130d54b0_0;
    %subi 1, 0, 32;
    %jmp/0 T_30.341, 8;
 ; End of false expr.
    %blend;
T_30.341;
    %store/vec4 v0x62d3130d54b0_0, 0, 32;
    %jmp T_30.336;
T_30.337 ;
    %load/vec4 v0x62d3130d5890_0;
    %load/vec4 v0x62d3130d5680_0;
    %muli 8, 0, 32;
    %part/s 8;
    %cmpi/e 49, 0, 8;
    %jmp/1 T_30.345, 4;
    %flag_mov 8, 4;
    %load/vec4 v0x62d3130d5890_0;
    %load/vec4 v0x62d3130d5680_0;
    %muli 8, 0, 32;
    %part/s 8;
    %cmpi/e 48, 0, 8;
    %flag_or 4, 8;
T_30.345;
    %jmp/1 T_30.344, 4;
    %flag_mov 8, 4;
    %load/vec4 v0x62d3130d5890_0;
    %load/vec4 v0x62d3130d5680_0;
    %muli 8, 0, 32;
    %part/s 8;
    %cmpi/e 45, 0, 8;
    %flag_or 4, 8;
T_30.344;
    %jmp/0xz  T_30.342, 4;
    %pushi/vec4 0, 0, 32;
    %store/vec4 v0x62d3130d5760_0, 0, 32;
T_30.346 ;
    %load/vec4 v0x62d3130d5760_0;
    %load/vec4 v0x62d3130d5590_0;
    %cmpi/e 0, 0, 32;
    %flag_mov 8, 4;
    %jmp/0 T_30.348, 8;
    %load/vec4 v0x62d3130d54b0_0;
    %load/vec4 v0x62d3130d5680_0;
    %sub;
    %jmp/1 T_30.349, 8;
T_30.348 ; End of true expr.
    %load/vec4 v0x62d3130d5680_0;
    %load/vec4 v0x62d3130d54b0_0;
    %sub;
    %jmp/0 T_30.349, 8;
 ; End of false expr.
    %blend;
T_30.349;
    %cmp/s;
    %jmp/0xz T_30.347, 5;
    %load/vec4 v0x62d3130d5680_0;
    %cmpi/s 0, 0, 32;
    %flag_inv 5; GE is !LT
    %jmp/0xz  T_30.350, 5;
    %load/vec4 v0x62d3130d5590_0;
    %cmpi/e 0, 0, 32;
    %flag_mov 8, 4;
    %jmp/0 T_30.352, 8;
    %load/vec4 v0x62d3130d5890_0;
    %load/vec4 v0x62d3130d5680_0;
    %load/vec4 v0x62d3130d5760_0;
    %add;
    %muli 8, 0, 32;
    %part/s 8;
    %store/vec4 v0x62d3130d4c30_0, 0, 8;
    %callf/vec4 TD_tb_alu.num, S_0x62d3130d4a50;
    %jmp/1 T_30.353, 8;
T_30.352 ; End of true expr.
    %load/vec4 v0x62d3130d5890_0;
    %load/vec4 v0x62d3130d5680_0;
    %load/vec4 v0x62d3130d5760_0;
    %sub;
    %muli 8, 0, 32;
    %part/s 8;
    %store/vec4 v0x62d3130d4c30_0, 0, 8;
    %callf/vec4 TD_tb_alu.num, S_0x62d3130d4a50;
    %jmp/0 T_30.353, 8;
 ; End of false expr.
    %blend;
T_30.353;
    %ix/getv/s 4, v0x62d3130d5760_0;
    %store/vec4 v0x62d3130d6bd0_0, 4, 1;
T_30.350 ;
    ; show_stmt_assign_vector: Get l-value for compressed += operand
    %load/vec4 v0x62d3130d5760_0;
    %pushi/vec4 1, 0, 32;
    %add;
    %store/vec4 v0x62d3130d5760_0, 0, 32;
    %jmp T_30.346;
T_30.347 ;
T_30.342 ;
    %load/vec4 v0x62d3130d54b0_0;
    %store/vec4 v0x62d3130d5680_0, 0, 32;
T_30.354 ;
    %load/vec4 v0x62d3130d5680_0;
    %cmpi/s 0, 0, 32;
    %flag_or 5, 4; GT is !LE
    %flag_inv 5;
    %flag_get/vec4 5;
    %jmp/0 T_30.356, 5;
    %load/vec4 v0x62d3130d5890_0;
    %load/vec4 v0x62d3130d5680_0;
    %muli 8, 0, 32;
    %part/s 8;
    %cmpi/e 32, 0, 8;
    %flag_get/vec4 4;
    %jmp/1 T_30.357, 4;
    %load/vec4 v0x62d3130d5890_0;
    %load/vec4 v0x62d3130d5680_0;
    %muli 8, 0, 32;
    %part/s 8;
    %pushi/vec4 9, 0, 8;
    %cmp/e;
    %flag_get/vec4 4;
    %or;
T_30.357;
    %and;
T_30.356;
    %flag_set/vec4 8;
    %jmp/0xz T_30.355, 8;
    %load/vec4 v0x62d3130d5590_0;
    %cmpi/e 0, 0, 32;
    %flag_mov 8, 4;
    %jmp/0 T_30.358, 8;
    %load/vec4 v0x62d3130d5680_0;
    %addi 1, 0, 32;
    %jmp/1 T_30.359, 8;
T_30.358 ; End of true expr.
    %load/vec4 v0x62d3130d5680_0;
    %subi 1, 0, 32;
    %jmp/0 T_30.359, 8;
 ; End of false expr.
    %blend;
T_30.359;
    %store/vec4 v0x62d3130d5680_0, 0, 32;
    %jmp T_30.354;
T_30.355 ;
    %load/vec4 v0x62d3130d5680_0;
    %store/vec4 v0x62d3130d54b0_0, 0, 32;
T_30.360 ;
    %load/vec4 v0x62d3130d54b0_0;
    %cmpi/s 0, 0, 32;
    %flag_or 5, 4; GT is !LE
    %flag_inv 5;
    %flag_get/vec4 5;
    %jmp/0 T_30.362, 5;
    %load/vec4 v0x62d3130d5890_0;
    %load/vec4 v0x62d3130d54b0_0;
    %muli 8, 0, 32;
    %part/s 8;
    %cmpi/e 49, 0, 8;
    %flag_get/vec4 4;
    %jmp/1 T_30.363, 4;
    %load/vec4 v0x62d3130d5890_0;
    %load/vec4 v0x62d3130d54b0_0;
    %muli 8, 0, 32;
    %part/s 8;
    %pushi/vec4 48, 0, 8;
    %cmp/e;
    %flag_get/vec4 4;
    %or;
T_30.363;
    %and;
T_30.362;
    %flag_set/vec4 8;
    %jmp/0xz T_30.361, 8;
    %load/vec4 v0x62d3130d5590_0;
    %cmpi/e 0, 0, 32;
    %flag_mov 8, 4;
    %jmp/0 T_30.364, 8;
    %load/vec4 v0x62d3130d54b0_0;
    %addi 1, 0, 32;
    %jmp/1 T_30.365, 8;
T_30.364 ; End of true expr.
    %load/vec4 v0x62d3130d54b0_0;
    %subi 1, 0, 32;
    %jmp/0 T_30.365, 8;
 ; End of false expr.
    %blend;
T_30.365;
    %store/vec4 v0x62d3130d54b0_0, 0, 32;
    %jmp T_30.360;
T_30.361 ;
    %load/vec4 v0x62d3130d5890_0;
    %load/vec4 v0x62d3130d5680_0;
    %muli 8, 0, 32;
    %part/s 8;
    %cmpi/e 49, 0, 8;
    %jmp/1 T_30.369, 4;
    %flag_mov 8, 4;
    %load/vec4 v0x62d3130d5890_0;
    %load/vec4 v0x62d3130d5680_0;
    %muli 8, 0, 32;
    %part/s 8;
    %cmpi/e 48, 0, 8;
    %flag_or 4, 8;
T_30.369;
    %jmp/1 T_30.368, 4;
    %flag_mov 8, 4;
    %load/vec4 v0x62d3130d5890_0;
    %load/vec4 v0x62d3130d5680_0;
    %muli 8, 0, 32;
    %part/s 8;
    %cmpi/e 45, 0, 8;
    %flag_or 4, 8;
T_30.368;
    %jmp/0xz  T_30.366, 4;
    %pushi/vec4 0, 0, 32;
    %store/vec4 v0x62d3130d5760_0, 0, 32;
T_30.370 ;
    %load/vec4 v0x62d3130d5760_0;
    %load/vec4 v0x62d3130d5590_0;
    %cmpi/e 0, 0, 32;
    %flag_mov 8, 4;
    %jmp/0 T_30.372, 8;
    %load/vec4 v0x62d3130d54b0_0;
    %load/vec4 v0x62d3130d5680_0;
    %sub;
    %jmp/1 T_30.373, 8;
T_30.372 ; End of true expr.
    %load/vec4 v0x62d3130d5680_0;
    %load/vec4 v0x62d3130d54b0_0;
    %sub;
    %jmp/0 T_30.373, 8;
 ; End of false expr.
    %blend;
T_30.373;
    %cmp/s;
    %jmp/0xz T_30.371, 5;
    %load/vec4 v0x62d3130d5680_0;
    %cmpi/s 0, 0, 32;
    %flag_inv 5; GE is !LT
    %jmp/0xz  T_30.374, 5;
    %load/vec4 v0x62d3130d5590_0;
    %cmpi/e 0, 0, 32;
    %flag_mov 8, 4;
    %jmp/0 T_30.376, 8;
    %load/vec4 v0x62d3130d5890_0;
    %load/vec4 v0x62d3130d5680_0;
    %load/vec4 v0x62d3130d5760_0;
    %add;
    %muli 8, 0, 32;
    %part/s 8;
    %store/vec4 v0x62d3130d4c30_0, 0, 8;
    %callf/vec4 TD_tb_alu.num, S_0x62d3130d4a50;
    %jmp/1 T_30.377, 8;
T_30.376 ; End of true expr.
    %load/vec4 v0x62d3130d5890_0;
    %load/vec4 v0x62d3130d5680_0;
    %load/vec4 v0x62d3130d5760_0;
    %sub;
    %muli 8, 0, 32;
    %part/s 8;
    %store/vec4 v0x62d3130d4c30_0, 0, 8;
    %callf/vec4 TD_tb_alu.num, S_0x62d3130d4a50;
    %jmp/0 T_30.377, 8;
 ; End of false expr.
    %blend;
T_30.377;
    %ix/getv/s 4, v0x62d3130d5760_0;
    %store/vec4 v0x62d3130d6430_0, 4, 1;
T_30.374 ;
    ; show_stmt_assign_vector: Get l-value for compressed += operand
    %load/vec4 v0x62d3130d5760_0;
    %pushi/vec4 1, 0, 32;
    %add;
    %store/vec4 v0x62d3130d5760_0, 0, 32;
    %jmp T_30.370;
T_30.371 ;
T_30.366 ;
    %load/vec4 v0x62d3130d54b0_0;
    %store/vec4 v0x62d3130d5680_0, 0, 32;
T_30.378 ;
    %load/vec4 v0x62d3130d5680_0;
    %cmpi/s 0, 0, 32;
    %flag_or 5, 4; GT is !LE
    %flag_inv 5;
    %flag_get/vec4 5;
    %jmp/0 T_30.380, 5;
    %load/vec4 v0x62d3130d5890_0;
    %load/vec4 v0x62d3130d5680_0;
    %muli 8, 0, 32;
    %part/s 8;
    %cmpi/e 32, 0, 8;
    %flag_get/vec4 4;
    %jmp/1 T_30.381, 4;
    %load/vec4 v0x62d3130d5890_0;
    %load/vec4 v0x62d3130d5680_0;
    %muli 8, 0, 32;
    %part/s 8;
    %pushi/vec4 9, 0, 8;
    %cmp/e;
    %flag_get/vec4 4;
    %or;
T_30.381;
    %and;
T_30.380;
    %flag_set/vec4 8;
    %jmp/0xz T_30.379, 8;
    %load/vec4 v0x62d3130d5590_0;
    %cmpi/e 0, 0, 32;
    %flag_mov 8, 4;
    %jmp/0 T_30.382, 8;
    %load/vec4 v0x62d3130d5680_0;
    %addi 1, 0, 32;
    %jmp/1 T_30.383, 8;
T_30.382 ; End of true expr.
    %load/vec4 v0x62d3130d5680_0;
    %subi 1, 0, 32;
    %jmp/0 T_30.383, 8;
 ; End of false expr.
    %blend;
T_30.383;
    %store/vec4 v0x62d3130d5680_0, 0, 32;
    %jmp T_30.378;
T_30.379 ;
    %load/vec4 v0x62d3130d5680_0;
    %store/vec4 v0x62d3130d54b0_0, 0, 32;
T_30.384 ;
    %load/vec4 v0x62d3130d54b0_0;
    %cmpi/s 0, 0, 32;
    %flag_or 5, 4; GT is !LE
    %flag_inv 5;
    %flag_get/vec4 5;
    %jmp/0 T_30.386, 5;
    %load/vec4 v0x62d3130d5890_0;
    %load/vec4 v0x62d3130d54b0_0;
    %muli 8, 0, 32;
    %part/s 8;
    %cmpi/e 49, 0, 8;
    %flag_get/vec4 4;
    %jmp/1 T_30.387, 4;
    %load/vec4 v0x62d3130d5890_0;
    %load/vec4 v0x62d3130d54b0_0;
    %muli 8, 0, 32;
    %part/s 8;
    %pushi/vec4 48, 0, 8;
    %cmp/e;
    %flag_get/vec4 4;
    %or;
T_30.387;
    %and;
T_30.386;
    %flag_set/vec4 8;
    %jmp/0xz T_30.385, 8;
    %load/vec4 v0x62d3130d5590_0;
    %cmpi/e 0, 0, 32;
    %flag_mov 8, 4;
    %jmp/0 T_30.388, 8;
    %load/vec4 v0x62d3130d54b0_0;
    %addi 1, 0, 32;
    %jmp/1 T_30.389, 8;
T_30.388 ; End of true expr.
    %load/vec4 v0x62d3130d54b0_0;
    %subi 1, 0, 32;
    %jmp/0 T_30.389, 8;
 ; End of false expr.
    %blend;
T_30.389;
    %store/vec4 v0x62d3130d54b0_0, 0, 32;
    %jmp T_30.384;
T_30.385 ;
    %load/vec4 v0x62d3130d5890_0;
    %load/vec4 v0x62d3130d5680_0;
    %muli 8, 0, 32;
    %part/s 8;
    %cmpi/e 49, 0, 8;
    %jmp/1 T_30.393, 4;
    %flag_mov 8, 4;
    %load/vec4 v0x62d3130d5890_0;
    %load/vec4 v0x62d3130d5680_0;
    %muli 8, 0, 32;
    %part/s 8;
    %cmpi/e 48, 0, 8;
    %flag_or 4, 8;
T_30.393;
    %jmp/1 T_30.392, 4;
    %flag_mov 8, 4;
    %load/vec4 v0x62d3130d5890_0;
    %load/vec4 v0x62d3130d5680_0;
    %muli 8, 0, 32;
    %part/s 8;
    %cmpi/e 45, 0, 8;
    %flag_or 4, 8;
T_30.392;
    %jmp/0xz  T_30.390, 4;
    %pushi/vec4 0, 0, 32;
    %store/vec4 v0x62d3130d5760_0, 0, 32;
T_30.394 ;
    %load/vec4 v0x62d3130d5760_0;
    %load/vec4 v0x62d3130d5590_0;
    %cmpi/e 0, 0, 32;
    %flag_mov 8, 4;
    %jmp/0 T_30.396, 8;
    %load/vec4 v0x62d3130d54b0_0;
    %load/vec4 v0x62d3130d5680_0;
    %sub;
    %jmp/1 T_30.397, 8;
T_30.396 ; End of true expr.
    %load/vec4 v0x62d3130d5680_0;
    %load/vec4 v0x62d3130d54b0_0;
    %sub;
    %jmp/0 T_30.397, 8;
 ; End of false expr.
    %blend;
T_30.397;
    %cmp/s;
    %jmp/0xz T_30.395, 5;
    %load/vec4 v0x62d3130d5680_0;
    %cmpi/s 0, 0, 32;
    %flag_inv 5; GE is !LT
    %jmp/0xz  T_30.398, 5;
    %load/vec4 v0x62d3130d5590_0;
    %cmpi/e 0, 0, 32;
    %flag_mov 8, 4;
    %jmp/0 T_30.400, 8;
    %load/vec4 v0x62d3130d5890_0;
    %load/vec4 v0x62d3130d5680_0;
    %load/vec4 v0x62d3130d5760_0;
    %add;
    %muli 8, 0, 32;
    %part/s 8;
    %store/vec4 v0x62d3130d4c30_0, 0, 8;
    %callf/vec4 TD_tb_alu.num, S_0x62d3130d4a50;
    %jmp/1 T_30.401, 8;
T_30.400 ; End of true expr.
    %load/vec4 v0x62d3130d5890_0;
    %load/vec4 v0x62d3130d5680_0;
    %load/vec4 v0x62d3130d5760_0;
    %sub;
    %muli 8, 0, 32;
    %part/s 8;
    %store/vec4 v0x62d3130d4c30_0, 0, 8;
    %callf/vec4 TD_tb_alu.num, S_0x62d3130d4a50;
    %jmp/0 T_30.401, 8;
 ; End of false expr.
    %blend;
T_30.401;
    %ix/getv/s 4, v0x62d3130d5760_0;
    %store/vec4 v0x62d3130d61a0_0, 4, 1;
T_30.398 ;
    ; show_stmt_assign_vector: Get l-value for compressed += operand
    %load/vec4 v0x62d3130d5760_0;
    %pushi/vec4 1, 0, 32;
    %add;
    %store/vec4 v0x62d3130d5760_0, 0, 32;
    %jmp T_30.394;
T_30.395 ;
T_30.390 ;
    %load/vec4 v0x62d3130d54b0_0;
    %store/vec4 v0x62d3130d5680_0, 0, 32;
T_30.402 ;
    %load/vec4 v0x62d3130d5680_0;
    %cmpi/s 0, 0, 32;
    %flag_or 5, 4; GT is !LE
    %flag_inv 5;
    %flag_get/vec4 5;
    %jmp/0 T_30.404, 5;
    %load/vec4 v0x62d3130d5890_0;
    %load/vec4 v0x62d3130d5680_0;
    %muli 8, 0, 32;
    %part/s 8;
    %cmpi/e 32, 0, 8;
    %flag_get/vec4 4;
    %jmp/1 T_30.405, 4;
    %load/vec4 v0x62d3130d5890_0;
    %load/vec4 v0x62d3130d5680_0;
    %muli 8, 0, 32;
    %part/s 8;
    %pushi/vec4 9, 0, 8;
    %cmp/e;
    %flag_get/vec4 4;
    %or;
T_30.405;
    %and;
T_30.404;
    %flag_set/vec4 8;
    %jmp/0xz T_30.403, 8;
    %load/vec4 v0x62d3130d5590_0;
    %cmpi/e 0, 0, 32;
    %flag_mov 8, 4;
    %jmp/0 T_30.406, 8;
    %load/vec4 v0x62d3130d5680_0;
    %addi 1, 0, 32;
    %jmp/1 T_30.407, 8;
T_30.406 ; End of true expr.
    %load/vec4 v0x62d3130d5680_0;
    %subi 1, 0, 32;
    %jmp/0 T_30.407, 8;
 ; End of false expr.
    %blend;
T_30.407;
    %store/vec4 v0x62d3130d5680_0, 0, 32;
    %jmp T_30.402;
T_30.403 ;
    %load/vec4 v0x62d3130d5680_0;
    %store/vec4 v0x62d3130d54b0_0, 0, 32;
T_30.408 ;
    %load/vec4 v0x62d3130d54b0_0;
    %cmpi/s 0, 0, 32;
    %flag_or 5, 4; GT is !LE
    %flag_inv 5;
    %flag_get/vec4 5;
    %jmp/0 T_30.410, 5;
    %load/vec4 v0x62d3130d5890_0;
    %load/vec4 v0x62d3130d54b0_0;
    %muli 8, 0, 32;
    %part/s 8;
    %cmpi/e 49, 0, 8;
    %flag_get/vec4 4;
    %jmp/1 T_30.411, 4;
    %load/vec4 v0x62d3130d5890_0;
    %load/vec4 v0x62d3130d54b0_0;
    %muli 8, 0, 32;
    %part/s 8;
    %pushi/vec4 48, 0, 8;
    %cmp/e;
    %flag_get/vec4 4;
    %or;
T_30.411;
    %and;
T_30.410;
    %flag_set/vec4 8;
    %jmp/0xz T_30.409, 8;
    %load/vec4 v0x62d3130d5590_0;
    %cmpi/e 0, 0, 32;
    %flag_mov 8, 4;
    %jmp/0 T_30.412, 8;
    %load/vec4 v0x62d3130d54b0_0;
    %addi 1, 0, 32;
    %jmp/1 T_30.413, 8;
T_30.412 ; End of true expr.
    %load/vec4 v0x62d3130d54b0_0;
    %subi 1, 0, 32;
    %jmp/0 T_30.413, 8;
 ; End of false expr.
    %blend;
T_30.413;
    %store/vec4 v0x62d3130d54b0_0, 0, 32;
    %jmp T_30.408;
T_30.409 ;
    %load/vec4 v0x62d3130d5890_0;
    %load/vec4 v0x62d3130d5680_0;
    %muli 8, 0, 32;
    %part/s 8;
    %cmpi/e 49, 0, 8;
    %jmp/1 T_30.417, 4;
    %flag_mov 8, 4;
    %load/vec4 v0x62d3130d5890_0;
    %load/vec4 v0x62d3130d5680_0;
    %muli 8, 0, 32;
    %part/s 8;
    %cmpi/e 48, 0, 8;
    %flag_or 4, 8;
T_30.417;
    %jmp/1 T_30.416, 4;
    %flag_mov 8, 4;
    %load/vec4 v0x62d3130d5890_0;
    %load/vec4 v0x62d3130d5680_0;
    %muli 8, 0, 32;
    %part/s 8;
    %cmpi/e 45, 0, 8;
    %flag_or 4, 8;
T_30.416;
    %jmp/0xz  T_30.414, 4;
    %pushi/vec4 0, 0, 32;
    %store/vec4 v0x62d3130d5760_0, 0, 32;
T_30.418 ;
    %load/vec4 v0x62d3130d5760_0;
    %load/vec4 v0x62d3130d5590_0;
    %cmpi/e 0, 0, 32;
    %flag_mov 8, 4;
    %jmp/0 T_30.420, 8;
    %load/vec4 v0x62d3130d54b0_0;
    %load/vec4 v0x62d3130d5680_0;
    %sub;
    %jmp/1 T_30.421, 8;
T_30.420 ; End of true expr.
    %load/vec4 v0x62d3130d5680_0;
    %load/vec4 v0x62d3130d54b0_0;
    %sub;
    %jmp/0 T_30.421, 8;
 ; End of false expr.
    %blend;
T_30.421;
    %cmp/s;
    %jmp/0xz T_30.419, 5;
    %load/vec4 v0x62d3130d5680_0;
    %cmpi/s 0, 0, 32;
    %flag_inv 5; GE is !LT
    %jmp/0xz  T_30.422, 5;
    %load/vec4 v0x62d3130d5590_0;
    %cmpi/e 0, 0, 32;
    %flag_mov 8, 4;
    %jmp/0 T_30.424, 8;
    %load/vec4 v0x62d3130d5890_0;
    %load/vec4 v0x62d3130d5680_0;
    %load/vec4 v0x62d3130d5760_0;
    %add;
    %muli 8, 0, 32;
    %part/s 8;
    %store/vec4 v0x62d3130d4c30_0, 0, 8;
    %callf/vec4 TD_tb_alu.num, S_0x62d3130d4a50;
    %jmp/1 T_30.425, 8;
T_30.424 ; End of true expr.
    %load/vec4 v0x62d3130d5890_0;
    %load/vec4 v0x62d3130d5680_0;
    %load/vec4 v0x62d3130d5760_0;
    %sub;
    %muli 8, 0, 32;
    %part/s 8;
    %store/vec4 v0x62d3130d4c30_0, 0, 8;
    %callf/vec4 TD_tb_alu.num, S_0x62d3130d4a50;
    %jmp/0 T_30.425, 8;
 ; End of false expr.
    %blend;
T_30.425;
    %ix/getv/s 4, v0x62d3130d5760_0;
    %store/vec4 v0x62d3130d6d50_0, 4, 1;
T_30.422 ;
    ; show_stmt_assign_vector: Get l-value for compressed += operand
    %load/vec4 v0x62d3130d5760_0;
    %pushi/vec4 1, 0, 32;
    %add;
    %store/vec4 v0x62d3130d5760_0, 0, 32;
    %jmp T_30.418;
T_30.419 ;
T_30.414 ;
    %load/vec4 v0x62d3130d54b0_0;
    %store/vec4 v0x62d3130d5680_0, 0, 32;
T_30.426 ;
    %load/vec4 v0x62d3130d5680_0;
    %cmpi/s 0, 0, 32;
    %flag_or 5, 4; GT is !LE
    %flag_inv 5;
    %flag_get/vec4 5;
    %jmp/0 T_30.428, 5;
    %load/vec4 v0x62d3130d5890_0;
    %load/vec4 v0x62d3130d5680_0;
    %muli 8, 0, 32;
    %part/s 8;
    %cmpi/e 32, 0, 8;
    %flag_get/vec4 4;
    %jmp/1 T_30.429, 4;
    %load/vec4 v0x62d3130d5890_0;
    %load/vec4 v0x62d3130d5680_0;
    %muli 8, 0, 32;
    %part/s 8;
    %pushi/vec4 9, 0, 8;
    %cmp/e;
    %flag_get/vec4 4;
    %or;
T_30.429;
    %and;
T_30.428;
    %flag_set/vec4 8;
    %jmp/0xz T_30.427, 8;
    %load/vec4 v0x62d3130d5590_0;
    %cmpi/e 0, 0, 32;
    %flag_mov 8, 4;
    %jmp/0 T_30.430, 8;
    %load/vec4 v0x62d3130d5680_0;
    %addi 1, 0, 32;
    %jmp/1 T_30.431, 8;
T_30.430 ; End of true expr.
    %load/vec4 v0x62d3130d5680_0;
    %subi 1, 0, 32;
    %jmp/0 T_30.431, 8;
 ; End of false expr.
    %blend;
T_30.431;
    %store/vec4 v0x62d3130d5680_0, 0, 32;
    %jmp T_30.426;
T_30.427 ;
    %load/vec4 v0x62d3130d5680_0;
    %store/vec4 v0x62d3130d54b0_0, 0, 32;
T_30.432 ;
    %load/vec4 v0x62d3130d54b0_0;
    %cmpi/s 0, 0, 32;
    %flag_or 5, 4; GT is !LE
    %flag_inv 5;
    %flag_get/vec4 5;
    %jmp/0 T_30.434, 5;
    %load/vec4 v0x62d3130d5890_0;
    %load/vec4 v0x62d3130d54b0_0;
    %muli 8, 0, 32;
    %part/s 8;
    %cmpi/e 49, 0, 8;
    %flag_get/vec4 4;
    %jmp/1 T_30.435, 4;
    %load/vec4 v0x62d3130d5890_0;
    %load/vec4 v0x62d3130d54b0_0;
    %muli 8, 0, 32;
    %part/s 8;
    %pushi/vec4 48, 0, 8;
    %cmp/e;
    %flag_get/vec4 4;
    %or;
T_30.435;
    %and;
T_30.434;
    %flag_set/vec4 8;
    %jmp/0xz T_30.433, 8;
    %load/vec4 v0x62d3130d5590_0;
    %cmpi/e 0, 0, 32;
    %flag_mov 8, 4;
    %jmp/0 T_30.436, 8;
    %load/vec4 v0x62d3130d54b0_0;
    %addi 1, 0, 32;
    %jmp/1 T_30.437, 8;
T_30.436 ; End of true expr.
    %load/vec4 v0x62d3130d54b0_0;
    %subi 1, 0, 32;
    %jmp/0 T_30.437, 8;
 ; End of false expr.
    %blend;
T_30.437;
    %store/vec4 v0x62d3130d54b0_0, 0, 32;
    %jmp T_30.432;
T_30.433 ;
    %load/vec4 v0x62d3130d5890_0;
    %load/vec4 v0x62d3130d5680_0;
    %muli 8, 0, 32;
    %part/s 8;
    %cmpi/e 49, 0, 8;
    %jmp/1 T_30.441, 4;
    %flag_mov 8, 4;
    %load/vec4 v0x62d3130d5890_0;
    %load/vec4 v0x62d3130d5680_0;
    %muli 8, 0, 32;
    %part/s 8;
    %cmpi/e 48, 0, 8;
    %flag_or 4, 8;
T_30.441;
    %jmp/1 T_30.440, 4;
    %flag_mov 8, 4;
    %load/vec4 v0x62d3130d5890_0;
    %load/vec4 v0x62d3130d5680_0;
    %muli 8, 0, 32;
    %part/s 8;
    %cmpi/e 45, 0, 8;
    %flag_or 4, 8;
T_30.440;
    %jmp/0xz  T_30.438, 4;
    %pushi/vec4 0, 0, 32;
    %store/vec4 v0x62d3130d5760_0, 0, 32;
T_30.442 ;
    %load/vec4 v0x62d3130d5760_0;
    %load/vec4 v0x62d3130d5590_0;
    %cmpi/e 0, 0, 32;
    %flag_mov 8, 4;
    %jmp/0 T_30.444, 8;
    %load/vec4 v0x62d3130d54b0_0;
    %load/vec4 v0x62d3130d5680_0;
    %sub;
    %jmp/1 T_30.445, 8;
T_30.444 ; End of true expr.
    %load/vec4 v0x62d3130d5680_0;
    %load/vec4 v0x62d3130d54b0_0;
    %sub;
    %jmp/0 T_30.445, 8;
 ; End of false expr.
    %blend;
T_30.445;
    %cmp/s;
    %jmp/0xz T_30.443, 5;
    %load/vec4 v0x62d3130d5680_0;
    %cmpi/s 0, 0, 32;
    %flag_inv 5; GE is !LT
    %jmp/0xz  T_30.446, 5;
    %load/vec4 v0x62d3130d5590_0;
    %cmpi/e 0, 0, 32;
    %flag_mov 8, 4;
    %jmp/0 T_30.448, 8;
    %load/vec4 v0x62d3130d5890_0;
    %load/vec4 v0x62d3130d5680_0;
    %load/vec4 v0x62d3130d5760_0;
    %add;
    %muli 8, 0, 32;
    %part/s 8;
    %store/vec4 v0x62d3130d4c30_0, 0, 8;
    %callf/vec4 TD_tb_alu.num, S_0x62d3130d4a50;
    %jmp/1 T_30.449, 8;
T_30.448 ; End of true expr.
    %load/vec4 v0x62d3130d5890_0;
    %load/vec4 v0x62d3130d5680_0;
    %load/vec4 v0x62d3130d5760_0;
    %sub;
    %muli 8, 0, 32;
    %part/s 8;
    %store/vec4 v0x62d3130d4c30_0, 0, 8;
    %callf/vec4 TD_tb_alu.num, S_0x62d3130d4a50;
    %jmp/0 T_30.449, 8;
 ; End of false expr.
    %blend;
T_30.449;
    %store/vec4 v0x62d3130d66e0_0, 0, 1;
T_30.446 ;
    ; show_stmt_assign_vector: Get l-value for compressed += operand
    %load/vec4 v0x62d3130d5760_0;
    %pushi/vec4 1, 0, 32;
    %add;
    %store/vec4 v0x62d3130d5760_0, 0, 32;
    %jmp T_30.442;
T_30.443 ;
T_30.438 ;
    %load/vec4 v0x62d3130d54b0_0;
    %store/vec4 v0x62d3130d5680_0, 0, 32;
T_30.450 ;
    %load/vec4 v0x62d3130d5680_0;
    %cmpi/s 0, 0, 32;
    %flag_or 5, 4; GT is !LE
    %flag_inv 5;
    %flag_get/vec4 5;
    %jmp/0 T_30.452, 5;
    %load/vec4 v0x62d3130d5890_0;
    %load/vec4 v0x62d3130d5680_0;
    %muli 8, 0, 32;
    %part/s 8;
    %cmpi/e 32, 0, 8;
    %flag_get/vec4 4;
    %jmp/1 T_30.453, 4;
    %load/vec4 v0x62d3130d5890_0;
    %load/vec4 v0x62d3130d5680_0;
    %muli 8, 0, 32;
    %part/s 8;
    %pushi/vec4 9, 0, 8;
    %cmp/e;
    %flag_get/vec4 4;
    %or;
T_30.453;
    %and;
T_30.452;
    %flag_set/vec4 8;
    %jmp/0xz T_30.451, 8;
    %load/vec4 v0x62d3130d5590_0;
    %cmpi/e 0, 0, 32;
    %flag_mov 8, 4;
    %jmp/0 T_30.454, 8;
    %load/vec4 v0x62d3130d5680_0;
    %addi 1, 0, 32;
    %jmp/1 T_30.455, 8;
T_30.454 ; End of true expr.
    %load/vec4 v0x62d3130d5680_0;
    %subi 1, 0, 32;
    %jmp/0 T_30.455, 8;
 ; End of false expr.
    %blend;
T_30.455;
    %store/vec4 v0x62d3130d5680_0, 0, 32;
    %jmp T_30.450;
T_30.451 ;
    %load/vec4 v0x62d3130d5680_0;
    %store/vec4 v0x62d3130d54b0_0, 0, 32;
T_30.456 ;
    %load/vec4 v0x62d3130d54b0_0;
    %cmpi/s 0, 0, 32;
    %flag_or 5, 4; GT is !LE
    %flag_inv 5;
    %flag_get/vec4 5;
    %jmp/0 T_30.458, 5;
    %load/vec4 v0x62d3130d5890_0;
    %load/vec4 v0x62d3130d54b0_0;
    %muli 8, 0, 32;
    %part/s 8;
    %cmpi/e 49, 0, 8;
    %flag_get/vec4 4;
    %jmp/1 T_30.459, 4;
    %load/vec4 v0x62d3130d5890_0;
    %load/vec4 v0x62d3130d54b0_0;
    %muli 8, 0, 32;
    %part/s 8;
    %pushi/vec4 48, 0, 8;
    %cmp/e;
    %flag_get/vec4 4;
    %or;
T_30.459;
    %and;
T_30.458;
    %flag_set/vec4 8;
    %jmp/0xz T_30.457, 8;
    %load/vec4 v0x62d3130d5590_0;
    %cmpi/e 0, 0, 32;
    %flag_mov 8, 4;
    %jmp/0 T_30.460, 8;
    %load/vec4 v0x62d3130d54b0_0;
    %addi 1, 0, 32;
    %jmp/1 T_30.461, 8;
T_30.460 ; End of true expr.
    %load/vec4 v0x62d3130d54b0_0;
    %subi 1, 0, 32;
    %jmp/0 T_30.461, 8;
 ; End of false expr.
    %blend;
T_30.461;
    %store/vec4 v0x62d3130d54b0_0, 0, 32;
    %jmp T_30.456;
T_30.457 ;
    %load/vec4 v0x62d3130d5890_0;
    %load/vec4 v0x62d3130d5680_0;
    %muli 8, 0, 32;
    %part/s 8;
    %cmpi/e 49, 0, 8;
    %jmp/1 T_30.465, 4;
    %flag_mov 8, 4;
    %load/vec4 v0x62d3130d5890_0;
    %load/vec4 v0x62d3130d5680_0;
    %muli 8, 0, 32;
    %part/s 8;
    %cmpi/e 48, 0, 8;
    %flag_or 4, 8;
T_30.465;
    %jmp/1 T_30.464, 4;
    %flag_mov 8, 4;
    %load/vec4 v0x62d3130d5890_0;
    %load/vec4 v0x62d3130d5680_0;
    %muli 8, 0, 32;
    %part/s 8;
    %cmpi/e 45, 0, 8;
    %flag_or 4, 8;
T_30.464;
    %jmp/0xz  T_30.462, 4;
    %pushi/vec4 0, 0, 32;
    %store/vec4 v0x62d3130d5760_0, 0, 32;
T_30.466 ;
    %load/vec4 v0x62d3130d5760_0;
    %load/vec4 v0x62d3130d5590_0;
    %cmpi/e 0, 0, 32;
    %flag_mov 8, 4;
    %jmp/0 T_30.468, 8;
    %load/vec4 v0x62d3130d54b0_0;
    %load/vec4 v0x62d3130d5680_0;
    %sub;
    %jmp/1 T_30.469, 8;
T_30.468 ; End of true expr.
    %load/vec4 v0x62d3130d5680_0;
    %load/vec4 v0x62d3130d54b0_0;
    %sub;
    %jmp/0 T_30.469, 8;
 ; End of false expr.
    %blend;
T_30.469;
    %cmp/s;
    %jmp/0xz T_30.467, 5;
    %load/vec4 v0x62d3130d5680_0;
    %cmpi/s 0, 0, 32;
    %flag_inv 5; GE is !LT
    %jmp/0xz  T_30.470, 5;
    %load/vec4 v0x62d3130d5590_0;
    %cmpi/e 0, 0, 32;
    %flag_mov 8, 4;
    %jmp/0 T_30.472, 8;
    %load/vec4 v0x62d3130d5890_0;
    %load/vec4 v0x62d3130d5680_0;
    %load/vec4 v0x62d3130d5760_0;
    %add;
    %muli 8, 0, 32;
    %part/s 8;
    %store/vec4 v0x62d3130d4c30_0, 0, 8;
    %callf/vec4 TD_tb_alu.num, S_0x62d3130d4a50;
    %jmp/1 T_30.473, 8;
T_30.472 ; End of true expr.
    %load/vec4 v0x62d3130d5890_0;
    %load/vec4 v0x62d3130d5680_0;
    %load/vec4 v0x62d3130d5760_0;
    %sub;
    %muli 8, 0, 32;
    %part/s 8;
    %store/vec4 v0x62d3130d4c30_0, 0, 8;
    %callf/vec4 TD_tb_alu.num, S_0x62d3130d4a50;
    %jmp/0 T_30.473, 8;
 ; End of false expr.
    %blend;
T_30.473;
    %store/vec4 v0x62d3130d6cb0_0, 0, 1;
T_30.470 ;
    ; show_stmt_assign_vector: Get l-value for compressed += operand
    %load/vec4 v0x62d3130d5760_0;
    %pushi/vec4 1, 0, 32;
    %add;
    %store/vec4 v0x62d3130d5760_0, 0, 32;
    %jmp T_30.466;
T_30.467 ;
T_30.462 ;
    %load/vec4 v0x62d3130d54b0_0;
    %store/vec4 v0x62d3130d5680_0, 0, 32;
T_30.474 ;
    %load/vec4 v0x62d3130d5680_0;
    %cmpi/s 0, 0, 32;
    %flag_or 5, 4; GT is !LE
    %flag_inv 5;
    %flag_get/vec4 5;
    %jmp/0 T_30.476, 5;
    %load/vec4 v0x62d3130d5890_0;
    %load/vec4 v0x62d3130d5680_0;
    %muli 8, 0, 32;
    %part/s 8;
    %cmpi/e 32, 0, 8;
    %flag_get/vec4 4;
    %jmp/1 T_30.477, 4;
    %load/vec4 v0x62d3130d5890_0;
    %load/vec4 v0x62d3130d5680_0;
    %muli 8, 0, 32;
    %part/s 8;
    %pushi/vec4 9, 0, 8;
    %cmp/e;
    %flag_get/vec4 4;
    %or;
T_30.477;
    %and;
T_30.476;
    %flag_set/vec4 8;
    %jmp/0xz T_30.475, 8;
    %load/vec4 v0x62d3130d5590_0;
    %cmpi/e 0, 0, 32;
    %flag_mov 8, 4;
    %jmp/0 T_30.478, 8;
    %load/vec4 v0x62d3130d5680_0;
    %addi 1, 0, 32;
    %jmp/1 T_30.479, 8;
T_30.478 ; End of true expr.
    %load/vec4 v0x62d3130d5680_0;
    %subi 1, 0, 32;
    %jmp/0 T_30.479, 8;
 ; End of false expr.
    %blend;
T_30.479;
    %store/vec4 v0x62d3130d5680_0, 0, 32;
    %jmp T_30.474;
T_30.475 ;
    %load/vec4 v0x62d3130d5680_0;
    %store/vec4 v0x62d3130d54b0_0, 0, 32;
    %pushi/vec4 0, 0, 32;
    %store/vec4 v0x62d3130d5760_0, 0, 32;
T_30.480 ;
    %load/vec4 v0x62d3130d5760_0;
    %load/vec4 v0x62d3130d53b0_0;
    %load/vec4 v0x62d3130d5680_0;
    %sub;
    %addi 1, 0, 32;
    %cmp/s;
    %jmp/0xz T_30.481, 5;
    %load/vec4 v0x62d3130d5890_0;
    %load/vec4 v0x62d3130d5680_0;
    %load/vec4 v0x62d3130d5760_0;
    %add;
    %muli 8, 0, 32;
    %part/s 8;
    %load/vec4 v0x62d3130d5760_0;
    %muli 8, 0, 32;
    %ix/vec4/s 4;
    %store/vec4 v0x62d3130d64d0_0, 4, 8;
    ; show_stmt_assign_vector: Get l-value for compressed += operand
    %load/vec4 v0x62d3130d5760_0;
    %pushi/vec4 1, 0, 32;
    %add;
    %store/vec4 v0x62d3130d5760_0, 0, 32;
    %jmp T_30.480;
T_30.481 ;
    %end;
    .scope S_0x62d3130d4fd0;
t_4 %join;
    %end;
S_0x62d3130d51b0 .scope begin, "$unm_blk_15" "$unm_blk_15" 4 372, 4 372 0, S_0x62d3130d4fd0;
 .timescale -9 -11;
v0x62d3130d53b0_0 .var/i "a", 31 0;
v0x62d3130d54b0_0 .var/i "c", 31 0;
v0x62d3130d5590_0 .var/i "cut", 31 0;
v0x62d3130d5680_0 .var/i "idx", 31 0;
v0x62d3130d5760_0 .var/i "j", 31 0;
v0x62d3130d5890_0 .var "line", 2047 0;
S_0x62d3130d5970 .scope task, "vectorcount" "vectorcount" 4 811, 4 811 0, S_0x62d3130a2e60;
 .timescale -9 -11;
TD_tb_alu.vectorcount ;
    %load/vec4 v0x62d3130d6ed0_0;
    %addi 1, 0, 32;
    %store/vec4 v0x62d3130d6ed0_0, 0, 32;
    %end;
S_0x62d3130d5b50 .scope function.vec4.s1, "x_general" "x_general" 4 319, 4 319 0, S_0x62d3130a2e60;
 .timescale -9 -11;
v0x62d3130d5d30_0 .var "A", 3 0;
v0x62d3130d5e30_0 .var "B", 3 0;
v0x62d3130d5f10_0 .var "CI_BAR", 0 0;
v0x62d3130d5fb0_0 .var "S", 3 0;
; Variable x_general is vec4 return value of scope S_0x62d3130d5b50
TD_tb_alu.x_general ;
    %pushi/vec4 9, 0, 4;
    %store/vec4 v0x62d3130d5fb0_0, 0, 4;
    %load/vec4 v0x62d3130d5d30_0;
    %parti/s 1, 3, 3;
    %load/vec4 v0x62d3130d5e30_0;
    %parti/s 1, 3, 3;
    %load/vec4 v0x62d3130d5fb0_0;
    %store/vec4 v0x62d3130d4370_0, 0, 4;
    %store/vec4 v0x62d3130d42b0_0, 0, 1;
    %store/vec4 v0x62d3130d41d0_0, 0, 1;
    %callf/vec4 TD_tb_alu.input_out1, S_0x62d3130d3ff0;
    %flag_set/vec4 11;
    %flag_get/vec4 11;
    %jmp/0 T_32.485, 11;
    %load/vec4 v0x62d3130d5d30_0;
    %parti/s 1, 2, 3;
    %load/vec4 v0x62d3130d5e30_0;
    %parti/s 1, 2, 3;
    %load/vec4 v0x62d3130d5fb0_0;
    %store/vec4 v0x62d3130d4370_0, 0, 4;
    %store/vec4 v0x62d3130d42b0_0, 0, 1;
    %store/vec4 v0x62d3130d41d0_0, 0, 1;
    %callf/vec4 TD_tb_alu.input_out1, S_0x62d3130d3ff0;
    %and;
T_32.485;
    %flag_set/vec4 10;
    %flag_get/vec4 10;
    %jmp/0 T_32.484, 10;
    %load/vec4 v0x62d3130d5d30_0;
    %parti/s 1, 1, 2;
    %load/vec4 v0x62d3130d5e30_0;
    %parti/s 1, 1, 2;
    %load/vec4 v0x62d3130d5fb0_0;
    %store/vec4 v0x62d3130d4370_0, 0, 4;
    %store/vec4 v0x62d3130d42b0_0, 0, 1;
    %store/vec4 v0x62d3130d41d0_0, 0, 1;
    %callf/vec4 TD_tb_alu.input_out1, S_0x62d3130d3ff0;
    %and;
T_32.484;
    %flag_set/vec4 9;
    %flag_get/vec4 9;
    %jmp/0 T_32.483, 9;
    %load/vec4 v0x62d3130d5d30_0;
    %parti/s 1, 0, 2;
    %load/vec4 v0x62d3130d5e30_0;
    %parti/s 1, 0, 2;
    %load/vec4 v0x62d3130d5fb0_0;
    %store/vec4 v0x62d3130d4370_0, 0, 4;
    %store/vec4 v0x62d3130d42b0_0, 0, 1;
    %store/vec4 v0x62d3130d41d0_0, 0, 1;
    %callf/vec4 TD_tb_alu.input_out1, S_0x62d3130d3ff0;
    %and;
T_32.483;
    %inv;
    %flag_set/vec4 8;
    %flag_get/vec4 8;
    %jmp/1 T_32.482, 8;
    %load/vec4 v0x62d3130d5d30_0;
    %parti/s 1, 0, 2;
    %load/vec4 v0x62d3130d5e30_0;
    %parti/s 1, 0, 2;
    %load/vec4 v0x62d3130d5fb0_0;
    %store/vec4 v0x62d3130d4370_0, 0, 4;
    %store/vec4 v0x62d3130d42b0_0, 0, 1;
    %store/vec4 v0x62d3130d41d0_0, 0, 1;
    %callf/vec4 TD_tb_alu.input_out1, S_0x62d3130d3ff0;
    %flag_set/vec4 8;
    %flag_get/vec4 8;
    %jmp/0 T_32.486, 8;
    %load/vec4 v0x62d3130d5f10_0;
    %inv;
    %and;
T_32.486;
    %or;
T_32.482;
    %ret/vec4 0, 0, 1;  Assign to x_general (store_vec4_to_lval)
    %end;
    .scope S_0x62d3130c6e30;
T_33 ;
    %wait E_0x62d312f29800;
    %load/vec4 v0x62d3130c7440_0;
    %pad/u 32;
    %cmpi/e 0, 0, 32;
    %jmp/0xz  T_33.0, 4;
    %load/vec4 v0x62d3130c72d0_0;
    %load/vec4 v0x62d3130c70f0_0;
    %load/vec4 v0x62d3130c7200_0;
    %load/vec4 v0x62d3130c7550_0;
    %store/vec4 v0x62d3130c0d30_0, 0, 4;
    %store/vec4 v0x62d3130c0bb0_0, 0, 4;
    %store/vec4 v0x62d3130c0ad0_0, 0, 4;
    %store/vec4 v0x62d3130c0c90_0, 0, 1;
    %callf/vec4 TD_$unit.co_bar_pick, S_0x62d3130c08d0;
    %store/vec4 v0x62d3130c73a0_0, 0, 1;
    %load/vec4 v0x62d3130c72d0_0;
    %load/vec4 v0x62d3130c70f0_0;
    %load/vec4 v0x62d3130c7200_0;
    %load/vec4 v0x62d3130c7550_0;
    %store/vec4 v0x62d3130c3b60_0, 0, 4;
    %store/vec4 v0x62d3130c39e0_0, 0, 4;
    %store/vec4 v0x62d3130c38e0_0, 0, 4;
    %store/vec4 v0x62d3130c3ac0_0, 0, 1;
    %callf/vec4 TD_$unit.x_pick, S_0x62d3130c3700;
    %store/vec4 v0x62d3130c7630_0, 0, 1;
    %jmp T_33.1;
T_33.0 ;
    %pushi/vec4 1, 0, 1;
    %store/vec4 v0x62d3130c73a0_0, 0, 1;
    %pushi/vec4 1, 0, 1;
    %store/vec4 v0x62d3130c7630_0, 0, 1;
T_33.1 ;
    %load/vec4 v0x62d3130c7440_0;
    %pad/u 32;
    %cmpi/e 0, 0, 32;
    %jmp/0xz  T_33.2, 4;
    %jmp T_33.3;
T_33.2 ;
    %pushi/vec4 0, 0, 1;
    %store/vec4 v0x62d3130c7630_0, 0, 1;
T_33.3 ;
    %jmp T_33;
    .thread T_33, $push;
    .scope S_0x62d3130a2e60;
T_34 ;
    %vpi_call/w 4 50 "$dumpfile", "tb_alu.vcd" {0 0 0};
    %vpi_call/w 4 51 "$dumpvars", 32'sb00000000000000000000000000000000, S_0x62d3130a2e60 {0 0 0};
    %end;
    .thread T_34;
    .scope S_0x62d3130a2e60;
T_35 ;
    %delay 1000, 0;
    %load/vec4 v0x62d3130d6e10_0;
    %inv;
    %store/vec4 v0x62d3130d6e10_0, 0, 1;
    %jmp T_35;
    .thread T_35;
    .scope S_0x62d3130a2e60;
T_36 ;
    %fork TD_tb_alu.initialize, S_0x62d3130d3b60;
    %join;
    %pushi/vec4 0, 0, 32;
    %store/vec4 v0x62d3130d72e0_0, 0, 32;
T_36.0 ;
    %load/vec4 v0x62d3130d72e0_0;
    %cmpi/s 2, 0, 32;
    %jmp/0xz T_36.1, 5;
    %fork TD_tb_alu.scan_file, S_0x62d3130d4fd0;
    %join;
    ; show_stmt_assign_vector: Get l-value for compressed += operand
    %load/vec4 v0x62d3130d72e0_0;
    %pushi/vec4 1, 0, 32;
    %add;
    %cast2;
    %store/vec4 v0x62d3130d72e0_0, 0, 32;
    %jmp T_36.0;
T_36.1 ;
    %end;
    .thread T_36;
    .scope S_0x62d3130a2e60;
T_37 ;
    %wait E_0x62d312fea750;
    %delay 120, 0;
    %load/vec4 v0x62d3130d7220_0;
    %nor/r;
    %flag_set/vec4 8;
    %jmp/0xz  T_37.0, 8;
    %fork TD_tb_alu.scan_file, S_0x62d3130d4fd0;
    %join;
T_37.0 ;
    %jmp T_37;
    .thread T_37;
    .scope S_0x62d3130a2e60;
T_38 ;
    %wait E_0x62d312fe9cd0;
    %fork TD_tb_alu.coverage_update, S_0x62d3130c61f0;
    %join;
    %load/vec4 v0x62d3130d61a0_0;
    %store/vec4 v0x62d3130d7480_0, 0, 4;
    %load/vec4 v0x62d3130d6430_0;
    %store/vec4 v0x62d3130d7560_0, 0, 4;
    %load/vec4 v0x62d3130d6d50_0;
    %store/vec4 v0x62d3130d77c0_0, 0, 4;
    %load/vec4 v0x62d3130d6cb0_0;
    %store/vec4 v0x62d3130d7700_0, 0, 1;
    %load/vec4 v0x62d3130d66e0_0;
    %store/vec4 v0x62d3130d7640_0, 0, 1;
    %delay 10, 0;
    %fork TD_tb_alu.X_EXP, S_0x62d3130c43b0;
    %join;
    %fork TD_tb_alu.AEQB_EXP, S_0x62d3130c3dd0;
    %join;
    %fork TD_tb_alu.Co_bar_EXP, S_0x62d3130c3fd0;
    %join;
    %fork TD_tb_alu.F_EXP, S_0x62d3130c41d0;
    %join;
    %fork TD_tb_alu.display_file, S_0x62d3130c63d0;
    %join;
    %fork TD_tb_alu.errors_warnings_check, S_0x62d3130d2a40;
    %join;
    %fork TD_tb_alu.vectorcount, S_0x62d3130d5970;
    %join;
    %jmp T_38;
    .thread T_38;
    .scope S_0x62d3130a2e60;
T_39 ;
T_39.0 ;
    %load/vec4 v0x62d3130d7220_0;
    %cmpi/ne 1, 0, 1;
    %jmp/0xz T_39.1, 6;
    %wait E_0x62d312fe9f60;
    %jmp T_39.0;
T_39.1 ;
    %vpi_call/w 4 949 "$display" {0 0 0};
    %vpi_call/w 4 950 "$display", "%13s ***time = %0d,eof ***", "\000", $time {0 0 0};
    %vpi_call/w 4 951 "$display" {0 0 0};
    %pushi/vec4 0, 0, 32;
    %store/vec4 v0x62d3130d72e0_0, 0, 32;
T_39.2 ;
    %load/vec4 v0x62d3130d72e0_0;
    %cmpi/s 50, 0, 32;
    %jmp/0xz T_39.3, 5;
    %load/vec4 v0x62d3130d6cb0_0;
    %pad/u 32;
    %cmpi/e 1, 0, 32;
    %flag_get/vec4 4;
    %jmp/0 T_39.7, 4;
    %load/vec4 v0x62d3130d66e0_0;
    %pad/u 32;
    %pushi/vec4 2, 0, 32;
    %cmp/e;
    %flag_get/vec4 4;
    %and;
T_39.7;
    %flag_set/vec4 9;
    %flag_get/vec4 9;
    %jmp/0 T_39.6, 9;
    %load/vec4 v0x62d3130d6d50_0;
    %pushi/vec4 0, 0, 4;
    %cmp/e;
    %flag_get/vec4 4;
    %and;
T_39.6;
    %flag_set/vec4 8;
    %jmp/0xz  T_39.4, 8;
    %fork TD_tb_alu.vectorcount, S_0x62d3130d5970;
    %join;
    %fork TD_tb_alu.close, S_0x62d3130c4590;
    %join;
    %jmp T_39.5;
T_39.4 ;
    %fork TD_tb_alu.random_in, S_0x62d3130d4df0;
    %join;
T_39.5 ;
    ; show_stmt_assign_vector: Get l-value for compressed += operand
    %load/vec4 v0x62d3130d72e0_0;
    %pushi/vec4 1, 0, 32;
    %add;
    %cast2;
    %store/vec4 v0x62d3130d72e0_0, 0, 32;
    %jmp T_39.2;
T_39.3 ;
    %fork TD_tb_alu.close, S_0x62d3130c4590;
    %join;
    %end;
    .thread T_39;
# The file index is used to find the file name in the following table.
:file_names 5;
    "N/A";
    "<interactive>";
    "-";
    "alu.v";
    "tb_alu.v";
